solid Plate 1x10 Silver
  facet normal 0.120530862 0 0.992709581
    outer loop
      vertex 3.700855 2.83 -61.213679
      vertex 4 1.83 -61.25
      vertex 4 2.83 -61.25
    endloop
  endfacet
  facet normal -0.120531259 0 0.992709532
    outer loop
      vertex 4 2.83 -61.25
      vertex 4 1.83 -61.25
      vertex 4.299144 1.83 -61.213679
    endloop
  endfacet
  facet normal -0.120531259 0 0.992709532
    outer loop
      vertex 4 2.83 -61.25
      vertex 4.299144 1.83 -61.213679
      vertex 4.299144 2.83 -61.213679
    endloop
  endfacet
  facet normal -0.354609317 0 0.935014563
    outer loop
      vertex 4.299144 2.83 -61.213679
      vertex 4.299144 1.83 -61.213679
      vertex 4.580904 1.83 -61.10682
    endloop
  endfacet
  facet normal -0.354609317 0 0.935014563
    outer loop
      vertex 4.299144 2.83 -61.213679
      vertex 4.580904 1.83 -61.10682
      vertex 4.580904 2.83 -61.10682
    endloop
  endfacet
  facet normal -0.568061713 0 0.82298596
    outer loop
      vertex 4.580904 2.83 -61.10682
      vertex 4.580904 1.83 -61.10682
      vertex 4.828903 1.83 -60.93564
    endloop
  endfacet
  facet normal -0.568061713 0 0.82298596
    outer loop
      vertex 4.580904 2.83 -61.10682
      vertex 4.828903 1.83 -60.93564
      vertex 4.828903 2.83 -60.93564
    endloop
  endfacet
  facet normal -0.748510667 0 0.663122749
    outer loop
      vertex 4.828903 2.83 -60.93564
      vertex 4.828903 1.83 -60.93564
      vertex 5.02873 1.83 -60.710082
    endloop
  endfacet
  facet normal -0.748510667 0 0.663122749
    outer loop
      vertex 4.828903 2.83 -60.93564
      vertex 5.02873 1.83 -60.710082
      vertex 5.02873 2.83 -60.710082
    endloop
  endfacet
  facet normal -0.885454712 0 0.464725674
    outer loop
      vertex 5.02873 2.83 -60.710082
      vertex 5.02873 1.83 -60.710082
      vertex 5.168771 1.83 -60.443258
    endloop
  endfacet
  facet normal -0.885454712 0 0.464725674
    outer loop
      vertex 5.02873 2.83 -60.710082
      vertex 5.168771 1.83 -60.443258
      vertex 5.168771 2.83 -60.443258
    endloop
  endfacet
  facet normal -0.970942757 0 0.239311852
    outer loop
      vertex 5.168771 2.83 -60.443258
      vertex 5.168771 1.83 -60.443258
      vertex 5.240886 1.83 -60.150671
    endloop
  endfacet
  facet normal -0.970942757 0 0.239311852
    outer loop
      vertex 5.168771 2.83 -60.443258
      vertex 5.240886 1.83 -60.150671
      vertex 5.240886 2.83 -60.150671
    endloop
  endfacet
  facet normal -1 0 0
    outer loop
      vertex 5.240886 2.83 -60.150671
      vertex 5.240886 1.83 -60.150671
      vertex 5.240886 1.83 -59.849329
    endloop
  endfacet
  facet normal -1 0 0
    outer loop
      vertex 5.240886 2.83 -60.150671
      vertex 5.240886 1.83 -59.849329
      vertex 5.240886 2.83 -59.849329
    endloop
  endfacet
  facet normal -0.970942757 -0 -0.239311852
    outer loop
      vertex 5.240886 2.83 -59.849329
      vertex 5.240886 1.83 -59.849329
      vertex 5.168771 1.83 -59.556742
    endloop
  endfacet
  facet normal -0.970942757 0 -0.239311852
    outer loop
      vertex 5.240886 2.83 -59.849329
      vertex 5.168771 1.83 -59.556742
      vertex 5.168771 2.83 -59.556742
    endloop
  endfacet
  facet normal -0.885454712 -0 -0.464725674
    outer loop
      vertex 5.168771 2.83 -59.556742
      vertex 5.168771 1.83 -59.556742
      vertex 5.02873 1.83 -59.289918
    endloop
  endfacet
  facet normal -0.885454712 0 -0.464725674
    outer loop
      vertex 5.168771 2.83 -59.556742
      vertex 5.02873 1.83 -59.289918
      vertex 5.02873 2.83 -59.289918
    endloop
  endfacet
  facet normal -0.748510667 -0 -0.663122749
    outer loop
      vertex 5.02873 2.83 -59.289918
      vertex 5.02873 1.83 -59.289918
      vertex 4.828903 1.83 -59.06436
    endloop
  endfacet
  facet normal -0.748510667 0 -0.663122749
    outer loop
      vertex 5.02873 2.83 -59.289918
      vertex 4.828903 1.83 -59.06436
      vertex 4.828903 2.83 -59.06436
    endloop
  endfacet
  facet normal -0.568061713 -0 -0.82298596
    outer loop
      vertex 4.828903 2.83 -59.06436
      vertex 4.828903 1.83 -59.06436
      vertex 4.580904 1.83 -58.89318
    endloop
  endfacet
  facet normal -0.568061713 0 -0.82298596
    outer loop
      vertex 4.828903 2.83 -59.06436
      vertex 4.580904 1.83 -58.89318
      vertex 4.580904 2.83 -58.89318
    endloop
  endfacet
  facet normal -0.354609317 -0 -0.935014563
    outer loop
      vertex 4.580904 2.83 -58.89318
      vertex 4.580904 1.83 -58.89318
      vertex 4.299144 1.83 -58.786321
    endloop
  endfacet
  facet normal -0.354609317 0 -0.935014563
    outer loop
      vertex 4.580904 2.83 -58.89318
      vertex 4.299144 1.83 -58.786321
      vertex 4.299144 2.83 -58.786321
    endloop
  endfacet
  facet normal -0.120531259 -0 -0.992709532
    outer loop
      vertex 4.299144 2.83 -58.786321
      vertex 4.299144 1.83 -58.786321
      vertex 4 2.83 -58.75
    endloop
  endfacet
  facet normal -0.120531259 -0 -0.992709532
    outer loop
      vertex 4 2.83 -58.75
      vertex 4.299144 1.83 -58.786321
      vertex 4 1.83 -58.75
    endloop
  endfacet
  facet normal 0.120530862 0 -0.992709581
    outer loop
      vertex 4 2.83 -58.75
      vertex 4 1.83 -58.75
      vertex 3.700855 2.83 -58.786321
    endloop
  endfacet
  facet normal 0.120530862 0 -0.992709581
    outer loop
      vertex 3.700855 2.83 -58.786321
      vertex 4 1.83 -58.75
      vertex 3.700855 1.83 -58.786321
    endloop
  endfacet
  facet normal 0.354610417 0 -0.935014145
    outer loop
      vertex 3.700855 2.83 -58.786321
      vertex 3.700855 1.83 -58.786321
      vertex 3.419096 1.83 -58.89318
    endloop
  endfacet
  facet normal 0.120530862 0 0.992709581
    outer loop
      vertex 4 1.83 -61.25
      vertex 3.700855 2.83 -61.213679
      vertex 3.700855 1.83 -61.213679
    endloop
  endfacet
  facet normal 0.354610417 -0 0.935014145
    outer loop
      vertex 3.700855 1.83 -61.213679
      vertex 3.700855 2.83 -61.213679
      vertex 3.419096 2.83 -61.10682
    endloop
  endfacet
  facet normal 0.354610417 0 0.935014145
    outer loop
      vertex 3.700855 1.83 -61.213679
      vertex 3.419096 2.83 -61.10682
      vertex 3.419096 1.83 -61.10682
    endloop
  endfacet
  facet normal 0.568061713 -0 0.82298596
    outer loop
      vertex 3.419096 1.83 -61.10682
      vertex 3.419096 2.83 -61.10682
      vertex 3.171097 2.83 -60.93564
    endloop
  endfacet
  facet normal 0.568061713 0 0.82298596
    outer loop
      vertex 3.419096 1.83 -61.10682
      vertex 3.171097 2.83 -60.93564
      vertex 3.171097 1.83 -60.93564
    endloop
  endfacet
  facet normal 0.748510667 -0 0.663122749
    outer loop
      vertex 3.171097 1.83 -60.93564
      vertex 3.171097 2.83 -60.93564
      vertex 2.97127 2.83 -60.710082
    endloop
  endfacet
  facet normal 0.748510667 0 0.663122749
    outer loop
      vertex 3.171097 1.83 -60.93564
      vertex 2.97127 2.83 -60.710082
      vertex 2.97127 1.83 -60.710082
    endloop
  endfacet
  facet normal 0.885456078 -0 0.464723073
    outer loop
      vertex 2.97127 1.83 -60.710082
      vertex 2.97127 2.83 -60.710082
      vertex 2.83123 2.83 -60.443258
    endloop
  endfacet
  facet normal 0.885456078 0 0.464723073
    outer loop
      vertex 2.97127 1.83 -60.710082
      vertex 2.83123 2.83 -60.443258
      vertex 2.83123 1.83 -60.443258
    endloop
  endfacet
  facet normal 0.970941986 -0 0.239314981
    outer loop
      vertex 2.83123 1.83 -60.443258
      vertex 2.83123 2.83 -60.443258
      vertex 2.759114 2.83 -60.150671
    endloop
  endfacet
  facet normal 0.970941986 0 0.239314981
    outer loop
      vertex 2.83123 1.83 -60.443258
      vertex 2.759114 2.83 -60.150671
      vertex 2.759114 1.83 -60.150671
    endloop
  endfacet
  facet normal 1 0 0
    outer loop
      vertex 2.759114 1.83 -60.150671
      vertex 2.759114 2.83 -60.150671
      vertex 2.759114 2.83 -59.849329
    endloop
  endfacet
  facet normal 1 0 0
    outer loop
      vertex 2.759114 1.83 -60.150671
      vertex 2.759114 2.83 -59.849329
      vertex 2.759114 1.83 -59.849329
    endloop
  endfacet
  facet normal 0.970941986 0 -0.239314981
    outer loop
      vertex 2.759114 1.83 -59.849329
      vertex 2.759114 2.83 -59.849329
      vertex 2.83123 2.83 -59.556742
    endloop
  endfacet
  facet normal 0.970941986 0 -0.239314981
    outer loop
      vertex 2.759114 1.83 -59.849329
      vertex 2.83123 2.83 -59.556742
      vertex 2.83123 1.83 -59.556742
    endloop
  endfacet
  facet normal 0.885456078 0 -0.464723073
    outer loop
      vertex 2.83123 1.83 -59.556742
      vertex 2.83123 2.83 -59.556742
      vertex 2.97127 2.83 -59.289918
    endloop
  endfacet
  facet normal 0.885456078 0 -0.464723073
    outer loop
      vertex 2.83123 1.83 -59.556742
      vertex 2.97127 2.83 -59.289918
      vertex 2.97127 1.83 -59.289918
    endloop
  endfacet
  facet normal 0.748510667 0 -0.663122749
    outer loop
      vertex 2.97127 1.83 -59.289918
      vertex 2.97127 2.83 -59.289918
      vertex 3.171097 2.83 -59.06436
    endloop
  endfacet
  facet normal 0.748510667 0 -0.663122749
    outer loop
      vertex 2.97127 1.83 -59.289918
      vertex 3.171097 2.83 -59.06436
      vertex 3.171097 1.83 -59.06436
    endloop
  endfacet
  facet normal 0.568061713 0 -0.82298596
    outer loop
      vertex 3.171097 1.83 -59.06436
      vertex 3.171097 2.83 -59.06436
      vertex 3.419096 2.83 -58.89318
    endloop
  endfacet
  facet normal 0.568061713 0 -0.82298596
    outer loop
      vertex 3.171097 1.83 -59.06436
      vertex 3.419096 2.83 -58.89318
      vertex 3.419096 1.83 -58.89318
    endloop
  endfacet
  facet normal 0.354610417 0 -0.935014145
    outer loop
      vertex 3.419096 1.83 -58.89318
      vertex 3.419096 2.83 -58.89318
      vertex 3.700855 2.83 -58.786321
    endloop
  endfacet
  facet normal -0 -1 0
    outer loop
      vertex 4.299144 2.83 -69.213676
      vertex 4.299144 2.83 -66.786323
      vertex 4 2.83 -69.250002
    endloop
  endfacet
  facet normal 0 -1 0
    outer loop
      vertex 4 2.83 -69.250002
      vertex 4.299144 2.83 -66.786323
      vertex 4 2.83 -66.750002
    endloop
  endfacet
  facet normal 0 -1 0
    outer loop
      vertex 4 2.83 -69.250002
      vertex 4 2.83 -66.750002
      vertex 3.700855 2.83 -69.213676
    endloop
  endfacet
  facet normal 0 -1 0
    outer loop
      vertex 3.700855 2.83 -69.213676
      vertex 4 2.83 -66.750002
      vertex 3.700855 2.83 -66.786323
    endloop
  endfacet
  facet normal 0 -1 0
    outer loop
      vertex 3.700855 2.83 -69.213676
      vertex 3.700855 2.83 -66.786323
      vertex 3.419096 2.83 -69.106822
    endloop
  endfacet
  facet normal 0 -1 0
    outer loop
      vertex 3.419096 2.83 -69.106822
      vertex 3.700855 2.83 -66.786323
      vertex 3.419096 2.83 -66.893182
    endloop
  endfacet
  facet normal 0 -1 0
    outer loop
      vertex 3.419096 2.83 -69.106822
      vertex 3.419096 2.83 -66.893182
      vertex 3.171097 2.83 -68.935637
    endloop
  endfacet
  facet normal 0 -1 0
    outer loop
      vertex 3.171097 2.83 -68.935637
      vertex 3.419096 2.83 -66.893182
      vertex 3.171097 2.83 -67.064362
    endloop
  endfacet
  facet normal 0 -1 0
    outer loop
      vertex 3.171097 2.83 -68.935637
      vertex 3.171097 2.83 -67.064362
      vertex 2.97127 2.83 -68.710079
    endloop
  endfacet
  facet normal 0 -1 0
    outer loop
      vertex 2.97127 2.83 -68.710079
      vertex 3.171097 2.83 -67.064362
      vertex 2.97127 2.83 -67.28992
    endloop
  endfacet
  facet normal 0 -1 0
    outer loop
      vertex 2.97127 2.83 -68.710079
      vertex 2.97127 2.83 -67.28992
      vertex 2.83123 2.83 -68.443255
    endloop
  endfacet
  facet normal 0 -1 0
    outer loop
      vertex 2.83123 2.83 -68.443255
      vertex 2.97127 2.83 -67.28992
      vertex 2.83123 2.83 -67.556744
    endloop
  endfacet
  facet normal 0 -1 0
    outer loop
      vertex 2.83123 2.83 -68.443255
      vertex 2.83123 2.83 -67.556744
      vertex 2.759114 2.83 -68.150673
    endloop
  endfacet
  facet normal 0 -1 0
    outer loop
      vertex 2.759114 2.83 -68.150673
      vertex 2.83123 2.83 -67.556744
      vertex 2.759114 2.83 -67.849331
    endloop
  endfacet
  facet normal 0 -1 0
    outer loop
      vertex 4.299144 2.83 -66.786323
      vertex 4.299144 2.83 -69.213676
      vertex 4.580904 2.83 -66.893182
    endloop
  endfacet
  facet normal 0 -1 -0
    outer loop
      vertex 4.580904 2.83 -66.893182
      vertex 4.299144 2.83 -69.213676
      vertex 4.580904 2.83 -69.106822
    endloop
  endfacet
  facet normal 0 -1 0
    outer loop
      vertex 4.580904 2.83 -66.893182
      vertex 4.580904 2.83 -69.106822
      vertex 4.828903 2.83 -67.064362
    endloop
  endfacet
  facet normal 0 -1 -0
    outer loop
      vertex 4.828903 2.83 -67.064362
      vertex 4.580904 2.83 -69.106822
      vertex 4.828903 2.83 -68.935637
    endloop
  endfacet
  facet normal 0 -1 0
    outer loop
      vertex 4.828903 2.83 -67.064362
      vertex 4.828903 2.83 -68.935637
      vertex 5.02873 2.83 -67.28992
    endloop
  endfacet
  facet normal 0 -1 -0
    outer loop
      vertex 5.02873 2.83 -67.28992
      vertex 4.828903 2.83 -68.935637
      vertex 5.02873 2.83 -68.710079
    endloop
  endfacet
  facet normal 0 -1 0
    outer loop
      vertex 5.02873 2.83 -67.28992
      vertex 5.02873 2.83 -68.710079
      vertex 5.168771 2.83 -67.556744
    endloop
  endfacet
  facet normal 0 -1 -0
    outer loop
      vertex 5.168771 2.83 -67.556744
      vertex 5.02873 2.83 -68.710079
      vertex 5.168771 2.83 -68.443255
    endloop
  endfacet
  facet normal 0 -1 0
    outer loop
      vertex 5.168771 2.83 -67.556744
      vertex 5.168771 2.83 -68.443255
      vertex 5.240886 2.83 -67.849331
    endloop
  endfacet
  facet normal 0 -1 -0
    outer loop
      vertex 5.240886 2.83 -67.849331
      vertex 5.168771 2.83 -68.443255
      vertex 5.240886 2.83 -68.150673
    endloop
  endfacet
  facet normal -0 -1 0
    outer loop
      vertex 4.299144 2.83 -61.213679
      vertex 4.299144 2.83 -58.786321
      vertex 4 2.83 -61.25
    endloop
  endfacet
  facet normal 0 -1 0
    outer loop
      vertex 4 2.83 -61.25
      vertex 4.299144 2.83 -58.786321
      vertex 4 2.83 -58.75
    endloop
  endfacet
  facet normal 0 -1 0
    outer loop
      vertex 4 2.83 -61.25
      vertex 4 2.83 -58.75
      vertex 3.700855 2.83 -61.213679
    endloop
  endfacet
  facet normal 0 -1 0
    outer loop
      vertex 3.700855 2.83 -61.213679
      vertex 4 2.83 -58.75
      vertex 3.700855 2.83 -58.786321
    endloop
  endfacet
  facet normal 0 -1 0
    outer loop
      vertex 3.700855 2.83 -61.213679
      vertex 3.700855 2.83 -58.786321
      vertex 3.419096 2.83 -61.10682
    endloop
  endfacet
  facet normal 0 -1 0
    outer loop
      vertex 3.419096 2.83 -61.10682
      vertex 3.700855 2.83 -58.786321
      vertex 3.419096 2.83 -58.89318
    endloop
  endfacet
  facet normal 0 -1 0
    outer loop
      vertex 3.419096 2.83 -61.10682
      vertex 3.419096 2.83 -58.89318
      vertex 3.171097 2.83 -60.93564
    endloop
  endfacet
  facet normal 0 -1 0
    outer loop
      vertex 3.171097 2.83 -60.93564
      vertex 3.419096 2.83 -58.89318
      vertex 3.171097 2.83 -59.06436
    endloop
  endfacet
  facet normal 0 -1 0
    outer loop
      vertex 3.171097 2.83 -60.93564
      vertex 3.171097 2.83 -59.06436
      vertex 2.97127 2.83 -60.710082
    endloop
  endfacet
  facet normal 0 -1 0
    outer loop
      vertex 2.97127 2.83 -60.710082
      vertex 3.171097 2.83 -59.06436
      vertex 2.97127 2.83 -59.289918
    endloop
  endfacet
  facet normal 0 -1 0
    outer loop
      vertex 2.97127 2.83 -60.710082
      vertex 2.97127 2.83 -59.289918
      vertex 2.83123 2.83 -60.443258
    endloop
  endfacet
  facet normal 0 -1 0
    outer loop
      vertex 2.83123 2.83 -60.443258
      vertex 2.97127 2.83 -59.289918
      vertex 2.83123 2.83 -59.556742
    endloop
  endfacet
  facet normal 0 -1 0
    outer loop
      vertex 2.83123 2.83 -60.443258
      vertex 2.83123 2.83 -59.556742
      vertex 2.759114 2.83 -60.150671
    endloop
  endfacet
  facet normal 0 -1 0
    outer loop
      vertex 2.759114 2.83 -60.150671
      vertex 2.83123 2.83 -59.556742
      vertex 2.759114 2.83 -59.849329
    endloop
  endfacet
  facet normal 0 -1 0
    outer loop
      vertex 4.299144 2.83 -58.786321
      vertex 4.299144 2.83 -61.213679
      vertex 4.580904 2.83 -58.89318
    endloop
  endfacet
  facet normal 0 -1 -0
    outer loop
      vertex 4.580904 2.83 -58.89318
      vertex 4.299144 2.83 -61.213679
      vertex 4.580904 2.83 -61.10682
    endloop
  endfacet
  facet normal 0 -1 0
    outer loop
      vertex 4.580904 2.83 -58.89318
      vertex 4.580904 2.83 -61.10682
      vertex 4.828903 2.83 -59.06436
    endloop
  endfacet
  facet normal 0 -1 -0
    outer loop
      vertex 4.828903 2.83 -59.06436
      vertex 4.580904 2.83 -61.10682
      vertex 4.828903 2.83 -60.93564
    endloop
  endfacet
  facet normal 0 -1 0
    outer loop
      vertex 4.828903 2.83 -59.06436
      vertex 4.828903 2.83 -60.93564
      vertex 5.02873 2.83 -59.289918
    endloop
  endfacet
  facet normal 0 -1 -0
    outer loop
      vertex 5.02873 2.83 -59.289918
      vertex 4.828903 2.83 -60.93564
      vertex 5.02873 2.83 -60.710082
    endloop
  endfacet
  facet normal 0 -1 0
    outer loop
      vertex 5.02873 2.83 -59.289918
      vertex 5.02873 2.83 -60.710082
      vertex 5.168771 2.83 -59.556742
    endloop
  endfacet
  facet normal 0 -1 -0
    outer loop
      vertex 5.168771 2.83 -59.556742
      vertex 5.02873 2.83 -60.710082
      vertex 5.168771 2.83 -60.443258
    endloop
  endfacet
  facet normal 0 -1 0
    outer loop
      vertex 5.168771 2.83 -59.556742
      vertex 5.168771 2.83 -60.443258
      vertex 5.240886 2.83 -59.849329
    endloop
  endfacet
  facet normal 0 -1 -0
    outer loop
      vertex 5.240886 2.83 -59.849329
      vertex 5.168771 2.83 -60.443258
      vertex 5.240886 2.83 -60.150671
    endloop
  endfacet
  facet normal -0 -1 0
    outer loop
      vertex 4.299144 2.83 -53.213677
      vertex 4.299144 2.83 -50.786324
      vertex 4 2.83 -53.249998
    endloop
  endfacet
  facet normal 0 -1 0
    outer loop
      vertex 4 2.83 -53.249998
      vertex 4.299144 2.83 -50.786324
      vertex 4 2.83 -50.749998
    endloop
  endfacet
  facet normal 0 -1 0
    outer loop
      vertex 4 2.83 -53.249998
      vertex 4 2.83 -50.749998
      vertex 3.700855 2.83 -53.213677
    endloop
  endfacet
  facet normal 0 -1 0
    outer loop
      vertex 3.700855 2.83 -53.213677
      vertex 4 2.83 -50.749998
      vertex 3.700855 2.83 -50.786324
    endloop
  endfacet
  facet normal 0 -1 0
    outer loop
      vertex 3.700855 2.83 -53.213677
      vertex 3.700855 2.83 -50.786324
      vertex 3.419096 2.83 -53.106818
    endloop
  endfacet
  facet normal 0 -1 0
    outer loop
      vertex 3.419096 2.83 -53.106818
      vertex 3.700855 2.83 -50.786324
      vertex 3.419096 2.83 -50.893178
    endloop
  endfacet
  facet normal 0 -1 0
    outer loop
      vertex 3.419096 2.83 -53.106818
      vertex 3.419096 2.83 -50.893178
      vertex 3.171097 2.83 -52.935638
    endloop
  endfacet
  facet normal 0 -1 0
    outer loop
      vertex 3.171097 2.83 -52.935638
      vertex 3.419096 2.83 -50.893178
      vertex 3.171097 2.83 -51.064363
    endloop
  endfacet
  facet normal 0 -1 0
    outer loop
      vertex 3.171097 2.83 -52.935638
      vertex 3.171097 2.83 -51.064363
      vertex 2.97127 2.83 -52.71008
    endloop
  endfacet
  facet normal 0 -1 0
    outer loop
      vertex 2.97127 2.83 -52.71008
      vertex 3.171097 2.83 -51.064363
      vertex 2.97127 2.83 -51.289921
    endloop
  endfacet
  facet normal 0 -1 0
    outer loop
      vertex 2.97127 2.83 -52.71008
      vertex 2.97127 2.83 -51.289921
      vertex 2.83123 2.83 -52.443256
    endloop
  endfacet
  facet normal 0 -1 0
    outer loop
      vertex 2.83123 2.83 -52.443256
      vertex 2.97127 2.83 -51.289921
      vertex 2.83123 2.83 -51.556745
    endloop
  endfacet
  facet normal 0 -1 0
    outer loop
      vertex 2.83123 2.83 -52.443256
      vertex 2.83123 2.83 -51.556745
      vertex 2.759114 2.83 -52.150669
    endloop
  endfacet
  facet normal 0 -1 0
    outer loop
      vertex 2.759114 2.83 -52.150669
      vertex 2.83123 2.83 -51.556745
      vertex 2.759114 2.83 -51.849327
    endloop
  endfacet
  facet normal 0 -1 0
    outer loop
      vertex 4.299144 2.83 -50.786324
      vertex 4.299144 2.83 -53.213677
      vertex 4.580904 2.83 -50.893178
    endloop
  endfacet
  facet normal 0 -1 -0
    outer loop
      vertex 4.580904 2.83 -50.893178
      vertex 4.299144 2.83 -53.213677
      vertex 4.580904 2.83 -53.106818
    endloop
  endfacet
  facet normal 0 -1 0
    outer loop
      vertex 4.580904 2.83 -50.893178
      vertex 4.580904 2.83 -53.106818
      vertex 4.828903 2.83 -51.064363
    endloop
  endfacet
  facet normal 0 -1 -0
    outer loop
      vertex 4.828903 2.83 -51.064363
      vertex 4.580904 2.83 -53.106818
      vertex 4.828903 2.83 -52.935638
    endloop
  endfacet
  facet normal 0 -1 0
    outer loop
      vertex 4.828903 2.83 -51.064363
      vertex 4.828903 2.83 -52.935638
      vertex 5.02873 2.83 -51.289921
    endloop
  endfacet
  facet normal 0 -1 -0
    outer loop
      vertex 5.02873 2.83 -51.289921
      vertex 4.828903 2.83 -52.935638
      vertex 5.02873 2.83 -52.71008
    endloop
  endfacet
  facet normal 0 -1 0
    outer loop
      vertex 5.02873 2.83 -51.289921
      vertex 5.02873 2.83 -52.71008
      vertex 5.168771 2.83 -51.556745
    endloop
  endfacet
  facet normal 0 -1 -0
    outer loop
      vertex 5.168771 2.83 -51.556745
      vertex 5.02873 2.83 -52.71008
      vertex 5.168771 2.83 -52.443256
    endloop
  endfacet
  facet normal 0 -1 0
    outer loop
      vertex 5.168771 2.83 -51.556745
      vertex 5.168771 2.83 -52.443256
      vertex 5.240886 2.83 -51.849327
    endloop
  endfacet
  facet normal 0 -1 -0
    outer loop
      vertex 5.240886 2.83 -51.849327
      vertex 5.168771 2.83 -52.443256
      vertex 5.240886 2.83 -52.150669
    endloop
  endfacet
  facet normal -0.11196389 0 -0.993712276
    outer loop
      vertex 3.691218 0.025 -49.487391
      vertex 3.691218 1.83 -49.487391
      vertex 4.025 0.025 -49.524999
    endloop
  endfacet
  facet normal -0.11196389 0 -0.993712276
    outer loop
      vertex 4.025 0.025 -49.524999
      vertex 3.691218 1.83 -49.487391
      vertex 4.025 1.83 -49.524999
    endloop
  endfacet
  facet normal 0.111964222 0 -0.993712239
    outer loop
      vertex 4.025 0.025 -49.524999
      vertex 4.025 1.83 -49.524999
      vertex 4.358781 0.025 -49.487391
    endloop
  endfacet
  facet normal 0.111964222 0 -0.993712239
    outer loop
      vertex 4.358781 0.025 -49.487391
      vertex 4.025 1.83 -49.524999
      vertex 4.358781 1.83 -49.487391
    endloop
  endfacet
  facet normal 0.330274172 0 -0.943885041
    outer loop
      vertex 4.358781 0.025 -49.487391
      vertex 4.358781 1.83 -49.487391
      vertex 4.675826 0.025 -49.376454
    endloop
  endfacet
  facet normal 0.330274172 0 -0.943885041
    outer loop
      vertex 4.675826 0.025 -49.376454
      vertex 4.358781 1.83 -49.487391
      vertex 4.675826 1.83 -49.376454
    endloop
  endfacet
  facet normal 0.532038439 0 -0.846720201
    outer loop
      vertex 4.675826 0.025 -49.376454
      vertex 4.675826 1.83 -49.376454
      vertex 4.960235 0.025 -49.197745
    endloop
  endfacet
  facet normal 0.532038439 0 -0.846720201
    outer loop
      vertex 4.960235 0.025 -49.197745
      vertex 4.675826 1.83 -49.376454
      vertex 4.960235 1.83 -49.197745
    endloop
  endfacet
  facet normal 0.707106781 0 -0.707106781
    outer loop
      vertex 4.960235 0.025 -49.197745
      vertex 4.960235 1.83 -49.197745
      vertex 5.197747 0.025 -48.960233
    endloop
  endfacet
  facet normal 0.707106781 0 -0.707106781
    outer loop
      vertex 5.197747 0.025 -48.960233
      vertex 4.960235 1.83 -49.197745
      vertex 5.197747 1.83 -48.960233
    endloop
  endfacet
  facet normal 0.846720854 0 -0.532037401
    outer loop
      vertex 5.197747 0.025 -48.960233
      vertex 5.197747 1.83 -48.960233
      vertex 5.376453 0.025 -48.675828
    endloop
  endfacet
  facet normal 0.846720854 0 -0.532037401
    outer loop
      vertex 5.376453 0.025 -48.675828
      vertex 5.197747 1.83 -48.960233
      vertex 5.376453 1.83 -48.675828
    endloop
  endfacet
  facet normal 0.94388286 0 -0.330280405
    outer loop
      vertex 5.376453 0.025 -48.675828
      vertex 5.376453 1.83 -48.675828
      vertex 5.487392 0.025 -48.358784
    endloop
  endfacet
  facet normal 0.94388286 0 -0.330280405
    outer loop
      vertex 5.487392 0.025 -48.358784
      vertex 5.376453 1.83 -48.675828
      vertex 5.487392 1.83 -48.358784
    endloop
  endfacet
  facet normal 0.993712425 0 -0.111962565
    outer loop
      vertex 5.487392 0.025 -48.358784
      vertex 5.487392 1.83 -48.358784
      vertex 5.525 0.025 -48.024998
    endloop
  endfacet
  facet normal 0.993712425 0 -0.111962565
    outer loop
      vertex 5.525 0.025 -48.024998
      vertex 5.487392 1.83 -48.358784
      vertex 5.525 1.83 -48.024998
    endloop
  endfacet
  facet normal 0.993712276 -0 0.11196389
    outer loop
      vertex 5.525 0.025 -48.024998
      vertex 5.525 1.83 -48.024998
      vertex 5.487392 0.025 -47.691216
    endloop
  endfacet
  facet normal 0.993712276 -0 0.11196389
    outer loop
      vertex 5.487392 0.025 -47.691216
      vertex 5.525 1.83 -48.024998
      vertex 5.487392 1.83 -47.691216
    endloop
  endfacet
  facet normal 0.94388286 -0 0.330280405
    outer loop
      vertex 5.487392 0.025 -47.691216
      vertex 5.487392 1.83 -47.691216
      vertex 5.376453 0.025 -47.374172
    endloop
  endfacet
  facet normal 0.94388286 -0 0.330280405
    outer loop
      vertex 5.376453 0.025 -47.374172
      vertex 5.487392 1.83 -47.691216
      vertex 5.376453 1.83 -47.374172
    endloop
  endfacet
  facet normal 0.846720854 -0 0.532037401
    outer loop
      vertex 5.376453 0.025 -47.374172
      vertex 5.376453 1.83 -47.374172
      vertex 5.197747 0.025 -47.089767
    endloop
  endfacet
  facet normal 0.846720854 -0 0.532037401
    outer loop
      vertex 5.197747 0.025 -47.089767
      vertex 5.376453 1.83 -47.374172
      vertex 5.197747 1.83 -47.089767
    endloop
  endfacet
  facet normal 0.707106781 -0 0.707106781
    outer loop
      vertex 5.197747 0.025 -47.089767
      vertex 5.197747 1.83 -47.089767
      vertex 4.960235 0.025 -46.852255
    endloop
  endfacet
  facet normal 0.707106781 -0 0.707106781
    outer loop
      vertex 4.960235 0.025 -46.852255
      vertex 5.197747 1.83 -47.089767
      vertex 4.960235 1.83 -46.852255
    endloop
  endfacet
  facet normal 0.532038439 -0 0.846720201
    outer loop
      vertex 4.960235 0.025 -46.852255
      vertex 4.960235 1.83 -46.852255
      vertex 4.675826 0.025 -46.673546
    endloop
  endfacet
  facet normal 0.532038439 -0 0.846720201
    outer loop
      vertex 4.675826 0.025 -46.673546
      vertex 4.960235 1.83 -46.852255
      vertex 4.675826 1.83 -46.673546
    endloop
  endfacet
  facet normal 0.33027152 -0 0.943885969
    outer loop
      vertex 4.675826 0.025 -46.673546
      vertex 4.675826 1.83 -46.673546
      vertex 4.358781 0.025 -46.56261
    endloop
  endfacet
  facet normal 0.33027152 -0 0.943885969
    outer loop
      vertex 4.358781 0.025 -46.56261
      vertex 4.675826 1.83 -46.673546
      vertex 4.358781 1.83 -46.56261
    endloop
  endfacet
  facet normal 0.111964222 -0 0.993712239
    outer loop
      vertex 4.358781 0.025 -46.56261
      vertex 4.358781 1.83 -46.56261
      vertex 4.025 0.025 -46.525002
    endloop
  endfacet
  facet normal 0.111964222 -0 0.993712239
    outer loop
      vertex 4.025 0.025 -46.525002
      vertex 4.358781 1.83 -46.56261
      vertex 4.025 1.83 -46.525002
    endloop
  endfacet
  facet normal -0.11196389 0 0.993712276
    outer loop
      vertex 4.025 0.025 -46.525002
      vertex 4.025 1.83 -46.525002
      vertex 3.691218 0.025 -46.56261
    endloop
  endfacet
  facet normal -0.11196389 0 0.993712276
    outer loop
      vertex 3.691218 0.025 -46.56261
      vertex 4.025 1.83 -46.525002
      vertex 3.691218 1.83 -46.56261
    endloop
  endfacet
  facet normal -0.330273376 0 0.94388532
    outer loop
      vertex 3.691218 0.025 -46.56261
      vertex 3.691218 1.83 -46.56261
      vertex 3.374175 0.025 -46.673546
    endloop
  endfacet
  facet normal -0.330273376 0 0.94388532
    outer loop
      vertex 3.374175 0.025 -46.673546
      vertex 3.691218 1.83 -46.56261
      vertex 3.374175 1.83 -46.673546
    endloop
  endfacet
  facet normal -0.532037098 0 0.846721044
    outer loop
      vertex 3.374175 0.025 -46.673546
      vertex 3.374175 1.83 -46.673546
      vertex 3.089765 0.025 -46.852255
    endloop
  endfacet
  facet normal -0.532037098 0 0.846721044
    outer loop
      vertex 3.089765 0.025 -46.852255
      vertex 3.374175 1.83 -46.673546
      vertex 3.089765 1.83 -46.852255
    endloop
  endfacet
  facet normal -0.707106781 0 0.707106781
    outer loop
      vertex 3.089765 0.025 -46.852255
      vertex 3.089765 1.83 -46.852255
      vertex 2.852253 0.025 -47.089767
    endloop
  endfacet
  facet normal -0.707106781 0 0.707106781
    outer loop
      vertex 2.852253 0.025 -47.089767
      vertex 3.089765 1.83 -46.852255
      vertex 2.852253 1.83 -47.089767
    endloop
  endfacet
  facet normal -0.846720854 0 0.532037401
    outer loop
      vertex 2.852253 0.025 -47.089767
      vertex 2.852253 1.83 -47.089767
      vertex 2.673547 0.025 -47.374172
    endloop
  endfacet
  facet normal -0.846720854 0 0.532037401
    outer loop
      vertex 2.673547 0.025 -47.374172
      vertex 2.852253 1.83 -47.089767
      vertex 2.673547 1.83 -47.374172
    endloop
  endfacet
  facet normal -0.94388286 0 0.330280405
    outer loop
      vertex 2.673547 0.025 -47.374172
      vertex 2.673547 1.83 -47.374172
      vertex 2.562608 0.025 -47.691216
    endloop
  endfacet
  facet normal -0.94388286 0 0.330280405
    outer loop
      vertex 2.562608 0.025 -47.691216
      vertex 2.673547 1.83 -47.374172
      vertex 2.562608 1.83 -47.691216
    endloop
  endfacet
  facet normal -0.993712276 0 0.11196389
    outer loop
      vertex 2.562608 0.025 -47.691216
      vertex 2.562608 1.83 -47.691216
      vertex 2.525 0.025 -48.024998
    endloop
  endfacet
  facet normal -0.993712276 0 0.11196389
    outer loop
      vertex 2.525 0.025 -48.024998
      vertex 2.562608 1.83 -47.691216
      vertex 2.525 1.83 -48.024998
    endloop
  endfacet
  facet normal -0.993712425 0 -0.111962565
    outer loop
      vertex 2.525 0.025 -48.024998
      vertex 2.525 1.83 -48.024998
      vertex 2.562608 0.025 -48.358784
    endloop
  endfacet
  facet normal -0.993712425 0 -0.111962565
    outer loop
      vertex 2.562608 0.025 -48.358784
      vertex 2.525 1.83 -48.024998
      vertex 2.562608 1.83 -48.358784
    endloop
  endfacet
  facet normal -0.94388286 0 -0.330280405
    outer loop
      vertex 2.562608 0.025 -48.358784
      vertex 2.562608 1.83 -48.358784
      vertex 2.673547 0.025 -48.675828
    endloop
  endfacet
  facet normal -0.94388286 0 -0.330280405
    outer loop
      vertex 2.673547 0.025 -48.675828
      vertex 2.562608 1.83 -48.358784
      vertex 2.673547 1.83 -48.675828
    endloop
  endfacet
  facet normal -0.846720854 0 -0.532037401
    outer loop
      vertex 2.673547 0.025 -48.675828
      vertex 2.673547 1.83 -48.675828
      vertex 2.852253 0.025 -48.960233
    endloop
  endfacet
  facet normal -0.846720854 0 -0.532037401
    outer loop
      vertex 2.852253 0.025 -48.960233
      vertex 2.673547 1.83 -48.675828
      vertex 2.852253 1.83 -48.960233
    endloop
  endfacet
  facet normal -0.707106781 0 -0.707106781
    outer loop
      vertex 2.852253 0.025 -48.960233
      vertex 2.852253 1.83 -48.960233
      vertex 3.089765 0.025 -49.197745
    endloop
  endfacet
  facet normal -0.707106781 0 -0.707106781
    outer loop
      vertex 3.089765 0.025 -49.197745
      vertex 2.852253 1.83 -48.960233
      vertex 3.089765 1.83 -49.197745
    endloop
  endfacet
  facet normal -0.532037098 0 -0.846721044
    outer loop
      vertex 3.089765 0.025 -49.197745
      vertex 3.089765 1.83 -49.197745
      vertex 3.374175 0.025 -49.376454
    endloop
  endfacet
  facet normal -0.532037098 0 -0.846721044
    outer loop
      vertex 3.374175 0.025 -49.376454
      vertex 3.089765 1.83 -49.197745
      vertex 3.374175 1.83 -49.376454
    endloop
  endfacet
  facet normal -0.330276028 0 -0.943884392
    outer loop
      vertex 3.374175 0.025 -49.376454
      vertex 3.374175 1.83 -49.376454
      vertex 3.691218 0.025 -49.487391
    endloop
  endfacet
  facet normal -0.330276028 0 -0.943884392
    outer loop
      vertex 3.691218 0.025 -49.487391
      vertex 3.374175 1.83 -49.376454
      vertex 3.691218 1.83 -49.487391
    endloop
  endfacet
  facet normal -0 -1 0
    outer loop
      vertex 4.358781 0.025 -57.487392
      vertex 4.358781 0.025 -54.562607
      vertex 4.025 0.025 -57.525001
    endloop
  endfacet
  facet normal 0 -1 0
    outer loop
      vertex 4.025 0.025 -57.525001
      vertex 4.358781 0.025 -54.562607
      vertex 4.025 0.025 -54.524999
    endloop
  endfacet
  facet normal 0 -1 0
    outer loop
      vertex 4.025 0.025 -57.525001
      vertex 4.025 0.025 -54.524999
      vertex 3.691218 0.025 -57.487392
    endloop
  endfacet
  facet normal 0 -1 0
    outer loop
      vertex 3.691218 0.025 -57.487392
      vertex 4.025 0.025 -54.524999
      vertex 3.691218 0.025 -54.562607
    endloop
  endfacet
  facet normal 0 -1 0
    outer loop
      vertex 3.691218 0.025 -57.487392
      vertex 3.691218 0.025 -54.562607
      vertex 3.374175 0.025 -57.376451
    endloop
  endfacet
  facet normal 0 -1 0
    outer loop
      vertex 3.374175 0.025 -57.376451
      vertex 3.691218 0.025 -54.562607
      vertex 3.374175 0.025 -54.673548
    endloop
  endfacet
  facet normal 0 -1 0
    outer loop
      vertex 3.374175 0.025 -57.376451
      vertex 3.374175 0.025 -54.673548
      vertex 3.089765 0.025 -57.197747
    endloop
  endfacet
  facet normal 0 -1 0
    outer loop
      vertex 3.089765 0.025 -57.197747
      vertex 3.374175 0.025 -54.673548
      vertex 3.089765 0.025 -54.852252
    endloop
  endfacet
  facet normal 0 -1 0
    outer loop
      vertex 3.089765 0.025 -57.197747
      vertex 3.089765 0.025 -54.852252
      vertex 2.852253 0.025 -56.960235
    endloop
  endfacet
  facet normal 0 -1 0
    outer loop
      vertex 2.852253 0.025 -56.960235
      vertex 3.089765 0.025 -54.852252
      vertex 2.852253 0.025 -55.089765
    endloop
  endfacet
  facet normal 0 -1 0
    outer loop
      vertex 2.852253 0.025 -56.960235
      vertex 2.852253 0.025 -55.089765
      vertex 2.673547 0.025 -56.675825
    endloop
  endfacet
  facet normal 0 -1 0
    outer loop
      vertex 2.673547 0.025 -56.675825
      vertex 2.852253 0.025 -55.089765
      vertex 2.673547 0.025 -55.374174
    endloop
  endfacet
  facet normal 0 -1 0
    outer loop
      vertex 2.673547 0.025 -56.675825
      vertex 2.673547 0.025 -55.374174
      vertex 2.562608 0.025 -56.358781
    endloop
  endfacet
  facet normal 0 -1 0
    outer loop
      vertex 2.562608 0.025 -56.358781
      vertex 2.673547 0.025 -55.374174
      vertex 2.562608 0.025 -55.691218
    endloop
  endfacet
  facet normal 0 -1 0
    outer loop
      vertex 2.562608 0.025 -56.358781
      vertex 2.562608 0.025 -55.691218
      vertex 2.525 0.025 -56.025
    endloop
  endfacet
  facet normal 0 -1 0
    outer loop
      vertex 4.358781 0.025 -54.562607
      vertex 4.358781 0.025 -57.487392
      vertex 4.675826 0.025 -54.673548
    endloop
  endfacet
  facet normal 0 -1 -0
    outer loop
      vertex 4.675826 0.025 -54.673548
      vertex 4.358781 0.025 -57.487392
      vertex 4.675826 0.025 -57.376451
    endloop
  endfacet
  facet normal 0 -1 0
    outer loop
      vertex 4.675826 0.025 -54.673548
      vertex 4.675826 0.025 -57.376451
      vertex 4.960235 0.025 -54.852252
    endloop
  endfacet
  facet normal 0 -1 -0
    outer loop
      vertex 4.960235 0.025 -54.852252
      vertex 4.675826 0.025 -57.376451
      vertex 4.960235 0.025 -57.197747
    endloop
  endfacet
  facet normal 0 -1 0
    outer loop
      vertex 4.960235 0.025 -54.852252
      vertex 4.960235 0.025 -57.197747
      vertex 5.197747 0.025 -55.089765
    endloop
  endfacet
  facet normal 0 -1 -0
    outer loop
      vertex 5.197747 0.025 -55.089765
      vertex 4.960235 0.025 -57.197747
      vertex 5.197747 0.025 -56.960235
    endloop
  endfacet
  facet normal 0 -1 0
    outer loop
      vertex 5.197747 0.025 -55.089765
      vertex 5.197747 0.025 -56.960235
      vertex 5.376453 0.025 -55.374174
    endloop
  endfacet
  facet normal 0 -1 -0
    outer loop
      vertex 5.376453 0.025 -55.374174
      vertex 5.197747 0.025 -56.960235
      vertex 5.376453 0.025 -56.675825
    endloop
  endfacet
  facet normal 0 -1 0
    outer loop
      vertex 5.376453 0.025 -55.374174
      vertex 5.376453 0.025 -56.675825
      vertex 5.487392 0.025 -55.691218
    endloop
  endfacet
  facet normal 0 -1 -0
    outer loop
      vertex 5.487392 0.025 -55.691218
      vertex 5.376453 0.025 -56.675825
      vertex 5.487392 0.025 -56.358781
    endloop
  endfacet
  facet normal 0 -1 0
    outer loop
      vertex 5.487392 0.025 -55.691218
      vertex 5.487392 0.025 -56.358781
      vertex 5.525 0.025 -56.025
    endloop
  endfacet
  facet normal 0.0906181004 0.381123599 0.920072368
    outer loop
      vertex 4.390181 5.08 -10.038429
      vertex 4.384467 5.150711 -10.067157
      vertex 4 5.08 -10
    endloop
  endfacet
  facet normal 0.0906202823 0.381114939 0.92007574
    outer loop
      vertex 4 5.08 -10
      vertex 4.384467 5.150711 -10.067157
      vertex 4 5.150711 -10.02929
    endloop
  endfacet
  facet normal -0.0906184477 0.381115003 0.920075895
    outer loop
      vertex 4 5.08 -10
      vertex 4 5.150711 -10.02929
      vertex 3.609819 5.08 -10.038429
    endloop
  endfacet
  facet normal -0.0906199297 0.381123663 0.920072161
    outer loop
      vertex 3.609819 5.08 -10.038429
      vertex 4 5.150711 -10.02929
      vertex 3.615533 5.150711 -10.067157
    endloop
  endfacet
  facet normal -0.268376504 0.381122831 0.884714327
    outer loop
      vertex 3.609819 5.08 -10.038429
      vertex 3.615533 5.150711 -10.067157
      vertex 3.234633 5.08 -10.152241
    endloop
  endfacet
  facet normal -0.268374608 0.381100189 0.884724656
    outer loop
      vertex 3.234633 5.08 -10.152241
      vertex 3.615533 5.150711 -10.067157
      vertex 3.245842 5.150711 -10.1793
    endloop
  endfacet
  facet normal -0.435822743 0.381101886 0.815364881
    outer loop
      vertex 3.234633 5.08 -10.152241
      vertex 3.245842 5.150711 -10.1793
      vertex 2.88886 5.08 -10.337061
    endloop
  endfacet
  facet normal -0.435822727 0.381104238 0.81536379
    outer loop
      vertex 2.88886 5.08 -10.337061
      vertex 3.245842 5.150711 -10.1793
      vertex 2.905132 5.150711 -10.361414
    endloop
  endfacet
  facet normal -0.586516196 0.381103942 0.714673728
    outer loop
      vertex 2.88886 5.08 -10.337061
      vertex 2.905132 5.150711 -10.361414
      vertex 2.585787 5.08 -10.585786
    endloop
  endfacet
  facet normal -0.586515211 0.381114072 0.714669134
    outer loop
      vertex 2.585787 5.08 -10.585786
      vertex 2.905132 5.150711 -10.361414
      vertex 2.606497 5.150711 -10.606498
    endloop
  endfacet
  facet normal -0.714670335 0.381110962 0.586515769
    outer loop
      vertex 2.585787 5.08 -10.585786
      vertex 2.606497 5.150711 -10.606498
      vertex 2.337061 5.08 -10.888859
    endloop
  endfacet
  facet normal -0.714670333 0.381110969 0.586515766
    outer loop
      vertex 2.337061 5.08 -10.888859
      vertex 2.606497 5.150711 -10.606498
      vertex 2.361414 5.150711 -10.905132
    endloop
  endfacet
  facet normal -0.815362655 0.381109451 0.435820293
    outer loop
      vertex 2.337061 5.08 -10.888859
      vertex 2.361414 5.150711 -10.905132
      vertex 2.152241 5.08 -11.234633
    endloop
  endfacet
  facet normal -0.815362037 0.381111798 0.435819397
    outer loop
      vertex 2.152241 5.08 -11.234633
      vertex 2.361414 5.150711 -10.905132
      vertex 2.179301 5.150711 -11.245842
    endloop
  endfacet
  facet normal -0.884718974 0.38111105 0.268377914
    outer loop
      vertex 2.152241 5.08 -11.234633
      vertex 2.179301 5.150711 -11.245842
      vertex 2.038429 5.08 -11.609819
    endloop
  endfacet
  facet normal -0.884717522 0.381115413 0.268376504
    outer loop
      vertex 2.038429 5.08 -11.609819
      vertex 2.179301 5.150711 -11.245842
      vertex 2.067156 5.150711 -11.615534
    endloop
  endfacet
  facet normal -0.920076481 0.381113573 0.0906185055
    outer loop
      vertex 2.038429 5.08 -11.609819
      vertex 2.067156 5.150711 -11.615534
      vertex 2 5.08 -12
    endloop
  endfacet
  facet normal -0.920080283 0.381103809 0.0906209654
    outer loop
      vertex 2 5.08 -12
      vertex 2.067156 5.150711 -11.615534
      vertex 2.029289 5.150711 -12
    endloop
  endfacet
  facet normal -0.920080457 0.381103881 -0.0906188971
    outer loop
      vertex 2 5.08 -12
      vertex 2.029289 5.150711 -12
      vertex 2.038429 5.08 -12.390181
    endloop
  endfacet
  facet normal -0.920076724 0.381112541 -0.0906203791
    outer loop
      vertex 2.038429 5.08 -12.390181
      vertex 2.029289 5.150711 -12
      vertex 2.067156 5.150711 -12.384467
    endloop
  endfacet
  facet normal -0.884718545 0.381112137 -0.268377784
    outer loop
      vertex 2.038429 5.08 -12.390181
      vertex 2.067156 5.150711 -12.384467
      vertex 2.152241 5.08 -12.765367
    endloop
  endfacet
  facet normal -0.884719045 0.381111042 -0.268377692
    outer loop
      vertex 2.152241 5.08 -12.765367
      vertex 2.067156 5.150711 -12.384467
      vertex 2.179301 5.150711 -12.754158
    endloop
  endfacet
  facet normal -0.815361808 0.38111178 -0.43581984
    outer loop
      vertex 2.152241 5.08 -12.765367
      vertex 2.179301 5.150711 -12.754158
      vertex 2.337061 5.08 -13.111141
    endloop
  endfacet
  facet normal -0.815365358 0.381104126 -0.435819892
    outer loop
      vertex 2.337061 5.08 -13.111141
      vertex 2.179301 5.150711 -12.754158
      vertex 2.361414 5.150711 -13.094869
    endloop
  endfacet
  facet normal -0.714672592 0.381103879 -0.586517621
    outer loop
      vertex 2.337061 5.08 -13.111141
      vertex 2.361414 5.150711 -13.094869
      vertex 2.585787 5.08 -13.414214
    endloop
  endfacet
  facet normal -0.714672595 0.381103872 -0.586517622
    outer loop
      vertex 2.585787 5.08 -13.414214
      vertex 2.361414 5.150711 -13.094869
      vertex 2.606497 5.150711 -13.393503
    endloop
  endfacet
  facet normal -0.586515825 0.381105358 -0.714673277
    outer loop
      vertex 2.585787 5.08 -13.414214
      vertex 2.606497 5.150711 -13.393503
      vertex 2.88886 5.08 -13.662939
    endloop
  endfacet
  facet normal -0.586516433 0.381103931 -0.714673539
    outer loop
      vertex 2.88886 5.08 -13.662939
      vertex 2.606497 5.150711 -13.393503
      vertex 2.905132 5.150711 -13.638586
    endloop
  endfacet
  facet normal -0.435822289 0.381104221 -0.815364032
    outer loop
      vertex 2.88886 5.08 -13.662939
      vertex 2.905132 5.150711 -13.638586
      vertex 3.234633 5.08 -13.847759
    endloop
  endfacet
  facet normal -0.435819397 0.381111798 -0.815362037
    outer loop
      vertex 3.234633 5.08 -13.847759
      vertex 2.905132 5.150711 -13.638586
      vertex 3.245842 5.150711 -13.820699
    endloop
  endfacet
  facet normal -0.268375764 0.381110972 -0.88471966
    outer loop
      vertex 3.234633 5.08 -13.847759
      vertex 3.245842 5.150711 -13.820699
      vertex 3.609819 5.08 -13.96157
    endloop
  endfacet
  facet normal -0.26837884 0.38110145 -0.884722828
    outer loop
      vertex 3.609819 5.08 -13.96157
      vertex 3.245842 5.150711 -13.820699
      vertex 3.615533 5.150711 -13.932844
    endloop
  endfacet
  facet normal -0.0906213313 0.381101437 -0.92008123
    outer loop
      vertex 3.609819 5.08 -13.96157
      vertex 3.615533 5.150711 -13.932844
      vertex 4 5.08 -14
    endloop
  endfacet
  facet normal -0.0906207316 0.381103817 -0.920080303
    outer loop
      vertex 4 5.08 -14
      vertex 3.615533 5.150711 -13.932844
      vertex 4 5.150711 -13.970711
    endloop
  endfacet
  facet normal 0.0906212358 0.381103799 -0.920080261
    outer loop
      vertex 4 5.08 -14
      vertex 4 5.150711 -13.970711
      vertex 4.390181 5.08 -13.96157
    endloop
  endfacet
  facet normal 0.0906208285 0.381101419 -0.920081286
    outer loop
      vertex 4.390181 5.08 -13.96157
      vertex 4 5.150711 -13.970711
      vertex 4.384467 5.150711 -13.932844
    endloop
  endfacet
  facet normal 0.268376894 0.381101521 -0.884723388
    outer loop
      vertex 4.390181 5.08 -13.96157
      vertex 4.384467 5.150711 -13.932844
      vertex 4.765367 5.08 -13.847759
    endloop
  endfacet
  facet normal 0.268377692 0.381111042 -0.884719045
    outer loop
      vertex 4.765367 5.08 -13.847759
      vertex 4.384467 5.150711 -13.932844
      vertex 4.754158 5.150711 -13.820699
    endloop
  endfacet
  facet normal 0.43581984 0.38111178 -0.815361808
    outer loop
      vertex 4.765367 5.08 -13.847759
      vertex 4.754158 5.150711 -13.820699
      vertex 5.111141 5.08 -13.662939
    endloop
  endfacet
  facet normal 0.435819856 0.381109433 -0.815362896
    outer loop
      vertex 5.111141 5.08 -13.662939
      vertex 4.754158 5.150711 -13.820699
      vertex 5.094868 5.150711 -13.638586
    endloop
  endfacet
  facet normal 0.586514342 0.381111032 -0.714671469
    outer loop
      vertex 5.111141 5.08 -13.662939
      vertex 5.094868 5.150711 -13.638586
      vertex 5.414214 5.08 -13.414214
    endloop
  endfacet
  facet normal 0.586514203 0.381112458 -0.714670822
    outer loop
      vertex 5.414214 5.08 -13.414214
      vertex 5.094868 5.150711 -13.638586
      vertex 5.393503 5.150711 -13.393503
    endloop
  endfacet
  facet normal 0.714671018 0.381112448 -0.586513971
    outer loop
      vertex 5.414214 5.08 -13.414214
      vertex 5.393503 5.150711 -13.393503
      vertex 5.662939 5.08 -13.111141
    endloop
  endfacet
  facet normal 0.714672593 0.381103879 -0.58651762
    outer loop
      vertex 5.662939 5.08 -13.111141
      vertex 5.393503 5.150711 -13.393503
      vertex 5.638586 5.150711 -13.094869
    endloop
  endfacet
  facet normal 0.81536457 0.381104182 -0.435821316
    outer loop
      vertex 5.662939 5.08 -13.111141
      vertex 5.638586 5.150711 -13.094869
      vertex 5.847759 5.08 -12.765367
    endloop
  endfacet
  facet normal 0.815362554 0.381111837 -0.435818394
    outer loop
      vertex 5.847759 5.08 -12.765367
      vertex 5.638586 5.150711 -13.094869
      vertex 5.820699 5.150711 -12.754158
    endloop
  endfacet
  facet normal 0.884718974 0.38111105 -0.268377914
    outer loop
      vertex 5.847759 5.08 -12.765367
      vertex 5.820699 5.150711 -12.754158
      vertex 5.961571 5.08 -12.390181
    endloop
  endfacet
  facet normal 0.88471861 0.381112145 -0.26837756
    outer loop
      vertex 5.961571 5.08 -12.390181
      vertex 5.820699 5.150711 -12.754158
      vertex 5.932844 5.150711 -12.384467
    endloop
  endfacet
  facet normal 0.920076931 0.381112477 -0.0906185498
    outer loop
      vertex 5.961571 5.08 -12.390181
      vertex 5.932844 5.150711 -12.384467
      vertex 6 5.08 -12
    endloop
  endfacet
  facet normal 0.920080303 0.381103817 -0.0906207316
    outer loop
      vertex 6 5.08 -12
      vertex 5.932844 5.150711 -12.384467
      vertex 5.970711 5.150711 -12
    endloop
  endfacet
  facet normal 0.920080457 0.381103881 0.0906188971
    outer loop
      vertex 6 5.08 -12
      vertex 5.970711 5.150711 -12
      vertex 5.961571 5.08 -11.609819
    endloop
  endfacet
  facet normal 0.920076248 0.381113645 0.090620568
    outer loop
      vertex 5.961571 5.08 -11.609819
      vertex 5.970711 5.150711 -12
      vertex 5.932844 5.150711 -11.615534
    endloop
  endfacet
  facet normal 0.884717266 0.381115381 0.268377395
    outer loop
      vertex 5.961571 5.08 -11.609819
      vertex 5.932844 5.150711 -11.615534
      vertex 5.847759 5.08 -11.234633
    endloop
  endfacet
  facet normal 0.884719256 0.381111018 0.26837703
    outer loop
      vertex 5.847759 5.08 -11.234633
      vertex 5.932844 5.150711 -11.615534
      vertex 5.820699 5.150711 -11.245842
    endloop
  endfacet
  facet normal 0.815361808 0.38111178 0.43581984
    outer loop
      vertex 5.847759 5.08 -11.234633
      vertex 5.820699 5.150711 -11.245842
      vertex 5.662939 5.08 -10.888859
    endloop
  endfacet
  facet normal 0.815362896 0.381109433 0.435819856
    outer loop
      vertex 5.662939 5.08 -10.888859
      vertex 5.820699 5.150711 -11.245842
      vertex 5.638586 5.150711 -10.905132
    endloop
  endfacet
  facet normal 0.714671469 0.381111032 0.586514342
    outer loop
      vertex 5.662939 5.08 -10.888859
      vertex 5.638586 5.150711 -10.905132
      vertex 5.414214 5.08 -10.585786
    endloop
  endfacet
  facet normal 0.714667583 0.381119601 0.586513509
    outer loop
      vertex 5.414214 5.08 -10.585786
      vertex 5.638586 5.150711 -10.905132
      vertex 5.393503 5.150711 -10.606498
    endloop
  endfacet
  facet normal 0.586511712 0.381121087 0.714668265
    outer loop
      vertex 5.414214 5.08 -10.585786
      vertex 5.393503 5.150711 -10.606498
      vertex 5.111141 5.08 -10.337061
    endloop
  endfacet
  facet normal 0.586516026 0.381110957 0.714670127
    outer loop
      vertex 5.111141 5.08 -10.337061
      vertex 5.393503 5.150711 -10.606498
      vertex 5.094868 5.150711 -10.361414
    endloop
  endfacet
  facet normal 0.435820293 0.381109451 0.815362655
    outer loop
      vertex 5.111141 5.08 -10.337061
      vertex 5.094868 5.150711 -10.361414
      vertex 4.765367 5.08 -10.152241
    endloop
  endfacet
  facet normal 0.435823187 0.381101868 0.815364652
    outer loop
      vertex 4.765367 5.08 -10.152241
      vertex 5.094868 5.150711 -10.361414
      vertex 4.754158 5.150711 -10.1793
    endloop
  endfacet
  facet normal 0.268379193 0.381100356 0.884723193
    outer loop
      vertex 4.765367 5.08 -10.152241
      vertex 4.754158 5.150711 -10.1793
      vertex 4.390181 5.08 -10.038429
    endloop
  endfacet
  facet normal 0.268371878 0.381122998 0.884715658
    outer loop
      vertex 4.390181 5.08 -10.038429
      vertex 4.754158 5.150711 -10.1793
      vertex 4.384467 5.150711 -10.067157
    endloop
  endfacet
  facet normal -0.0383170435 0.92550051 0.376803144
    outer loop
      vertex 3.617533 5.18 -10.138893
      vertex 3.615533 5.150711 -10.067157
      vertex 4 5.18 -10.1
    endloop
  endfacet
  facet normal -0.0376645432 0.923224173 0.382411438
    outer loop
      vertex 4 5.18 -10.1
      vertex 3.615533 5.150711 -10.067157
      vertex 4 5.150711 -10.02929
    endloop
  endfacet
  facet normal 0.0376645432 0.923224173 0.382411438
    outer loop
      vertex 4 5.18 -10.1
      vertex 4 5.150711 -10.02929
      vertex 4.384467 5.150711 -10.067157
    endloop
  endfacet
  facet normal -0.113106251 0.92096557 0.372866456
    outer loop
      vertex 3.615533 5.150711 -10.067157
      vertex 3.617533 5.18 -10.138893
      vertex 3.245842 5.150711 -10.1793
    endloop
  endfacet
  facet normal -0.111846446 0.927583933 0.356480603
    outer loop
      vertex 3.245842 5.150711 -10.1793
      vertex 3.617533 5.18 -10.138893
      vertex 3.250724 5.18 -10.25398
    endloop
  endfacet
  facet normal -0.186101822 0.918772715 0.348170661
    outer loop
      vertex 3.245842 5.150711 -10.1793
      vertex 3.250724 5.18 -10.25398
      vertex 2.905132 5.150711 -10.361414
    endloop
  endfacet
  facet normal -0.179055777 0.929446864 0.322595034
    outer loop
      vertex 2.905132 5.150711 -10.361414
      vertex 3.250724 5.18 -10.25398
      vertex 2.914591 5.18 -10.44055
    endloop
  endfacet
  facet normal -0.253554225 0.916655039 0.308955975
    outer loop
      vertex 2.905132 5.150711 -10.361414
      vertex 2.914591 5.18 -10.44055
      vertex 2.606497 5.150711 -10.606498
    endloop
  endfacet
  facet normal -0.237581061 0.931109516 0.276749541
    outer loop
      vertex 2.606497 5.150711 -10.606498
      vertex 2.914591 5.18 -10.44055
      vertex 2.622894 5.18 -10.690963
    endloop
  endfacet
  facet normal -0.312527222 0.914626829 0.256484891
    outer loop
      vertex 2.606497 5.150711 -10.606498
      vertex 2.622894 5.18 -10.690963
      vertex 2.361414 5.150711 -10.905132
    endloop
  endfacet
  facet normal -0.285418357 0.932590977 0.22093083
    outer loop
      vertex 2.361414 5.150711 -10.905132
      vertex 2.622894 5.18 -10.690963
      vertex 2.387576 5.18 -10.994968
    endloop
  endfacet
  facet normal -0.36036859 0.912705724 0.192620719
    outer loop
      vertex 2.361414 5.150711 -10.905132
      vertex 2.387576 5.18 -10.994968
      vertex 2.179301 5.150711 -11.245842
    endloop
  endfacet
  facet normal -0.320987331 0.933903691 0.157451674
    outer loop
      vertex 2.179301 5.150711 -11.245842
      vertex 2.387576 5.18 -10.994968
      vertex 2.218271 5.18 -11.34012
    endloop
  endfacet
  facet normal -0.394848514 0.910905222 0.119776156
    outer loop
      vertex 2.179301 5.150711 -11.245842
      vertex 2.218271 5.18 -11.34012
      vertex 2.067156 5.150711 -11.615534
    endloop
  endfacet
  facet normal -0.343172249 0.935060355 0.0888534778
    outer loop
      vertex 2.067156 5.150711 -11.615534
      vertex 2.218271 5.18 -11.34012
      vertex 2.12191 5.18 -11.712288
    endloop
  endfacet
  facet normal -0.414269471 0.909239225 0.040802417
    outer loop
      vertex 2.067156 5.150711 -11.615534
      vertex 2.12191 5.18 -11.712288
      vertex 2.029289 5.150711 -12
    endloop
  endfacet
  facet normal -0.351358495 0.936071424 0.0178184408
    outer loop
      vertex 2.029289 5.150711 -12
      vertex 2.12191 5.18 -11.712288
      vertex 2.102439 5.18 -12.096233
    endloop
  endfacet
  facet normal -0.417551723 0.907722009 -0.0411255871
    outer loop
      vertex 2.029289 5.150711 -12
      vertex 2.102439 5.18 -12.096233
      vertex 2.067156 5.150711 -12.384467
    endloop
  endfacet
  facet normal -0.345452764 0.936942795 -0.0529205703
    outer loop
      vertex 2.067156 5.150711 -12.384467
      vertex 2.102439 5.18 -12.096233
      vertex 2.160653 5.18 -12.47624
    endloop
  endfacet
  facet normal -0.404313723 0.906359723 -0.122647731
    outer loop
      vertex 2.067156 5.150711 -12.384467
      vertex 2.160653 5.18 -12.47624
      vertex 2.179301 5.150711 -12.754158
    endloop
  endfacet
  facet normal -0.325856945 0.937684636 -0.120684611
    outer loop
      vertex 2.179301 5.150711 -12.754158
      vertex 2.160653 5.18 -12.47624
      vertex 2.294171 5.18 -12.836748
    endloop
  endfacet
  facet normal -0.374855259 0.905172934 -0.200363404
    outer loop
      vertex 2.179301 5.150711 -12.754158
      vertex 2.294171 5.18 -12.836748
      vertex 2.361414 5.150711 -13.094869
    endloop
  endfacet
  facet normal -0.293471364 0.938303941 -0.182921494
    outer loop
      vertex 2.361414 5.150711 -13.094869
      vertex 2.294171 5.18 -12.836748
      vertex 2.497526 5.18 -13.163002
    endloop
  endfacet
  facet normal -0.33021505 0.904166197 -0.271000941
    outer loop
      vertex 2.361414 5.150711 -13.094869
      vertex 2.497526 5.18 -13.163002
      vertex 2.606497 5.150711 -13.393503
    endloop
  endfacet
  facet normal -0.249657667 0.938803063 -0.237318053
    outer loop
      vertex 2.606497 5.150711 -13.393503
      vertex 2.497526 5.18 -13.163002
      vertex 2.762392 5.18 -13.44164
    endloop
  endfacet
  facet normal -0.272092699 0.903350709 -0.331546468
    outer loop
      vertex 2.606497 5.150711 -13.393503
      vertex 2.762392 5.18 -13.44164
      vertex 2.905132 5.150711 -13.638586
    endloop
  endfacet
  facet normal -0.196176139 0.939187504 -0.281854137
    outer loop
      vertex 2.905132 5.150711 -13.638586
      vertex 2.762392 5.18 -13.44164
      vertex 3.077926 5.18 -13.661258
    endloop
  endfacet
  facet normal -0.20279642 0.90273179 -0.379406019
    outer loop
      vertex 2.905132 5.150711 -13.638586
      vertex 3.077926 5.18 -13.661258
      vertex 3.245842 5.150711 -13.820699
    endloop
  endfacet
  facet normal -0.135131014 0.93945915 -0.314890639
    outer loop
      vertex 3.245842 5.150711 -13.820699
      vertex 3.077926 5.18 -13.661258
      vertex 3.43121 5.18 -13.812865
    endloop
  endfacet
  facet normal -0.125136083 0.902314217 -0.412516684
    outer loop
      vertex 3.245842 5.150711 -13.820699
      vertex 3.43121 5.18 -13.812865
      vertex 3.615533 5.150711 -13.932844
    endloop
  endfacet
  facet normal -0.0688871687 0.939621888 -0.335209287
    outer loop
      vertex 3.615533 5.150711 -13.932844
      vertex 3.43121 5.18 -13.812865
      vertex 3.80778 5.18 -13.890252
    endloop
  endfacet
  facet normal -0.0422960378 0.902106575 -0.429435412
    outer loop
      vertex 3.615533 5.150711 -13.932844
      vertex 3.80778 5.18 -13.890252
      vertex 4 5.150711 -13.970711
    endloop
  endfacet
  facet normal 0 0.939676408 -0.342064683
    outer loop
      vertex 4 5.150711 -13.970711
      vertex 3.80778 5.18 -13.890252
      vertex 4.19222 5.18 -13.890252
    endloop
  endfacet
  facet normal 0.0422960378 0.902106575 -0.429435412
    outer loop
      vertex 4 5.150711 -13.970711
      vertex 4.19222 5.18 -13.890252
      vertex 4.384467 5.150711 -13.932844
    endloop
  endfacet
  facet normal 0.0688871687 0.939621888 -0.335209287
    outer loop
      vertex 4.384467 5.150711 -13.932844
      vertex 4.19222 5.18 -13.890252
      vertex 4.56879 5.18 -13.812865
    endloop
  endfacet
  facet normal 0.125136083 0.902314217 -0.412516684
    outer loop
      vertex 4.384467 5.150711 -13.932844
      vertex 4.56879 5.18 -13.812865
      vertex 4.754158 5.150711 -13.820699
    endloop
  endfacet
  facet normal 0.135131014 0.93945915 -0.314890639
    outer loop
      vertex 4.754158 5.150711 -13.820699
      vertex 4.56879 5.18 -13.812865
      vertex 4.922074 5.18 -13.661258
    endloop
  endfacet
  facet normal 0.20279642 0.90273179 -0.379406019
    outer loop
      vertex 4.754158 5.150711 -13.820699
      vertex 4.922074 5.18 -13.661258
      vertex 5.094868 5.150711 -13.638586
    endloop
  endfacet
  facet normal 0.196176139 0.939187504 -0.281854137
    outer loop
      vertex 5.094868 5.150711 -13.638586
      vertex 4.922074 5.18 -13.661258
      vertex 5.237608 5.18 -13.44164
    endloop
  endfacet
  facet normal 0.272092699 0.903350709 -0.331546468
    outer loop
      vertex 5.094868 5.150711 -13.638586
      vertex 5.237608 5.18 -13.44164
      vertex 5.393503 5.150711 -13.393503
    endloop
  endfacet
  facet normal 0.249657667 0.938803063 -0.237318053
    outer loop
      vertex 5.393503 5.150711 -13.393503
      vertex 5.237608 5.18 -13.44164
      vertex 5.502474 5.18 -13.163002
    endloop
  endfacet
  facet normal 0.33021505 0.904166197 -0.271000941
    outer loop
      vertex 5.393503 5.150711 -13.393503
      vertex 5.502474 5.18 -13.163002
      vertex 5.638586 5.150711 -13.094869
    endloop
  endfacet
  facet normal 0.293471364 0.938303941 -0.182921494
    outer loop
      vertex 5.638586 5.150711 -13.094869
      vertex 5.502474 5.18 -13.163002
      vertex 5.705829 5.18 -12.836748
    endloop
  endfacet
  facet normal 0.374855259 0.905172934 -0.200363404
    outer loop
      vertex 5.638586 5.150711 -13.094869
      vertex 5.705829 5.18 -12.836748
      vertex 5.820699 5.150711 -12.754158
    endloop
  endfacet
  facet normal 0.325856945 0.937684636 -0.120684611
    outer loop
      vertex 5.820699 5.150711 -12.754158
      vertex 5.705829 5.18 -12.836748
      vertex 5.839347 5.18 -12.47624
    endloop
  endfacet
  facet normal 0.404313723 0.906359723 -0.122647731
    outer loop
      vertex 5.820699 5.150711 -12.754158
      vertex 5.839347 5.18 -12.47624
      vertex 5.932844 5.150711 -12.384467
    endloop
  endfacet
  facet normal 0.345452764 0.936942795 -0.0529205703
    outer loop
      vertex 5.932844 5.150711 -12.384467
      vertex 5.839347 5.18 -12.47624
      vertex 5.897561 5.18 -12.096233
    endloop
  endfacet
  facet normal 0.417551723 0.907722009 -0.0411255871
    outer loop
      vertex 5.932844 5.150711 -12.384467
      vertex 5.897561 5.18 -12.096233
      vertex 5.970711 5.150711 -12
    endloop
  endfacet
  facet normal 0.351358495 0.936071424 0.0178184408
    outer loop
      vertex 5.970711 5.150711 -12
      vertex 5.897561 5.18 -12.096233
      vertex 5.87809 5.18 -11.712288
    endloop
  endfacet
  facet normal 0.414269471 0.909239225 0.040802417
    outer loop
      vertex 5.970711 5.150711 -12
      vertex 5.87809 5.18 -11.712288
      vertex 5.932844 5.150711 -11.615534
    endloop
  endfacet
  facet normal 0.343172249 0.935060355 0.0888534778
    outer loop
      vertex 5.932844 5.150711 -11.615534
      vertex 5.87809 5.18 -11.712288
      vertex 5.781729 5.18 -11.34012
    endloop
  endfacet
  facet normal 0.394848514 0.910905222 0.119776156
    outer loop
      vertex 5.932844 5.150711 -11.615534
      vertex 5.781729 5.18 -11.34012
      vertex 5.820699 5.150711 -11.245842
    endloop
  endfacet
  facet normal 0.320987331 0.933903691 0.157451674
    outer loop
      vertex 5.820699 5.150711 -11.245842
      vertex 5.781729 5.18 -11.34012
      vertex 5.612424 5.18 -10.994968
    endloop
  endfacet
  facet normal 0.36036859 0.912705724 0.192620719
    outer loop
      vertex 5.820699 5.150711 -11.245842
      vertex 5.612424 5.18 -10.994968
      vertex 5.638586 5.150711 -10.905132
    endloop
  endfacet
  facet normal 0.285418357 0.932590977 0.22093083
    outer loop
      vertex 5.638586 5.150711 -10.905132
      vertex 5.612424 5.18 -10.994968
      vertex 5.377106 5.18 -10.690963
    endloop
  endfacet
  facet normal 0.312527222 0.914626829 0.256484891
    outer loop
      vertex 5.638586 5.150711 -10.905132
      vertex 5.377106 5.18 -10.690963
      vertex 5.393503 5.150711 -10.606498
    endloop
  endfacet
  facet normal 0.237581729 0.931109397 0.27674937
    outer loop
      vertex 5.393503 5.150711 -10.606498
      vertex 5.377106 5.18 -10.690963
      vertex 5.08541 5.18 -10.44055
    endloop
  endfacet
  facet normal 0.253556238 0.916653656 0.308958426
    outer loop
      vertex 5.393503 5.150711 -10.606498
      vertex 5.08541 5.18 -10.44055
      vertex 5.094868 5.150711 -10.361414
    endloop
  endfacet
  facet normal 0.179056307 0.929446097 0.322596949
    outer loop
      vertex 5.094868 5.150711 -10.361414
      vertex 5.08541 5.18 -10.44055
      vertex 4.749276 5.18 -10.25398
    endloop
  endfacet
  facet normal 0.186101822 0.918772715 0.348170661
    outer loop
      vertex 5.094868 5.150711 -10.361414
      vertex 4.749276 5.18 -10.25398
      vertex 4.754158 5.150711 -10.1793
    endloop
  endfacet
  facet normal 0.111846446 0.927583933 0.356480603
    outer loop
      vertex 4.754158 5.150711 -10.1793
      vertex 4.749276 5.18 -10.25398
      vertex 4.382467 5.18 -10.138893
    endloop
  endfacet
  facet normal 0.113106251 0.92096557 0.372866456
    outer loop
      vertex 4.754158 5.150711 -10.1793
      vertex 4.382467 5.18 -10.138893
      vertex 4.384467 5.150711 -10.067157
    endloop
  endfacet
  facet normal 0.0383170435 0.92550051 0.376803144
    outer loop
      vertex 4.384467 5.150711 -10.067157
      vertex 4.382467 5.18 -10.138893
      vertex 4 5.18 -10.1
    endloop
  endfacet
  facet normal -0.11196683 0 -0.993711945
    outer loop
      vertex 3.691218 0.025 -17.487392
      vertex 3.691218 1.83 -17.487392
      vertex 4.025 0.025 -17.525001
    endloop
  endfacet
  facet normal -0.11196683 0 -0.993711945
    outer loop
      vertex 4.025 0.025 -17.525001
      vertex 3.691218 1.83 -17.487392
      vertex 4.025 1.83 -17.525001
    endloop
  endfacet
  facet normal 0.111967161 0 -0.993711907
    outer loop
      vertex 4.025 0.025 -17.525001
      vertex 4.025 1.83 -17.525001
      vertex 4.358781 0.025 -17.487392
    endloop
  endfacet
  facet normal 0.111967161 0 -0.993711907
    outer loop
      vertex 4.358781 0.025 -17.487392
      vertex 4.025 1.83 -17.525001
      vertex 4.358781 1.83 -17.487392
    endloop
  endfacet
  facet normal 0.330276824 0 -0.943884113
    outer loop
      vertex 4.358781 0.025 -17.487392
      vertex 4.358781 1.83 -17.487392
      vertex 4.675826 0.025 -17.376454
    endloop
  endfacet
  facet normal 0.330276824 0 -0.943884113
    outer loop
      vertex 4.675826 0.025 -17.376454
      vertex 4.358781 1.83 -17.487392
      vertex 4.675826 1.83 -17.376454
    endloop
  endfacet
  facet normal 0.53203417 0 -0.846722884
    outer loop
      vertex 4.675826 0.025 -17.376454
      vertex 4.675826 1.83 -17.376454
      vertex 4.960235 0.025 -17.197747
    endloop
  endfacet
  facet normal 0.53203417 0 -0.846722884
    outer loop
      vertex 4.960235 0.025 -17.197747
      vertex 4.675826 1.83 -17.376454
      vertex 4.960235 1.83 -17.197747
    endloop
  endfacet
  facet normal 0.707106781 0 -0.707106781
    outer loop
      vertex 4.960235 0.025 -17.197747
      vertex 4.960235 1.83 -17.197747
      vertex 5.197747 0.025 -16.960235
    endloop
  endfacet
  facet normal 0.707106781 0 -0.707106781
    outer loop
      vertex 5.197747 0.025 -16.960235
      vertex 4.960235 1.83 -17.197747
      vertex 5.197747 1.83 -16.960235
    endloop
  endfacet
  facet normal 0.846725067 0 -0.532030695
    outer loop
      vertex 5.197747 0.025 -16.960235
      vertex 5.197747 1.83 -16.960235
      vertex 5.376453 0.025 -16.675825
    endloop
  endfacet
  facet normal 0.846725067 0 -0.532030695
    outer loop
      vertex 5.376453 0.025 -16.675825
      vertex 5.197747 1.83 -16.960235
      vertex 5.376453 1.83 -16.675825
    endloop
  endfacet
  facet normal 0.94388286 0 -0.330280405
    outer loop
      vertex 5.376453 0.025 -16.675825
      vertex 5.376453 1.83 -16.675825
      vertex 5.487392 0.025 -16.358781
    endloop
  endfacet
  facet normal 0.94388286 0 -0.330280405
    outer loop
      vertex 5.487392 0.025 -16.358781
      vertex 5.376453 1.83 -16.675825
      vertex 5.487392 1.83 -16.358781
    endloop
  endfacet
  facet normal 0.993712239 0 -0.111964222
    outer loop
      vertex 5.487392 0.025 -16.358781
      vertex 5.487392 1.83 -16.358781
      vertex 5.525 0.025 -16.025
    endloop
  endfacet
  facet normal 0.993712239 0 -0.111964222
    outer loop
      vertex 5.525 0.025 -16.025
      vertex 5.487392 1.83 -16.358781
      vertex 5.525 1.83 -16.025
    endloop
  endfacet
  facet normal 0.993712276 -0 0.11196389
    outer loop
      vertex 5.525 0.025 -16.025
      vertex 5.525 1.83 -16.025
      vertex 5.487392 0.025 -15.691218
    endloop
  endfacet
  facet normal 0.993712276 -0 0.11196389
    outer loop
      vertex 5.487392 0.025 -15.691218
      vertex 5.525 1.83 -16.025
      vertex 5.487392 1.83 -15.691218
    endloop
  endfacet
  facet normal 0.94388286 -0 0.330280405
    outer loop
      vertex 5.487392 0.025 -15.691218
      vertex 5.487392 1.83 -15.691218
      vertex 5.376453 0.025 -15.374174
    endloop
  endfacet
  facet normal 0.94388286 -0 0.330280405
    outer loop
      vertex 5.376453 0.025 -15.374174
      vertex 5.487392 1.83 -15.691218
      vertex 5.376453 1.83 -15.374174
    endloop
  endfacet
  facet normal 0.846723382 -0 0.532033377
    outer loop
      vertex 5.376453 0.025 -15.374174
      vertex 5.376453 1.83 -15.374174
      vertex 5.197747 0.025 -15.089766
    endloop
  endfacet
  facet normal 0.846723382 -0 0.532033377
    outer loop
      vertex 5.197747 0.025 -15.089766
      vertex 5.376453 1.83 -15.374174
      vertex 5.197747 1.83 -15.089766
    endloop
  endfacet
  facet normal 0.70710827 -0 0.707105293
    outer loop
      vertex 5.197747 0.025 -15.089766
      vertex 5.197747 1.83 -15.089766
      vertex 4.960235 0.025 -14.852253
    endloop
  endfacet
  facet normal 0.70710827 -0 0.707105293
    outer loop
      vertex 4.960235 0.025 -14.852253
      vertex 5.197747 1.83 -15.089766
      vertex 4.960235 1.83 -14.852253
    endloop
  endfacet
  facet normal 0.532032036 -0 0.846724225
    outer loop
      vertex 4.960235 0.025 -14.852253
      vertex 4.960235 1.83 -14.852253
      vertex 4.675826 0.025 -14.673547
    endloop
  endfacet
  facet normal 0.532032036 -0 0.846724225
    outer loop
      vertex 4.675826 0.025 -14.673547
      vertex 4.960235 1.83 -14.852253
      vertex 4.675826 1.83 -14.673547
    endloop
  endfacet
  facet normal 0.330279477 -0 0.943883185
    outer loop
      vertex 4.675826 0.025 -14.673547
      vertex 4.675826 1.83 -14.673547
      vertex 4.358781 0.025 -14.562608
    endloop
  endfacet
  facet normal 0.330279477 -0 0.943883185
    outer loop
      vertex 4.358781 0.025 -14.562608
      vertex 4.675826 1.83 -14.673547
      vertex 4.358781 1.83 -14.562608
    endloop
  endfacet
  facet normal 0.111964222 -0 0.993712239
    outer loop
      vertex 4.358781 0.025 -14.562608
      vertex 4.358781 1.83 -14.562608
      vertex 4.025 0.025 -14.525
    endloop
  endfacet
  facet normal 0.111964222 -0 0.993712239
    outer loop
      vertex 4.025 0.025 -14.525
      vertex 4.358781 1.83 -14.562608
      vertex 4.025 1.83 -14.525
    endloop
  endfacet
  facet normal -0.11196389 0 0.993712276
    outer loop
      vertex 4.025 0.025 -14.525
      vertex 4.025 1.83 -14.525
      vertex 3.691218 0.025 -14.562608
    endloop
  endfacet
  facet normal -0.11196389 0 0.993712276
    outer loop
      vertex 3.691218 0.025 -14.562608
      vertex 4.025 1.83 -14.525
      vertex 3.691218 1.83 -14.562608
    endloop
  endfacet
  facet normal -0.330281333 0 0.943882536
    outer loop
      vertex 3.691218 0.025 -14.562608
      vertex 3.691218 1.83 -14.562608
      vertex 3.374175 0.025 -14.673547
    endloop
  endfacet
  facet normal -0.330281333 0 0.943882536
    outer loop
      vertex 3.374175 0.025 -14.673547
      vertex 3.691218 1.83 -14.562608
      vertex 3.374175 1.83 -14.673547
    endloop
  endfacet
  facet normal -0.532030695 0 0.846725067
    outer loop
      vertex 3.374175 0.025 -14.673547
      vertex 3.374175 1.83 -14.673547
      vertex 3.089765 0.025 -14.852253
    endloop
  endfacet
  facet normal -0.532030695 0 0.846725067
    outer loop
      vertex 3.089765 0.025 -14.852253
      vertex 3.374175 1.83 -14.673547
      vertex 3.089765 1.83 -14.852253
    endloop
  endfacet
  facet normal -0.70710827 0 0.707105293
    outer loop
      vertex 3.089765 0.025 -14.852253
      vertex 3.089765 1.83 -14.852253
      vertex 2.852253 0.025 -15.089766
    endloop
  endfacet
  facet normal -0.70710827 0 0.707105293
    outer loop
      vertex 2.852253 0.025 -15.089766
      vertex 3.089765 1.83 -14.852253
      vertex 2.852253 1.83 -15.089766
    endloop
  endfacet
  facet normal -0.846723382 0 0.532033377
    outer loop
      vertex 2.852253 0.025 -15.089766
      vertex 2.852253 1.83 -15.089766
      vertex 2.673547 0.025 -15.374174
    endloop
  endfacet
  facet normal -0.846723382 0 0.532033377
    outer loop
      vertex 2.673547 0.025 -15.374174
      vertex 2.852253 1.83 -15.089766
      vertex 2.673547 1.83 -15.374174
    endloop
  endfacet
  facet normal -0.94388286 0 0.330280405
    outer loop
      vertex 2.673547 0.025 -15.374174
      vertex 2.673547 1.83 -15.374174
      vertex 2.562608 0.025 -15.691218
    endloop
  endfacet
  facet normal -0.94388286 0 0.330280405
    outer loop
      vertex 2.562608 0.025 -15.691218
      vertex 2.673547 1.83 -15.374174
      vertex 2.562608 1.83 -15.691218
    endloop
  endfacet
  facet normal -0.993712276 0 0.11196389
    outer loop
      vertex 2.562608 0.025 -15.691218
      vertex 2.562608 1.83 -15.691218
      vertex 2.525 0.025 -16.025
    endloop
  endfacet
  facet normal -0.993712276 0 0.11196389
    outer loop
      vertex 2.525 0.025 -16.025
      vertex 2.562608 1.83 -15.691218
      vertex 2.525 1.83 -16.025
    endloop
  endfacet
  facet normal -0.993712239 0 -0.111964222
    outer loop
      vertex 2.525 0.025 -16.025
      vertex 2.525 1.83 -16.025
      vertex 2.562608 0.025 -16.358781
    endloop
  endfacet
  facet normal -0.993712239 0 -0.111964222
    outer loop
      vertex 2.562608 0.025 -16.358781
      vertex 2.525 1.83 -16.025
      vertex 2.562608 1.83 -16.358781
    endloop
  endfacet
  facet normal -0.94388286 0 -0.330280405
    outer loop
      vertex 2.562608 0.025 -16.358781
      vertex 2.562608 1.83 -16.358781
      vertex 2.673547 0.025 -16.675825
    endloop
  endfacet
  facet normal -0.94388286 0 -0.330280405
    outer loop
      vertex 2.673547 0.025 -16.675825
      vertex 2.562608 1.83 -16.358781
      vertex 2.673547 1.83 -16.675825
    endloop
  endfacet
  facet normal -0.846725067 0 -0.532030695
    outer loop
      vertex 2.673547 0.025 -16.675825
      vertex 2.673547 1.83 -16.675825
      vertex 2.852253 0.025 -16.960235
    endloop
  endfacet
  facet normal -0.846725067 0 -0.532030695
    outer loop
      vertex 2.852253 0.025 -16.960235
      vertex 2.673547 1.83 -16.675825
      vertex 2.852253 1.83 -16.960235
    endloop
  endfacet
  facet normal -0.707106781 0 -0.707106781
    outer loop
      vertex 2.852253 0.025 -16.960235
      vertex 2.852253 1.83 -16.960235
      vertex 3.089765 0.025 -17.197747
    endloop
  endfacet
  facet normal -0.707106781 0 -0.707106781
    outer loop
      vertex 3.089765 0.025 -17.197747
      vertex 2.852253 1.83 -16.960235
      vertex 3.089765 1.83 -17.197747
    endloop
  endfacet
  facet normal -0.532032829 0 -0.846723726
    outer loop
      vertex 3.089765 0.025 -17.197747
      vertex 3.089765 1.83 -17.197747
      vertex 3.374175 0.025 -17.376454
    endloop
  endfacet
  facet normal -0.532032829 0 -0.846723726
    outer loop
      vertex 3.374175 0.025 -17.376454
      vertex 3.089765 1.83 -17.197747
      vertex 3.374175 1.83 -17.376454
    endloop
  endfacet
  facet normal -0.330278681 0 -0.943883464
    outer loop
      vertex 3.374175 0.025 -17.376454
      vertex 3.374175 1.83 -17.376454
      vertex 3.691218 0.025 -17.487392
    endloop
  endfacet
  facet normal -0.330278681 0 -0.943883464
    outer loop
      vertex 3.691218 0.025 -17.487392
      vertex 3.374175 1.83 -17.376454
      vertex 3.691218 1.83 -17.487392
    endloop
  endfacet
  facet normal 0 1 0
    outer loop
      vertex 4 5.18 -34.100001
      vertex 4.382467 5.18 -34.138894
      vertex 3.617533 5.18 -34.138894
    endloop
  endfacet
  facet normal -0 1 0
    outer loop
      vertex 3.617533 5.18 -34.138894
      vertex 4.382467 5.18 -34.138894
      vertex 4.749276 5.18 -34.253981
    endloop
  endfacet
  facet normal 0 1 0
    outer loop
      vertex 3.617533 5.18 -34.138894
      vertex 4.749276 5.18 -34.253981
      vertex 3.250724 5.18 -34.253981
    endloop
  endfacet
  facet normal -0 1 0
    outer loop
      vertex 3.250724 5.18 -34.253981
      vertex 4.749276 5.18 -34.253981
      vertex 5.08541 5.18 -34.440548
    endloop
  endfacet
  facet normal 0 1 0
    outer loop
      vertex 3.250724 5.18 -34.253981
      vertex 5.08541 5.18 -34.440548
      vertex 2.914591 5.18 -34.440548
    endloop
  endfacet
  facet normal -0 1 0
    outer loop
      vertex 2.914591 5.18 -34.440548
      vertex 5.08541 5.18 -34.440548
      vertex 5.377106 5.18 -34.690962
    endloop
  endfacet
  facet normal 0 1 0
    outer loop
      vertex 2.914591 5.18 -34.440548
      vertex 5.377106 5.18 -34.690962
      vertex 2.622894 5.18 -34.690962
    endloop
  endfacet
  facet normal -0 1 0
    outer loop
      vertex 2.622894 5.18 -34.690962
      vertex 5.377106 5.18 -34.690962
      vertex 5.612424 5.18 -34.994969
    endloop
  endfacet
  facet normal 0 1 0
    outer loop
      vertex 2.622894 5.18 -34.690962
      vertex 5.612424 5.18 -34.994969
      vertex 5.781729 5.18 -35.340121
    endloop
  endfacet
  facet normal 0 1 0
    outer loop
      vertex 5.781729 5.18 -35.340121
      vertex 5.87809 5.18 -35.712287
      vertex 2.622894 5.18 -34.690962
    endloop
  endfacet
  facet normal 0 1 0
    outer loop
      vertex 2.622894 5.18 -34.690962
      vertex 5.87809 5.18 -35.712287
      vertex 5.897561 5.18 -36.096234
    endloop
  endfacet
  facet normal 0 1 0
    outer loop
      vertex 2.622894 5.18 -34.690962
      vertex 5.897561 5.18 -36.096234
      vertex 5.839347 5.18 -36.47624
    endloop
  endfacet
  facet normal 0 1 0
    outer loop
      vertex 5.839347 5.18 -36.47624
      vertex 5.705829 5.18 -36.836748
      vertex 2.622894 5.18 -34.690962
    endloop
  endfacet
  facet normal 0 1 0
    outer loop
      vertex 2.622894 5.18 -34.690962
      vertex 5.705829 5.18 -36.836748
      vertex 5.502474 5.18 -37.163002
    endloop
  endfacet
  facet normal 0 1 0
    outer loop
      vertex 2.622894 5.18 -34.690962
      vertex 5.502474 5.18 -37.163002
      vertex 5.237608 5.18 -37.44164
    endloop
  endfacet
  facet normal 0 1 0
    outer loop
      vertex 5.237608 5.18 -37.44164
      vertex 4.922074 5.18 -37.661259
      vertex 2.622894 5.18 -34.690962
    endloop
  endfacet
  facet normal 0 1 0
    outer loop
      vertex 2.622894 5.18 -34.690962
      vertex 4.922074 5.18 -37.661259
      vertex 4.56879 5.18 -37.812865
    endloop
  endfacet
  facet normal 0 1 0
    outer loop
      vertex 2.622894 5.18 -34.690962
      vertex 4.56879 5.18 -37.812865
      vertex 4.19222 5.18 -37.890251
    endloop
  endfacet
  facet normal 0 1 0
    outer loop
      vertex 4.19222 5.18 -37.890251
      vertex 3.80778 5.18 -37.890251
      vertex 2.622894 5.18 -34.690962
    endloop
  endfacet
  facet normal 0 1 0
    outer loop
      vertex 2.622894 5.18 -34.690962
      vertex 3.80778 5.18 -37.890251
      vertex 3.43121 5.18 -37.812865
    endloop
  endfacet
  facet normal 0 1 0
    outer loop
      vertex 2.622894 5.18 -34.690962
      vertex 3.43121 5.18 -37.812865
      vertex 2.387576 5.18 -34.994969
    endloop
  endfacet
  facet normal 0 1 0
    outer loop
      vertex 2.387576 5.18 -34.994969
      vertex 3.43121 5.18 -37.812865
      vertex 3.077926 5.18 -37.661259
    endloop
  endfacet
  facet normal 0 1 0
    outer loop
      vertex 2.387576 5.18 -34.994969
      vertex 3.077926 5.18 -37.661259
      vertex 2.762392 5.18 -37.44164
    endloop
  endfacet
  facet normal 0 1 0
    outer loop
      vertex 2.762392 5.18 -37.44164
      vertex 2.497526 5.18 -37.163002
      vertex 2.387576 5.18 -34.994969
    endloop
  endfacet
  facet normal 0 1 0
    outer loop
      vertex 2.387576 5.18 -34.994969
      vertex 2.497526 5.18 -37.163002
      vertex 2.294171 5.18 -36.836748
    endloop
  endfacet
  facet normal 0 1 0
    outer loop
      vertex 2.387576 5.18 -34.994969
      vertex 2.294171 5.18 -36.836748
      vertex 2.218271 5.18 -35.340121
    endloop
  endfacet
  facet normal 0 1 0
    outer loop
      vertex 2.218271 5.18 -35.340121
      vertex 2.294171 5.18 -36.836748
      vertex 2.160653 5.18 -36.47624
    endloop
  endfacet
  facet normal 0 1 0
    outer loop
      vertex 2.218271 5.18 -35.340121
      vertex 2.160653 5.18 -36.47624
      vertex 2.12191 5.18 -35.712287
    endloop
  endfacet
  facet normal 0 1 0
    outer loop
      vertex 2.12191 5.18 -35.712287
      vertex 2.160653 5.18 -36.47624
      vertex 2.102439 5.18 -36.096234
    endloop
  endfacet
  facet normal 0.120537402 0 0.992708786
    outer loop
      vertex 3.700855 2.83 -13.213677
      vertex 4 1.83 -13.25
      vertex 4 2.83 -13.25
    endloop
  endfacet
  facet normal -0.1205378 0 0.992708738
    outer loop
      vertex 4 2.83 -13.25
      vertex 4 1.83 -13.25
      vertex 4.299144 1.83 -13.213677
    endloop
  endfacet
  facet normal -0.1205378 0 0.992708738
    outer loop
      vertex 4 2.83 -13.25
      vertex 4.299144 1.83 -13.213677
      vertex 4.299144 2.83 -13.213677
    endloop
  endfacet
  facet normal -0.354600613 0 0.935017863
    outer loop
      vertex 4.299144 2.83 -13.213677
      vertex 4.299144 1.83 -13.213677
      vertex 4.580904 1.83 -13.106821
    endloop
  endfacet
  facet normal -0.354600613 0 0.935017863
    outer loop
      vertex 4.299144 2.83 -13.213677
      vertex 4.580904 1.83 -13.106821
      vertex 4.580904 2.83 -13.106821
    endloop
  endfacet
  facet normal -0.568068455 0 0.822981306
    outer loop
      vertex 4.580904 2.83 -13.106821
      vertex 4.580904 1.83 -13.106821
      vertex 4.828903 1.83 -12.935638
    endloop
  endfacet
  facet normal -0.568068455 0 0.822981306
    outer loop
      vertex 4.580904 2.83 -13.106821
      vertex 4.828903 1.83 -12.935638
      vertex 4.828903 2.83 -12.935638
    endloop
  endfacet
  facet normal -0.748509208 0 0.663124397
    outer loop
      vertex 4.828903 2.83 -12.935638
      vertex 4.828903 1.83 -12.935638
      vertex 5.02873 1.83 -12.710081
    endloop
  endfacet
  facet normal -0.748509208 0 0.663124397
    outer loop
      vertex 4.828903 2.83 -12.935638
      vertex 5.02873 1.83 -12.710081
      vertex 5.02873 2.83 -12.710081
    endloop
  endfacet
  facet normal -0.885455429 0 0.464724309
    outer loop
      vertex 5.02873 2.83 -12.710081
      vertex 5.02873 1.83 -12.710081
      vertex 5.168771 1.83 -12.443256
    endloop
  endfacet
  facet normal -0.885455429 0 0.464724309
    outer loop
      vertex 5.02873 2.83 -12.710081
      vertex 5.168771 1.83 -12.443256
      vertex 5.168771 2.83 -12.443256
    endloop
  endfacet
  facet normal -0.970942567 0 0.239312623
    outer loop
      vertex 5.168771 2.83 -12.443256
      vertex 5.168771 1.83 -12.443256
      vertex 5.240886 1.83 -12.15067
    endloop
  endfacet
  facet normal -0.970942567 0 0.239312623
    outer loop
      vertex 5.168771 2.83 -12.443256
      vertex 5.240886 1.83 -12.15067
      vertex 5.240886 2.83 -12.15067
    endloop
  endfacet
  facet normal -1 0 0
    outer loop
      vertex 5.240886 2.83 -12.15067
      vertex 5.240886 1.83 -12.15067
      vertex 5.240886 1.83 -11.849329
    endloop
  endfacet
  facet normal -1 0 0
    outer loop
      vertex 5.240886 2.83 -12.15067
      vertex 5.240886 1.83 -11.849329
      vertex 5.240886 2.83 -11.849329
    endloop
  endfacet
  facet normal -0.970942567 -0 -0.239312623
    outer loop
      vertex 5.240886 2.83 -11.849329
      vertex 5.240886 1.83 -11.849329
      vertex 5.168771 1.83 -11.556743
    endloop
  endfacet
  facet normal -0.970942567 0 -0.239312623
    outer loop
      vertex 5.240886 2.83 -11.849329
      vertex 5.168771 1.83 -11.556743
      vertex 5.168771 2.83 -11.556743
    endloop
  endfacet
  facet normal -0.885453996 -0 -0.46472704
    outer loop
      vertex 5.168771 2.83 -11.556743
      vertex 5.168771 1.83 -11.556743
      vertex 5.02873 1.83 -11.28992
    endloop
  endfacet
  facet normal -0.885453996 0 -0.46472704
    outer loop
      vertex 5.168771 2.83 -11.556743
      vertex 5.02873 1.83 -11.28992
      vertex 5.02873 2.83 -11.28992
    endloop
  endfacet
  facet normal -0.748512127 -0 -0.663121102
    outer loop
      vertex 5.02873 2.83 -11.28992
      vertex 5.02873 1.83 -11.28992
      vertex 4.828903 1.83 -11.064361
    endloop
  endfacet
  facet normal -0.748512127 0 -0.663121102
    outer loop
      vertex 5.02873 2.83 -11.28992
      vertex 4.828903 1.83 -11.064361
      vertex 4.828903 2.83 -11.064361
    endloop
  endfacet
  facet normal -0.56806396 -0 -0.822984409
    outer loop
      vertex 4.828903 2.83 -11.064361
      vertex 4.828903 1.83 -11.064361
      vertex 4.580904 1.83 -10.89318
    endloop
  endfacet
  facet normal -0.56806396 0 -0.822984409
    outer loop
      vertex 4.828903 2.83 -11.064361
      vertex 4.580904 1.83 -10.89318
      vertex 4.580904 2.83 -10.89318
    endloop
  endfacet
  facet normal -0.354606416 -0 -0.935015663
    outer loop
      vertex 4.580904 2.83 -10.89318
      vertex 4.580904 1.83 -10.89318
      vertex 4.299144 1.83 -10.786322
    endloop
  endfacet
  facet normal -0.354606416 0 -0.935015663
    outer loop
      vertex 4.580904 2.83 -10.89318
      vertex 4.299144 1.83 -10.786322
      vertex 4.299144 2.83 -10.786322
    endloop
  endfacet
  facet normal -0.120534529 -0 -0.992709135
    outer loop
      vertex 4.299144 2.83 -10.786322
      vertex 4.299144 1.83 -10.786322
      vertex 4 2.83 -10.75
    endloop
  endfacet
  facet normal -0.120534529 -0 -0.992709135
    outer loop
      vertex 4 2.83 -10.75
      vertex 4.299144 1.83 -10.786322
      vertex 4 1.83 -10.75
    endloop
  endfacet
  facet normal 0.120534132 0 -0.992709183
    outer loop
      vertex 4 2.83 -10.75
      vertex 4 1.83 -10.75
      vertex 3.700855 2.83 -10.786322
    endloop
  endfacet
  facet normal 0.120534132 0 -0.992709183
    outer loop
      vertex 3.700855 2.83 -10.786322
      vertex 4 1.83 -10.75
      vertex 3.700855 1.83 -10.786322
    endloop
  endfacet
  facet normal 0.354607516 0 -0.935015246
    outer loop
      vertex 3.700855 2.83 -10.786322
      vertex 3.700855 1.83 -10.786322
      vertex 3.419096 1.83 -10.89318
    endloop
  endfacet
  facet normal 0.120537402 0 0.992708786
    outer loop
      vertex 4 1.83 -13.25
      vertex 3.700855 2.83 -13.213677
      vertex 3.700855 1.83 -13.213677
    endloop
  endfacet
  facet normal 0.354601714 -0 0.935017446
    outer loop
      vertex 3.700855 1.83 -13.213677
      vertex 3.700855 2.83 -13.213677
      vertex 3.419096 2.83 -13.106821
    endloop
  endfacet
  facet normal 0.354601714 0 0.935017446
    outer loop
      vertex 3.700855 1.83 -13.213677
      vertex 3.419096 2.83 -13.106821
      vertex 3.419096 1.83 -13.106821
    endloop
  endfacet
  facet normal 0.568068455 -0 0.822981306
    outer loop
      vertex 3.419096 1.83 -13.106821
      vertex 3.419096 2.83 -13.106821
      vertex 3.171097 2.83 -12.935638
    endloop
  endfacet
  facet normal 0.568068455 0 0.822981306
    outer loop
      vertex 3.419096 1.83 -13.106821
      vertex 3.171097 2.83 -12.935638
      vertex 3.171097 1.83 -12.935638
    endloop
  endfacet
  facet normal 0.748509208 -0 0.663124397
    outer loop
      vertex 3.171097 1.83 -12.935638
      vertex 3.171097 2.83 -12.935638
      vertex 2.97127 2.83 -12.710081
    endloop
  endfacet
  facet normal 0.748509208 0 0.663124397
    outer loop
      vertex 3.171097 1.83 -12.935638
      vertex 2.97127 2.83 -12.710081
      vertex 2.97127 1.83 -12.710081
    endloop
  endfacet
  facet normal 0.885456795 -0 0.464721707
    outer loop
      vertex 2.97127 1.83 -12.710081
      vertex 2.97127 2.83 -12.710081
      vertex 2.83123 2.83 -12.443256
    endloop
  endfacet
  facet normal 0.885456795 0 0.464721707
    outer loop
      vertex 2.97127 1.83 -12.710081
      vertex 2.83123 2.83 -12.443256
      vertex 2.83123 1.83 -12.443256
    endloop
  endfacet
  facet normal 0.970941796 -0 0.239315752
    outer loop
      vertex 2.83123 1.83 -12.443256
      vertex 2.83123 2.83 -12.443256
      vertex 2.759114 2.83 -12.15067
    endloop
  endfacet
  facet normal 0.970941796 0 0.239315752
    outer loop
      vertex 2.83123 1.83 -12.443256
      vertex 2.759114 2.83 -12.15067
      vertex 2.759114 1.83 -12.15067
    endloop
  endfacet
  facet normal 1 0 0
    outer loop
      vertex 2.759114 1.83 -12.15067
      vertex 2.759114 2.83 -12.15067
      vertex 2.759114 2.83 -11.849329
    endloop
  endfacet
  facet normal 1 0 0
    outer loop
      vertex 2.759114 1.83 -12.15067
      vertex 2.759114 2.83 -11.849329
      vertex 2.759114 1.83 -11.849329
    endloop
  endfacet
  facet normal 0.970941796 0 -0.239315752
    outer loop
      vertex 2.759114 1.83 -11.849329
      vertex 2.759114 2.83 -11.849329
      vertex 2.83123 2.83 -11.556743
    endloop
  endfacet
  facet normal 0.970941796 0 -0.239315752
    outer loop
      vertex 2.759114 1.83 -11.849329
      vertex 2.83123 2.83 -11.556743
      vertex 2.83123 1.83 -11.556743
    endloop
  endfacet
  facet normal 0.885455361 0 -0.464724438
    outer loop
      vertex 2.83123 1.83 -11.556743
      vertex 2.83123 2.83 -11.556743
      vertex 2.97127 2.83 -11.28992
    endloop
  endfacet
  facet normal 0.885455361 0 -0.464724438
    outer loop
      vertex 2.83123 1.83 -11.556743
      vertex 2.97127 2.83 -11.28992
      vertex 2.97127 1.83 -11.28992
    endloop
  endfacet
  facet normal 0.748512127 0 -0.663121102
    outer loop
      vertex 2.97127 1.83 -11.28992
      vertex 2.97127 2.83 -11.28992
      vertex 3.171097 2.83 -11.064361
    endloop
  endfacet
  facet normal 0.748512127 0 -0.663121102
    outer loop
      vertex 2.97127 1.83 -11.28992
      vertex 3.171097 2.83 -11.064361
      vertex 3.171097 1.83 -11.064361
    endloop
  endfacet
  facet normal 0.56806396 0 -0.822984409
    outer loop
      vertex 3.171097 1.83 -11.064361
      vertex 3.171097 2.83 -11.064361
      vertex 3.419096 2.83 -10.89318
    endloop
  endfacet
  facet normal 0.56806396 0 -0.822984409
    outer loop
      vertex 3.171097 1.83 -11.064361
      vertex 3.419096 2.83 -10.89318
      vertex 3.419096 1.83 -10.89318
    endloop
  endfacet
  facet normal 0.354607516 0 -0.935015246
    outer loop
      vertex 3.419096 1.83 -10.89318
      vertex 3.419096 2.83 -10.89318
      vertex 3.700855 2.83 -10.786322
    endloop
  endfacet
  facet normal -0.11196683 0 -0.993711945
    outer loop
      vertex 3.691218 0.025 -41.487393
      vertex 3.691218 1.83 -41.487393
      vertex 4.025 0.025 -41.525002
    endloop
  endfacet
  facet normal -0.11196683 0 -0.993711945
    outer loop
      vertex 4.025 0.025 -41.525002
      vertex 3.691218 1.83 -41.487393
      vertex 4.025 1.83 -41.525002
    endloop
  endfacet
  facet normal 0.111967161 0 -0.993711907
    outer loop
      vertex 4.025 0.025 -41.525002
      vertex 4.025 1.83 -41.525002
      vertex 4.358781 0.025 -41.487393
    endloop
  endfacet
  facet normal 0.111967161 0 -0.993711907
    outer loop
      vertex 4.358781 0.025 -41.487393
      vertex 4.025 1.83 -41.525002
      vertex 4.358781 1.83 -41.487393
    endloop
  endfacet
  facet normal 0.330284781 0 -0.943881329
    outer loop
      vertex 4.358781 0.025 -41.487393
      vertex 4.358781 1.83 -41.487393
      vertex 4.675826 0.025 -41.376452
    endloop
  endfacet
  facet normal 0.330284781 0 -0.943881329
    outer loop
      vertex 4.675826 0.025 -41.376452
      vertex 4.358781 1.83 -41.487393
      vertex 4.675826 1.83 -41.376452
    endloop
  endfacet
  facet normal 0.532027767 0 -0.846726907
    outer loop
      vertex 4.675826 0.025 -41.376452
      vertex 4.675826 1.83 -41.376452
      vertex 4.960235 0.025 -41.197748
    endloop
  endfacet
  facet normal 0.532027767 0 -0.846726907
    outer loop
      vertex 4.960235 0.025 -41.197748
      vertex 4.675826 1.83 -41.376452
      vertex 4.960235 1.83 -41.197748
    endloop
  endfacet
  facet normal 0.707106781 0 -0.707106781
    outer loop
      vertex 4.960235 0.025 -41.197748
      vertex 4.960235 1.83 -41.197748
      vertex 5.197747 0.025 -40.960236
    endloop
  endfacet
  facet normal 0.707106781 0 -0.707106781
    outer loop
      vertex 5.197747 0.025 -40.960236
      vertex 4.960235 1.83 -41.197748
      vertex 5.197747 1.83 -40.960236
    endloop
  endfacet
  facet normal 0.846725067 0 -0.532030695
    outer loop
      vertex 5.197747 0.025 -40.960236
      vertex 5.197747 1.83 -40.960236
      vertex 5.376453 0.025 -40.675826
    endloop
  endfacet
  facet normal 0.846725067 0 -0.532030695
    outer loop
      vertex 5.376453 0.025 -40.675826
      vertex 5.197747 1.83 -40.960236
      vertex 5.376453 1.83 -40.675826
    endloop
  endfacet
  facet normal 0.94388286 0 -0.330280405
    outer loop
      vertex 5.376453 0.025 -40.675826
      vertex 5.376453 1.83 -40.675826
      vertex 5.487392 0.025 -40.358782
    endloop
  endfacet
  facet normal 0.94388286 0 -0.330280405
    outer loop
      vertex 5.487392 0.025 -40.358782
      vertex 5.376453 1.83 -40.675826
      vertex 5.487392 1.83 -40.358782
    endloop
  endfacet
  facet normal 0.993712239 0 -0.111964222
    outer loop
      vertex 5.487392 0.025 -40.358782
      vertex 5.487392 1.83 -40.358782
      vertex 5.525 0.025 -40.025001
    endloop
  endfacet
  facet normal 0.993712239 0 -0.111964222
    outer loop
      vertex 5.525 0.025 -40.025001
      vertex 5.487392 1.83 -40.358782
      vertex 5.525 1.83 -40.025001
    endloop
  endfacet
  facet normal 0.993712276 -0 0.11196389
    outer loop
      vertex 5.525 0.025 -40.025001
      vertex 5.525 1.83 -40.025001
      vertex 5.487392 0.025 -39.691219
    endloop
  endfacet
  facet normal 0.993712276 -0 0.11196389
    outer loop
      vertex 5.487392 0.025 -39.691219
      vertex 5.525 1.83 -40.025001
      vertex 5.487392 1.83 -39.691219
    endloop
  endfacet
  facet normal 0.94388286 -0 0.330280405
    outer loop
      vertex 5.487392 0.025 -39.691219
      vertex 5.487392 1.83 -39.691219
      vertex 5.376453 0.025 -39.374175
    endloop
  endfacet
  facet normal 0.94388286 -0 0.330280405
    outer loop
      vertex 5.376453 0.025 -39.374175
      vertex 5.487392 1.83 -39.691219
      vertex 5.376453 1.83 -39.374175
    endloop
  endfacet
  facet normal 0.846724225 -0 0.532032036
    outer loop
      vertex 5.376453 0.025 -39.374175
      vertex 5.376453 1.83 -39.374175
      vertex 5.197747 0.025 -39.089766
    endloop
  endfacet
  facet normal 0.846724225 -0 0.532032036
    outer loop
      vertex 5.197747 0.025 -39.089766
      vertex 5.376453 1.83 -39.374175
      vertex 5.197747 1.83 -39.089766
    endloop
  endfacet
  facet normal 0.70710827 -0 0.707105293
    outer loop
      vertex 5.197747 0.025 -39.089766
      vertex 5.197747 1.83 -39.089766
      vertex 4.960235 0.025 -38.852253
    endloop
  endfacet
  facet normal 0.70710827 -0 0.707105293
    outer loop
      vertex 4.960235 0.025 -38.852253
      vertex 5.197747 1.83 -39.089766
      vertex 4.960235 1.83 -38.852253
    endloop
  endfacet
  facet normal 0.53203417 -0 0.846722884
    outer loop
      vertex 4.960235 0.025 -38.852253
      vertex 4.960235 1.83 -38.852253
      vertex 4.675826 0.025 -38.673546
    endloop
  endfacet
  facet normal 0.53203417 -0 0.846722884
    outer loop
      vertex 4.675826 0.025 -38.673546
      vertex 4.960235 1.83 -38.852253
      vertex 4.675826 1.83 -38.673546
    endloop
  endfacet
  facet normal 0.330276824 -0 0.943884113
    outer loop
      vertex 4.675826 0.025 -38.673546
      vertex 4.675826 1.83 -38.673546
      vertex 4.358781 0.025 -38.562608
    endloop
  endfacet
  facet normal 0.330276824 -0 0.943884113
    outer loop
      vertex 4.358781 0.025 -38.562608
      vertex 4.675826 1.83 -38.673546
      vertex 4.358781 1.83 -38.562608
    endloop
  endfacet
  facet normal 0.111964222 -0 0.993712239
    outer loop
      vertex 4.358781 0.025 -38.562608
      vertex 4.358781 1.83 -38.562608
      vertex 4.025 0.025 -38.525
    endloop
  endfacet
  facet normal 0.111964222 -0 0.993712239
    outer loop
      vertex 4.025 0.025 -38.525
      vertex 4.358781 1.83 -38.562608
      vertex 4.025 1.83 -38.525
    endloop
  endfacet
  facet normal -0.11196389 0 0.993712276
    outer loop
      vertex 4.025 0.025 -38.525
      vertex 4.025 1.83 -38.525
      vertex 3.691218 0.025 -38.562608
    endloop
  endfacet
  facet normal -0.11196389 0 0.993712276
    outer loop
      vertex 3.691218 0.025 -38.562608
      vertex 4.025 1.83 -38.525
      vertex 3.691218 1.83 -38.562608
    endloop
  endfacet
  facet normal -0.330278681 0 0.943883464
    outer loop
      vertex 3.691218 0.025 -38.562608
      vertex 3.691218 1.83 -38.562608
      vertex 3.374175 0.025 -38.673546
    endloop
  endfacet
  facet normal -0.330278681 0 0.943883464
    outer loop
      vertex 3.374175 0.025 -38.673546
      vertex 3.691218 1.83 -38.562608
      vertex 3.374175 1.83 -38.673546
    endloop
  endfacet
  facet normal -0.532032829 0 0.846723726
    outer loop
      vertex 3.374175 0.025 -38.673546
      vertex 3.374175 1.83 -38.673546
      vertex 3.089765 0.025 -38.852253
    endloop
  endfacet
  facet normal -0.532032829 0 0.846723726
    outer loop
      vertex 3.089765 0.025 -38.852253
      vertex 3.374175 1.83 -38.673546
      vertex 3.089765 1.83 -38.852253
    endloop
  endfacet
  facet normal -0.70710827 0 0.707105293
    outer loop
      vertex 3.089765 0.025 -38.852253
      vertex 3.089765 1.83 -38.852253
      vertex 2.852253 0.025 -39.089766
    endloop
  endfacet
  facet normal -0.70710827 0 0.707105293
    outer loop
      vertex 2.852253 0.025 -39.089766
      vertex 3.089765 1.83 -38.852253
      vertex 2.852253 1.83 -39.089766
    endloop
  endfacet
  facet normal -0.846724225 0 0.532032036
    outer loop
      vertex 2.852253 0.025 -39.089766
      vertex 2.852253 1.83 -39.089766
      vertex 2.673547 0.025 -39.374175
    endloop
  endfacet
  facet normal -0.846724225 0 0.532032036
    outer loop
      vertex 2.673547 0.025 -39.374175
      vertex 2.852253 1.83 -39.089766
      vertex 2.673547 1.83 -39.374175
    endloop
  endfacet
  facet normal -0.94388286 0 0.330280405
    outer loop
      vertex 2.673547 0.025 -39.374175
      vertex 2.673547 1.83 -39.374175
      vertex 2.562608 0.025 -39.691219
    endloop
  endfacet
  facet normal -0.94388286 0 0.330280405
    outer loop
      vertex 2.562608 0.025 -39.691219
      vertex 2.673547 1.83 -39.374175
      vertex 2.562608 1.83 -39.691219
    endloop
  endfacet
  facet normal -0.993712276 0 0.11196389
    outer loop
      vertex 2.562608 0.025 -39.691219
      vertex 2.562608 1.83 -39.691219
      vertex 2.525 0.025 -40.025001
    endloop
  endfacet
  facet normal -0.993712276 0 0.11196389
    outer loop
      vertex 2.525 0.025 -40.025001
      vertex 2.562608 1.83 -39.691219
      vertex 2.525 1.83 -40.025001
    endloop
  endfacet
  facet normal -0.993712239 0 -0.111964222
    outer loop
      vertex 2.525 0.025 -40.025001
      vertex 2.525 1.83 -40.025001
      vertex 2.562608 0.025 -40.358782
    endloop
  endfacet
  facet normal -0.993712239 0 -0.111964222
    outer loop
      vertex 2.562608 0.025 -40.358782
      vertex 2.525 1.83 -40.025001
      vertex 2.562608 1.83 -40.358782
    endloop
  endfacet
  facet normal -0.94388286 0 -0.330280405
    outer loop
      vertex 2.562608 0.025 -40.358782
      vertex 2.562608 1.83 -40.358782
      vertex 2.673547 0.025 -40.675826
    endloop
  endfacet
  facet normal -0.94388286 0 -0.330280405
    outer loop
      vertex 2.673547 0.025 -40.675826
      vertex 2.562608 1.83 -40.358782
      vertex 2.673547 1.83 -40.675826
    endloop
  endfacet
  facet normal -0.846725067 0 -0.532030695
    outer loop
      vertex 2.673547 0.025 -40.675826
      vertex 2.673547 1.83 -40.675826
      vertex 2.852253 0.025 -40.960236
    endloop
  endfacet
  facet normal -0.846725067 0 -0.532030695
    outer loop
      vertex 2.852253 0.025 -40.960236
      vertex 2.673547 1.83 -40.675826
      vertex 2.852253 1.83 -40.960236
    endloop
  endfacet
  facet normal -0.707106781 0 -0.707106781
    outer loop
      vertex 2.852253 0.025 -40.960236
      vertex 2.852253 1.83 -40.960236
      vertex 3.089765 0.025 -41.197748
    endloop
  endfacet
  facet normal -0.707106781 0 -0.707106781
    outer loop
      vertex 3.089765 0.025 -41.197748
      vertex 2.852253 1.83 -40.960236
      vertex 3.089765 1.83 -41.197748
    endloop
  endfacet
  facet normal -0.532026426 0 -0.84672775
    outer loop
      vertex 3.089765 0.025 -41.197748
      vertex 3.089765 1.83 -41.197748
      vertex 3.374175 0.025 -41.376452
    endloop
  endfacet
  facet normal -0.532026426 0 -0.84672775
    outer loop
      vertex 3.374175 0.025 -41.376452
      vertex 3.089765 1.83 -41.197748
      vertex 3.374175 1.83 -41.376452
    endloop
  endfacet
  facet normal -0.330286638 0 -0.943880679
    outer loop
      vertex 3.374175 0.025 -41.376452
      vertex 3.374175 1.83 -41.376452
      vertex 3.691218 0.025 -41.487393
    endloop
  endfacet
  facet normal -0.330286638 0 -0.943880679
    outer loop
      vertex 3.691218 0.025 -41.487393
      vertex 3.374175 1.83 -41.376452
      vertex 3.691218 1.83 -41.487393
    endloop
  endfacet
  facet normal -0 -1 0
    outer loop
      vertex 4.358781 0.025 -49.487391
      vertex 4.358781 0.025 -46.56261
      vertex 4.025 0.025 -49.524999
    endloop
  endfacet
  facet normal 0 -1 0
    outer loop
      vertex 4.025 0.025 -49.524999
      vertex 4.358781 0.025 -46.56261
      vertex 4.025 0.025 -46.525002
    endloop
  endfacet
  facet normal 0 -1 0
    outer loop
      vertex 4.025 0.025 -49.524999
      vertex 4.025 0.025 -46.525002
      vertex 3.691218 0.025 -49.487391
    endloop
  endfacet
  facet normal 0 -1 0
    outer loop
      vertex 3.691218 0.025 -49.487391
      vertex 4.025 0.025 -46.525002
      vertex 3.691218 0.025 -46.56261
    endloop
  endfacet
  facet normal 0 -1 0
    outer loop
      vertex 3.691218 0.025 -49.487391
      vertex 3.691218 0.025 -46.56261
      vertex 3.374175 0.025 -49.376454
    endloop
  endfacet
  facet normal 0 -1 0
    outer loop
      vertex 3.374175 0.025 -49.376454
      vertex 3.691218 0.025 -46.56261
      vertex 3.374175 0.025 -46.673546
    endloop
  endfacet
  facet normal 0 -1 0
    outer loop
      vertex 3.374175 0.025 -49.376454
      vertex 3.374175 0.025 -46.673546
      vertex 3.089765 0.025 -49.197745
    endloop
  endfacet
  facet normal 0 -1 0
    outer loop
      vertex 3.089765 0.025 -49.197745
      vertex 3.374175 0.025 -46.673546
      vertex 3.089765 0.025 -46.852255
    endloop
  endfacet
  facet normal 0 -1 0
    outer loop
      vertex 3.089765 0.025 -49.197745
      vertex 3.089765 0.025 -46.852255
      vertex 2.852253 0.025 -48.960233
    endloop
  endfacet
  facet normal 0 -1 0
    outer loop
      vertex 2.852253 0.025 -48.960233
      vertex 3.089765 0.025 -46.852255
      vertex 2.852253 0.025 -47.089767
    endloop
  endfacet
  facet normal 0 -1 0
    outer loop
      vertex 2.852253 0.025 -48.960233
      vertex 2.852253 0.025 -47.089767
      vertex 2.673547 0.025 -48.675828
    endloop
  endfacet
  facet normal 0 -1 0
    outer loop
      vertex 2.673547 0.025 -48.675828
      vertex 2.852253 0.025 -47.089767
      vertex 2.673547 0.025 -47.374172
    endloop
  endfacet
  facet normal 0 -1 0
    outer loop
      vertex 2.673547 0.025 -48.675828
      vertex 2.673547 0.025 -47.374172
      vertex 2.562608 0.025 -48.358784
    endloop
  endfacet
  facet normal 0 -1 0
    outer loop
      vertex 2.562608 0.025 -48.358784
      vertex 2.673547 0.025 -47.374172
      vertex 2.562608 0.025 -47.691216
    endloop
  endfacet
  facet normal 0 -1 0
    outer loop
      vertex 2.562608 0.025 -48.358784
      vertex 2.562608 0.025 -47.691216
      vertex 2.525 0.025 -48.024998
    endloop
  endfacet
  facet normal 0 -1 0
    outer loop
      vertex 4.358781 0.025 -46.56261
      vertex 4.358781 0.025 -49.487391
      vertex 4.675826 0.025 -46.673546
    endloop
  endfacet
  facet normal 0 -1 -0
    outer loop
      vertex 4.675826 0.025 -46.673546
      vertex 4.358781 0.025 -49.487391
      vertex 4.675826 0.025 -49.376454
    endloop
  endfacet
  facet normal 0 -1 0
    outer loop
      vertex 4.675826 0.025 -46.673546
      vertex 4.675826 0.025 -49.376454
      vertex 4.960235 0.025 -46.852255
    endloop
  endfacet
  facet normal 0 -1 -0
    outer loop
      vertex 4.960235 0.025 -46.852255
      vertex 4.675826 0.025 -49.376454
      vertex 4.960235 0.025 -49.197745
    endloop
  endfacet
  facet normal 0 -1 0
    outer loop
      vertex 4.960235 0.025 -46.852255
      vertex 4.960235 0.025 -49.197745
      vertex 5.197747 0.025 -47.089767
    endloop
  endfacet
  facet normal 0 -1 -0
    outer loop
      vertex 5.197747 0.025 -47.089767
      vertex 4.960235 0.025 -49.197745
      vertex 5.197747 0.025 -48.960233
    endloop
  endfacet
  facet normal 0 -1 0
    outer loop
      vertex 5.197747 0.025 -47.089767
      vertex 5.197747 0.025 -48.960233
      vertex 5.376453 0.025 -47.374172
    endloop
  endfacet
  facet normal 0 -1 -0
    outer loop
      vertex 5.376453 0.025 -47.374172
      vertex 5.197747 0.025 -48.960233
      vertex 5.376453 0.025 -48.675828
    endloop
  endfacet
  facet normal 0 -1 0
    outer loop
      vertex 5.376453 0.025 -47.374172
      vertex 5.376453 0.025 -48.675828
      vertex 5.487392 0.025 -47.691216
    endloop
  endfacet
  facet normal 0 -1 -0
    outer loop
      vertex 5.487392 0.025 -47.691216
      vertex 5.376453 0.025 -48.675828
      vertex 5.487392 0.025 -48.358784
    endloop
  endfacet
  facet normal 0 -1 0
    outer loop
      vertex 5.487392 0.025 -47.691216
      vertex 5.487392 0.025 -48.358784
      vertex 5.525 0.025 -48.024998
    endloop
  endfacet
  facet normal -0 -1 0
    outer loop
      vertex 4.358781 0.025 -17.487392
      vertex 4.358781 0.025 -14.562608
      vertex 4.025 0.025 -17.525001
    endloop
  endfacet
  facet normal 0 -1 0
    outer loop
      vertex 4.025 0.025 -17.525001
      vertex 4.358781 0.025 -14.562608
      vertex 4.025 0.025 -14.525
    endloop
  endfacet
  facet normal 0 -1 0
    outer loop
      vertex 4.025 0.025 -17.525001
      vertex 4.025 0.025 -14.525
      vertex 3.691218 0.025 -17.487392
    endloop
  endfacet
  facet normal 0 -1 0
    outer loop
      vertex 3.691218 0.025 -17.487392
      vertex 4.025 0.025 -14.525
      vertex 3.691218 0.025 -14.562608
    endloop
  endfacet
  facet normal 0 -1 0
    outer loop
      vertex 3.691218 0.025 -17.487392
      vertex 3.691218 0.025 -14.562608
      vertex 3.374175 0.025 -17.376454
    endloop
  endfacet
  facet normal 0 -1 0
    outer loop
      vertex 3.374175 0.025 -17.376454
      vertex 3.691218 0.025 -14.562608
      vertex 3.374175 0.025 -14.673547
    endloop
  endfacet
  facet normal 0 -1 0
    outer loop
      vertex 3.374175 0.025 -17.376454
      vertex 3.374175 0.025 -14.673547
      vertex 3.089765 0.025 -17.197747
    endloop
  endfacet
  facet normal 0 -1 0
    outer loop
      vertex 3.089765 0.025 -17.197747
      vertex 3.374175 0.025 -14.673547
      vertex 3.089765 0.025 -14.852253
    endloop
  endfacet
  facet normal 0 -1 0
    outer loop
      vertex 3.089765 0.025 -17.197747
      vertex 3.089765 0.025 -14.852253
      vertex 2.852253 0.025 -16.960235
    endloop
  endfacet
  facet normal 0 -1 0
    outer loop
      vertex 2.852253 0.025 -16.960235
      vertex 3.089765 0.025 -14.852253
      vertex 2.852253 0.025 -15.089766
    endloop
  endfacet
  facet normal 0 -1 0
    outer loop
      vertex 2.852253 0.025 -16.960235
      vertex 2.852253 0.025 -15.089766
      vertex 2.673547 0.025 -16.675825
    endloop
  endfacet
  facet normal 0 -1 0
    outer loop
      vertex 2.673547 0.025 -16.675825
      vertex 2.852253 0.025 -15.089766
      vertex 2.673547 0.025 -15.374174
    endloop
  endfacet
  facet normal 0 -1 0
    outer loop
      vertex 2.673547 0.025 -16.675825
      vertex 2.673547 0.025 -15.374174
      vertex 2.562608 0.025 -16.358781
    endloop
  endfacet
  facet normal 0 -1 0
    outer loop
      vertex 2.562608 0.025 -16.358781
      vertex 2.673547 0.025 -15.374174
      vertex 2.562608 0.025 -15.691218
    endloop
  endfacet
  facet normal 0 -1 0
    outer loop
      vertex 2.562608 0.025 -16.358781
      vertex 2.562608 0.025 -15.691218
      vertex 2.525 0.025 -16.025
    endloop
  endfacet
  facet normal 0 -1 0
    outer loop
      vertex 4.358781 0.025 -14.562608
      vertex 4.358781 0.025 -17.487392
      vertex 4.675826 0.025 -14.673547
    endloop
  endfacet
  facet normal 0 -1 -0
    outer loop
      vertex 4.675826 0.025 -14.673547
      vertex 4.358781 0.025 -17.487392
      vertex 4.675826 0.025 -17.376454
    endloop
  endfacet
  facet normal 0 -1 0
    outer loop
      vertex 4.675826 0.025 -14.673547
      vertex 4.675826 0.025 -17.376454
      vertex 4.960235 0.025 -14.852253
    endloop
  endfacet
  facet normal 0 -1 -0
    outer loop
      vertex 4.960235 0.025 -14.852253
      vertex 4.675826 0.025 -17.376454
      vertex 4.960235 0.025 -17.197747
    endloop
  endfacet
  facet normal 0 -1 0
    outer loop
      vertex 4.960235 0.025 -14.852253
      vertex 4.960235 0.025 -17.197747
      vertex 5.197747 0.025 -15.089766
    endloop
  endfacet
  facet normal 0 -1 -0
    outer loop
      vertex 5.197747 0.025 -15.089766
      vertex 4.960235 0.025 -17.197747
      vertex 5.197747 0.025 -16.960235
    endloop
  endfacet
  facet normal 0 -1 0
    outer loop
      vertex 5.197747 0.025 -15.089766
      vertex 5.197747 0.025 -16.960235
      vertex 5.376453 0.025 -15.374174
    endloop
  endfacet
  facet normal 0 -1 -0
    outer loop
      vertex 5.376453 0.025 -15.374174
      vertex 5.197747 0.025 -16.960235
      vertex 5.376453 0.025 -16.675825
    endloop
  endfacet
  facet normal 0 -1 0
    outer loop
      vertex 5.376453 0.025 -15.374174
      vertex 5.376453 0.025 -16.675825
      vertex 5.487392 0.025 -15.691218
    endloop
  endfacet
  facet normal 0 -1 -0
    outer loop
      vertex 5.487392 0.025 -15.691218
      vertex 5.376453 0.025 -16.675825
      vertex 5.487392 0.025 -16.358781
    endloop
  endfacet
  facet normal 0 -1 0
    outer loop
      vertex 5.487392 0.025 -15.691218
      vertex 5.487392 0.025 -16.358781
      vertex 5.525 0.025 -16.025
    endloop
  endfacet
  facet normal -0 -1 0
    outer loop
      vertex 4.299144 2.83 -13.213677
      vertex 4.299144 2.83 -10.786322
      vertex 4 2.83 -13.25
    endloop
  endfacet
  facet normal 0 -1 0
    outer loop
      vertex 4 2.83 -13.25
      vertex 4.299144 2.83 -10.786322
      vertex 4 2.83 -10.75
    endloop
  endfacet
  facet normal 0 -1 0
    outer loop
      vertex 4 2.83 -13.25
      vertex 4 2.83 -10.75
      vertex 3.700855 2.83 -13.213677
    endloop
  endfacet
  facet normal 0 -1 0
    outer loop
      vertex 3.700855 2.83 -13.213677
      vertex 4 2.83 -10.75
      vertex 3.700855 2.83 -10.786322
    endloop
  endfacet
  facet normal 0 -1 0
    outer loop
      vertex 3.700855 2.83 -13.213677
      vertex 3.700855 2.83 -10.786322
      vertex 3.419096 2.83 -13.106821
    endloop
  endfacet
  facet normal 0 -1 0
    outer loop
      vertex 3.419096 2.83 -13.106821
      vertex 3.700855 2.83 -10.786322
      vertex 3.419096 2.83 -10.89318
    endloop
  endfacet
  facet normal 0 -1 0
    outer loop
      vertex 3.419096 2.83 -13.106821
      vertex 3.419096 2.83 -10.89318
      vertex 3.171097 2.83 -12.935638
    endloop
  endfacet
  facet normal 0 -1 0
    outer loop
      vertex 3.171097 2.83 -12.935638
      vertex 3.419096 2.83 -10.89318
      vertex 3.171097 2.83 -11.064361
    endloop
  endfacet
  facet normal 0 -1 0
    outer loop
      vertex 3.171097 2.83 -12.935638
      vertex 3.171097 2.83 -11.064361
      vertex 2.97127 2.83 -12.710081
    endloop
  endfacet
  facet normal 0 -1 0
    outer loop
      vertex 2.97127 2.83 -12.710081
      vertex 3.171097 2.83 -11.064361
      vertex 2.97127 2.83 -11.28992
    endloop
  endfacet
  facet normal 0 -1 0
    outer loop
      vertex 2.97127 2.83 -12.710081
      vertex 2.97127 2.83 -11.28992
      vertex 2.83123 2.83 -12.443256
    endloop
  endfacet
  facet normal 0 -1 0
    outer loop
      vertex 2.83123 2.83 -12.443256
      vertex 2.97127 2.83 -11.28992
      vertex 2.83123 2.83 -11.556743
    endloop
  endfacet
  facet normal 0 -1 0
    outer loop
      vertex 2.83123 2.83 -12.443256
      vertex 2.83123 2.83 -11.556743
      vertex 2.759114 2.83 -12.15067
    endloop
  endfacet
  facet normal 0 -1 0
    outer loop
      vertex 2.759114 2.83 -12.15067
      vertex 2.83123 2.83 -11.556743
      vertex 2.759114 2.83 -11.849329
    endloop
  endfacet
  facet normal 0 -1 0
    outer loop
      vertex 4.299144 2.83 -10.786322
      vertex 4.299144 2.83 -13.213677
      vertex 4.580904 2.83 -10.89318
    endloop
  endfacet
  facet normal 0 -1 -0
    outer loop
      vertex 4.580904 2.83 -10.89318
      vertex 4.299144 2.83 -13.213677
      vertex 4.580904 2.83 -13.106821
    endloop
  endfacet
  facet normal 0 -1 0
    outer loop
      vertex 4.580904 2.83 -10.89318
      vertex 4.580904 2.83 -13.106821
      vertex 4.828903 2.83 -11.064361
    endloop
  endfacet
  facet normal 0 -1 -0
    outer loop
      vertex 4.828903 2.83 -11.064361
      vertex 4.580904 2.83 -13.106821
      vertex 4.828903 2.83 -12.935638
    endloop
  endfacet
  facet normal 0 -1 0
    outer loop
      vertex 4.828903 2.83 -11.064361
      vertex 4.828903 2.83 -12.935638
      vertex 5.02873 2.83 -11.28992
    endloop
  endfacet
  facet normal 0 -1 -0
    outer loop
      vertex 5.02873 2.83 -11.28992
      vertex 4.828903 2.83 -12.935638
      vertex 5.02873 2.83 -12.710081
    endloop
  endfacet
  facet normal 0 -1 0
    outer loop
      vertex 5.02873 2.83 -11.28992
      vertex 5.02873 2.83 -12.710081
      vertex 5.168771 2.83 -11.556743
    endloop
  endfacet
  facet normal 0 -1 -0
    outer loop
      vertex 5.168771 2.83 -11.556743
      vertex 5.02873 2.83 -12.710081
      vertex 5.168771 2.83 -12.443256
    endloop
  endfacet
  facet normal 0 -1 0
    outer loop
      vertex 5.168771 2.83 -11.556743
      vertex 5.168771 2.83 -12.443256
      vertex 5.240886 2.83 -11.849329
    endloop
  endfacet
  facet normal 0 -1 -0
    outer loop
      vertex 5.240886 2.83 -11.849329
      vertex 5.168771 2.83 -12.443256
      vertex 5.240886 2.83 -12.15067
    endloop
  endfacet
  facet normal -0.11196683 0 -0.993711945
    outer loop
      vertex 3.691218 0.025 -33.487391
      vertex 3.691218 1.83 -33.487391
      vertex 4.025 0.025 -33.525
    endloop
  endfacet
  facet normal -0.11196683 0 -0.993711945
    outer loop
      vertex 4.025 0.025 -33.525
      vertex 3.691218 1.83 -33.487391
      vertex 4.025 1.83 -33.525
    endloop
  endfacet
  facet normal 0.111967161 0 -0.993711907
    outer loop
      vertex 4.025 0.025 -33.525
      vertex 4.025 1.83 -33.525
      vertex 4.358781 0.025 -33.487391
    endloop
  endfacet
  facet normal 0.111967161 0 -0.993711907
    outer loop
      vertex 4.358781 0.025 -33.487391
      vertex 4.025 1.83 -33.525
      vertex 4.358781 1.83 -33.487391
    endloop
  endfacet
  facet normal 0.330276824 0 -0.943884113
    outer loop
      vertex 4.358781 0.025 -33.487391
      vertex 4.358781 1.83 -33.487391
      vertex 4.675826 0.025 -33.376453
    endloop
  endfacet
  facet normal 0.330276824 0 -0.943884113
    outer loop
      vertex 4.675826 0.025 -33.376453
      vertex 4.358781 1.83 -33.487391
      vertex 4.675826 1.83 -33.376453
    endloop
  endfacet
  facet normal 0.53203417 0 -0.846722884
    outer loop
      vertex 4.675826 0.025 -33.376453
      vertex 4.675826 1.83 -33.376453
      vertex 4.960235 0.025 -33.197746
    endloop
  endfacet
  facet normal 0.53203417 0 -0.846722884
    outer loop
      vertex 4.960235 0.025 -33.197746
      vertex 4.675826 1.83 -33.376453
      vertex 4.960235 1.83 -33.197746
    endloop
  endfacet
  facet normal 0.707106781 0 -0.707106781
    outer loop
      vertex 4.960235 0.025 -33.197746
      vertex 4.960235 1.83 -33.197746
      vertex 5.197747 0.025 -32.960234
    endloop
  endfacet
  facet normal 0.707106781 0 -0.707106781
    outer loop
      vertex 5.197747 0.025 -32.960234
      vertex 4.960235 1.83 -33.197746
      vertex 5.197747 1.83 -32.960234
    endloop
  endfacet
  facet normal 0.846722539 0 -0.532034718
    outer loop
      vertex 5.197747 0.025 -32.960234
      vertex 5.197747 1.83 -32.960234
      vertex 5.376453 0.025 -32.675827
    endloop
  endfacet
  facet normal 0.846722539 0 -0.532034718
    outer loop
      vertex 5.376453 0.025 -32.675827
      vertex 5.197747 1.83 -32.960234
      vertex 5.376453 1.83 -32.675827
    endloop
  endfacet
  facet normal 0.943883185 0 -0.330279477
    outer loop
      vertex 5.376453 0.025 -32.675827
      vertex 5.376453 1.83 -32.675827
      vertex 5.487392 0.025 -32.358782
    endloop
  endfacet
  facet normal 0.943883185 0 -0.330279477
    outer loop
      vertex 5.487392 0.025 -32.358782
      vertex 5.376453 1.83 -32.675827
      vertex 5.487392 1.83 -32.358782
    endloop
  endfacet
  facet normal 0.993712239 0 -0.111964222
    outer loop
      vertex 5.487392 0.025 -32.358782
      vertex 5.487392 1.83 -32.358782
      vertex 5.525 0.025 -32.025001
    endloop
  endfacet
  facet normal 0.993712239 0 -0.111964222
    outer loop
      vertex 5.525 0.025 -32.025001
      vertex 5.487392 1.83 -32.358782
      vertex 5.525 1.83 -32.025001
    endloop
  endfacet
  facet normal 0.993712351 -0 0.111963228
    outer loop
      vertex 5.525 0.025 -32.025001
      vertex 5.525 1.83 -32.025001
      vertex 5.487392 0.025 -31.691217
    endloop
  endfacet
  facet normal 0.993712351 -0 0.111963228
    outer loop
      vertex 5.487392 0.025 -31.691217
      vertex 5.525 1.83 -32.025001
      vertex 5.487392 1.83 -31.691217
    endloop
  endfacet
  facet normal 0.943881886 -0 0.330283189
    outer loop
      vertex 5.487392 0.025 -31.691217
      vertex 5.487392 1.83 -31.691217
      vertex 5.376453 0.025 -31.374176
    endloop
  endfacet
  facet normal 0.943881886 -0 0.330283189
    outer loop
      vertex 5.376453 0.025 -31.374176
      vertex 5.487392 1.83 -31.691217
      vertex 5.376453 1.83 -31.374176
    endloop
  endfacet
  facet normal 0.846725067 -0 0.532030695
    outer loop
      vertex 5.376453 0.025 -31.374176
      vertex 5.376453 1.83 -31.374176
      vertex 5.197747 0.025 -31.089766
    endloop
  endfacet
  facet normal 0.846725067 -0 0.532030695
    outer loop
      vertex 5.197747 0.025 -31.089766
      vertex 5.376453 1.83 -31.374176
      vertex 5.197747 1.83 -31.089766
    endloop
  endfacet
  facet normal 0.70710827 -0 0.707105293
    outer loop
      vertex 5.197747 0.025 -31.089766
      vertex 5.197747 1.83 -31.089766
      vertex 4.960235 0.025 -30.852253
    endloop
  endfacet
  facet normal 0.70710827 -0 0.707105293
    outer loop
      vertex 4.960235 0.025 -30.852253
      vertex 5.197747 1.83 -31.089766
      vertex 4.960235 1.83 -30.852253
    endloop
  endfacet
  facet normal 0.532032036 -0 0.846724225
    outer loop
      vertex 4.960235 0.025 -30.852253
      vertex 4.960235 1.83 -30.852253
      vertex 4.675826 0.025 -30.673547
    endloop
  endfacet
  facet normal 0.532032036 -0 0.846724225
    outer loop
      vertex 4.675826 0.025 -30.673547
      vertex 4.960235 1.83 -30.852253
      vertex 4.675826 1.83 -30.673547
    endloop
  endfacet
  facet normal 0.330279477 -0 0.943883185
    outer loop
      vertex 4.675826 0.025 -30.673547
      vertex 4.675826 1.83 -30.673547
      vertex 4.358781 0.025 -30.562608
    endloop
  endfacet
  facet normal 0.330279477 -0 0.943883185
    outer loop
      vertex 4.358781 0.025 -30.562608
      vertex 4.675826 1.83 -30.673547
      vertex 4.358781 1.83 -30.562608
    endloop
  endfacet
  facet normal 0.111964222 -0 0.993712239
    outer loop
      vertex 4.358781 0.025 -30.562608
      vertex 4.358781 1.83 -30.562608
      vertex 4.025 0.025 -30.525
    endloop
  endfacet
  facet normal 0.111964222 -0 0.993712239
    outer loop
      vertex 4.025 0.025 -30.525
      vertex 4.358781 1.83 -30.562608
      vertex 4.025 1.83 -30.525
    endloop
  endfacet
  facet normal -0.11196389 0 0.993712276
    outer loop
      vertex 4.025 0.025 -30.525
      vertex 4.025 1.83 -30.525
      vertex 3.691218 0.025 -30.562608
    endloop
  endfacet
  facet normal -0.11196389 0 0.993712276
    outer loop
      vertex 3.691218 0.025 -30.562608
      vertex 4.025 1.83 -30.525
      vertex 3.691218 1.83 -30.562608
    endloop
  endfacet
  facet normal -0.330281333 0 0.943882536
    outer loop
      vertex 3.691218 0.025 -30.562608
      vertex 3.691218 1.83 -30.562608
      vertex 3.374175 0.025 -30.673547
    endloop
  endfacet
  facet normal -0.330281333 0 0.943882536
    outer loop
      vertex 3.374175 0.025 -30.673547
      vertex 3.691218 1.83 -30.562608
      vertex 3.374175 1.83 -30.673547
    endloop
  endfacet
  facet normal -0.532030695 0 0.846725067
    outer loop
      vertex 3.374175 0.025 -30.673547
      vertex 3.374175 1.83 -30.673547
      vertex 3.089765 0.025 -30.852253
    endloop
  endfacet
  facet normal -0.532030695 0 0.846725067
    outer loop
      vertex 3.089765 0.025 -30.852253
      vertex 3.374175 1.83 -30.673547
      vertex 3.089765 1.83 -30.852253
    endloop
  endfacet
  facet normal -0.70710827 0 0.707105293
    outer loop
      vertex 3.089765 0.025 -30.852253
      vertex 3.089765 1.83 -30.852253
      vertex 2.852253 0.025 -31.089766
    endloop
  endfacet
  facet normal -0.70710827 0 0.707105293
    outer loop
      vertex 2.852253 0.025 -31.089766
      vertex 3.089765 1.83 -30.852253
      vertex 2.852253 1.83 -31.089766
    endloop
  endfacet
  facet normal -0.846725067 0 0.532030695
    outer loop
      vertex 2.852253 0.025 -31.089766
      vertex 2.852253 1.83 -31.089766
      vertex 2.673547 0.025 -31.374176
    endloop
  endfacet
  facet normal -0.846725067 0 0.532030695
    outer loop
      vertex 2.673547 0.025 -31.374176
      vertex 2.852253 1.83 -31.089766
      vertex 2.673547 1.83 -31.374176
    endloop
  endfacet
  facet normal -0.943881886 0 0.330283189
    outer loop
      vertex 2.673547 0.025 -31.374176
      vertex 2.673547 1.83 -31.374176
      vertex 2.562608 0.025 -31.691217
    endloop
  endfacet
  facet normal -0.943881886 0 0.330283189
    outer loop
      vertex 2.562608 0.025 -31.691217
      vertex 2.673547 1.83 -31.374176
      vertex 2.562608 1.83 -31.691217
    endloop
  endfacet
  facet normal -0.993712351 0 0.111963228
    outer loop
      vertex 2.562608 0.025 -31.691217
      vertex 2.562608 1.83 -31.691217
      vertex 2.525 0.025 -32.025001
    endloop
  endfacet
  facet normal -0.993712351 0 0.111963228
    outer loop
      vertex 2.525 0.025 -32.025001
      vertex 2.562608 1.83 -31.691217
      vertex 2.525 1.83 -32.025001
    endloop
  endfacet
  facet normal -0.993712239 0 -0.111964222
    outer loop
      vertex 2.525 0.025 -32.025001
      vertex 2.525 1.83 -32.025001
      vertex 2.562608 0.025 -32.358782
    endloop
  endfacet
  facet normal -0.993712239 0 -0.111964222
    outer loop
      vertex 2.562608 0.025 -32.358782
      vertex 2.525 1.83 -32.025001
      vertex 2.562608 1.83 -32.358782
    endloop
  endfacet
  facet normal -0.943883185 0 -0.330279477
    outer loop
      vertex 2.562608 0.025 -32.358782
      vertex 2.562608 1.83 -32.358782
      vertex 2.673547 0.025 -32.675827
    endloop
  endfacet
  facet normal -0.943883185 0 -0.330279477
    outer loop
      vertex 2.673547 0.025 -32.675827
      vertex 2.562608 1.83 -32.358782
      vertex 2.673547 1.83 -32.675827
    endloop
  endfacet
  facet normal -0.846722539 0 -0.532034718
    outer loop
      vertex 2.673547 0.025 -32.675827
      vertex 2.673547 1.83 -32.675827
      vertex 2.852253 0.025 -32.960234
    endloop
  endfacet
  facet normal -0.846722539 0 -0.532034718
    outer loop
      vertex 2.852253 0.025 -32.960234
      vertex 2.673547 1.83 -32.675827
      vertex 2.852253 1.83 -32.960234
    endloop
  endfacet
  facet normal -0.707106781 0 -0.707106781
    outer loop
      vertex 2.852253 0.025 -32.960234
      vertex 2.852253 1.83 -32.960234
      vertex 3.089765 0.025 -33.197746
    endloop
  endfacet
  facet normal -0.707106781 0 -0.707106781
    outer loop
      vertex 3.089765 0.025 -33.197746
      vertex 2.852253 1.83 -32.960234
      vertex 3.089765 1.83 -33.197746
    endloop
  endfacet
  facet normal -0.532032829 0 -0.846723726
    outer loop
      vertex 3.089765 0.025 -33.197746
      vertex 3.089765 1.83 -33.197746
      vertex 3.374175 0.025 -33.376453
    endloop
  endfacet
  facet normal -0.532032829 0 -0.846723726
    outer loop
      vertex 3.374175 0.025 -33.376453
      vertex 3.089765 1.83 -33.197746
      vertex 3.374175 1.83 -33.376453
    endloop
  endfacet
  facet normal -0.330278681 0 -0.943883464
    outer loop
      vertex 3.374175 0.025 -33.376453
      vertex 3.374175 1.83 -33.376453
      vertex 3.691218 0.025 -33.487391
    endloop
  endfacet
  facet normal -0.330278681 0 -0.943883464
    outer loop
      vertex 3.691218 0.025 -33.487391
      vertex 3.374175 1.83 -33.376453
      vertex 3.691218 1.83 -33.487391
    endloop
  endfacet
  facet normal -0 -1 0
    outer loop
      vertex 4.358781 0.025 -41.487393
      vertex 4.358781 0.025 -38.562608
      vertex 4.025 0.025 -41.525002
    endloop
  endfacet
  facet normal 0 -1 0
    outer loop
      vertex 4.025 0.025 -41.525002
      vertex 4.358781 0.025 -38.562608
      vertex 4.025 0.025 -38.525
    endloop
  endfacet
  facet normal 0 -1 0
    outer loop
      vertex 4.025 0.025 -41.525002
      vertex 4.025 0.025 -38.525
      vertex 3.691218 0.025 -41.487393
    endloop
  endfacet
  facet normal 0 -1 0
    outer loop
      vertex 3.691218 0.025 -41.487393
      vertex 4.025 0.025 -38.525
      vertex 3.691218 0.025 -38.562608
    endloop
  endfacet
  facet normal 0 -1 0
    outer loop
      vertex 3.691218 0.025 -41.487393
      vertex 3.691218 0.025 -38.562608
      vertex 3.374175 0.025 -41.376452
    endloop
  endfacet
  facet normal 0 -1 0
    outer loop
      vertex 3.374175 0.025 -41.376452
      vertex 3.691218 0.025 -38.562608
      vertex 3.374175 0.025 -38.673546
    endloop
  endfacet
  facet normal 0 -1 0
    outer loop
      vertex 3.374175 0.025 -41.376452
      vertex 3.374175 0.025 -38.673546
      vertex 3.089765 0.025 -41.197748
    endloop
  endfacet
  facet normal 0 -1 0
    outer loop
      vertex 3.089765 0.025 -41.197748
      vertex 3.374175 0.025 -38.673546
      vertex 3.089765 0.025 -38.852253
    endloop
  endfacet
  facet normal 0 -1 0
    outer loop
      vertex 3.089765 0.025 -41.197748
      vertex 3.089765 0.025 -38.852253
      vertex 2.852253 0.025 -40.960236
    endloop
  endfacet
  facet normal 0 -1 0
    outer loop
      vertex 2.852253 0.025 -40.960236
      vertex 3.089765 0.025 -38.852253
      vertex 2.852253 0.025 -39.089766
    endloop
  endfacet
  facet normal 0 -1 0
    outer loop
      vertex 2.852253 0.025 -40.960236
      vertex 2.852253 0.025 -39.089766
      vertex 2.673547 0.025 -40.675826
    endloop
  endfacet
  facet normal 0 -1 0
    outer loop
      vertex 2.673547 0.025 -40.675826
      vertex 2.852253 0.025 -39.089766
      vertex 2.673547 0.025 -39.374175
    endloop
  endfacet
  facet normal 0 -1 0
    outer loop
      vertex 2.673547 0.025 -40.675826
      vertex 2.673547 0.025 -39.374175
      vertex 2.562608 0.025 -40.358782
    endloop
  endfacet
  facet normal 0 -1 0
    outer loop
      vertex 2.562608 0.025 -40.358782
      vertex 2.673547 0.025 -39.374175
      vertex 2.562608 0.025 -39.691219
    endloop
  endfacet
  facet normal 0 -1 0
    outer loop
      vertex 2.562608 0.025 -40.358782
      vertex 2.562608 0.025 -39.691219
      vertex 2.525 0.025 -40.025001
    endloop
  endfacet
  facet normal 0 -1 0
    outer loop
      vertex 4.358781 0.025 -38.562608
      vertex 4.358781 0.025 -41.487393
      vertex 4.675826 0.025 -38.673546
    endloop
  endfacet
  facet normal 0 -1 -0
    outer loop
      vertex 4.675826 0.025 -38.673546
      vertex 4.358781 0.025 -41.487393
      vertex 4.675826 0.025 -41.376452
    endloop
  endfacet
  facet normal 0 -1 0
    outer loop
      vertex 4.675826 0.025 -38.673546
      vertex 4.675826 0.025 -41.376452
      vertex 4.960235 0.025 -38.852253
    endloop
  endfacet
  facet normal 0 -1 -0
    outer loop
      vertex 4.960235 0.025 -38.852253
      vertex 4.675826 0.025 -41.376452
      vertex 4.960235 0.025 -41.197748
    endloop
  endfacet
  facet normal 0 -1 0
    outer loop
      vertex 4.960235 0.025 -38.852253
      vertex 4.960235 0.025 -41.197748
      vertex 5.197747 0.025 -39.089766
    endloop
  endfacet
  facet normal 0 -1 -0
    outer loop
      vertex 5.197747 0.025 -39.089766
      vertex 4.960235 0.025 -41.197748
      vertex 5.197747 0.025 -40.960236
    endloop
  endfacet
  facet normal 0 -1 0
    outer loop
      vertex 5.197747 0.025 -39.089766
      vertex 5.197747 0.025 -40.960236
      vertex 5.376453 0.025 -39.374175
    endloop
  endfacet
  facet normal 0 -1 -0
    outer loop
      vertex 5.376453 0.025 -39.374175
      vertex 5.197747 0.025 -40.960236
      vertex 5.376453 0.025 -40.675826
    endloop
  endfacet
  facet normal 0 -1 0
    outer loop
      vertex 5.376453 0.025 -39.374175
      vertex 5.376453 0.025 -40.675826
      vertex 5.487392 0.025 -39.691219
    endloop
  endfacet
  facet normal 0 -1 -0
    outer loop
      vertex 5.487392 0.025 -39.691219
      vertex 5.376453 0.025 -40.675826
      vertex 5.487392 0.025 -40.358782
    endloop
  endfacet
  facet normal 0 -1 0
    outer loop
      vertex 5.487392 0.025 -39.691219
      vertex 5.487392 0.025 -40.358782
      vertex 5.525 0.025 -40.025001
    endloop
  endfacet
  facet normal -0.11196389 0 -0.993712276
    outer loop
      vertex 3.691218 0.025 -25.487392
      vertex 3.691218 1.83 -25.487392
      vertex 4.025 0.025 -25.525
    endloop
  endfacet
  facet normal -0.11196389 0 -0.993712276
    outer loop
      vertex 4.025 0.025 -25.525
      vertex 3.691218 1.83 -25.487392
      vertex 4.025 1.83 -25.525
    endloop
  endfacet
  facet normal 0.111964222 0 -0.993712239
    outer loop
      vertex 4.025 0.025 -25.525
      vertex 4.025 1.83 -25.525
      vertex 4.358781 0.025 -25.487392
    endloop
  endfacet
  facet normal 0.111964222 0 -0.993712239
    outer loop
      vertex 4.358781 0.025 -25.487392
      vertex 4.025 1.83 -25.525
      vertex 4.358781 1.83 -25.487392
    endloop
  endfacet
  facet normal 0.330279477 0 -0.943883185
    outer loop
      vertex 4.358781 0.025 -25.487392
      vertex 4.358781 1.83 -25.487392
      vertex 4.675826 0.025 -25.376453
    endloop
  endfacet
  facet normal 0.330279477 0 -0.943883185
    outer loop
      vertex 4.675826 0.025 -25.376453
      vertex 4.358781 1.83 -25.487392
      vertex 4.675826 1.83 -25.376453
    endloop
  endfacet
  facet normal 0.532032036 0 -0.846724225
    outer loop
      vertex 4.675826 0.025 -25.376453
      vertex 4.675826 1.83 -25.376453
      vertex 4.960235 0.025 -25.197747
    endloop
  endfacet
  facet normal 0.532032036 0 -0.846724225
    outer loop
      vertex 4.960235 0.025 -25.197747
      vertex 4.675826 1.83 -25.376453
      vertex 4.960235 1.83 -25.197747
    endloop
  endfacet
  facet normal 0.70710827 0 -0.707105293
    outer loop
      vertex 4.960235 0.025 -25.197747
      vertex 4.960235 1.83 -25.197747
      vertex 5.197747 0.025 -24.960234
    endloop
  endfacet
  facet normal 0.70710827 0 -0.707105293
    outer loop
      vertex 5.197747 0.025 -24.960234
      vertex 4.960235 1.83 -25.197747
      vertex 5.197747 1.83 -24.960234
    endloop
  endfacet
  facet normal 0.846724225 0 -0.532032036
    outer loop
      vertex 5.197747 0.025 -24.960234
      vertex 5.197747 1.83 -24.960234
      vertex 5.376453 0.025 -24.675825
    endloop
  endfacet
  facet normal 0.846724225 0 -0.532032036
    outer loop
      vertex 5.376453 0.025 -24.675825
      vertex 5.197747 1.83 -24.960234
      vertex 5.376453 1.83 -24.675825
    endloop
  endfacet
  facet normal 0.943883185 0 -0.330279477
    outer loop
      vertex 5.376453 0.025 -24.675825
      vertex 5.376453 1.83 -24.675825
      vertex 5.487392 0.025 -24.35878
    endloop
  endfacet
  facet normal 0.943883185 0 -0.330279477
    outer loop
      vertex 5.487392 0.025 -24.35878
      vertex 5.376453 1.83 -24.675825
      vertex 5.487392 1.83 -24.35878
    endloop
  endfacet
  facet normal 0.993712239 0 -0.111964222
    outer loop
      vertex 5.487392 0.025 -24.35878
      vertex 5.487392 1.83 -24.35878
      vertex 5.525 0.025 -24.024999
    endloop
  endfacet
  facet normal 0.993712239 0 -0.111964222
    outer loop
      vertex 5.525 0.025 -24.024999
      vertex 5.487392 1.83 -24.35878
      vertex 5.525 1.83 -24.024999
    endloop
  endfacet
  facet normal 0.993712239 -0 0.111964222
    outer loop
      vertex 5.525 0.025 -24.024999
      vertex 5.525 1.83 -24.024999
      vertex 5.487392 0.025 -23.691218
    endloop
  endfacet
  facet normal 0.993712239 -0 0.111964222
    outer loop
      vertex 5.487392 0.025 -23.691218
      vertex 5.525 1.83 -24.024999
      vertex 5.487392 1.83 -23.691218
    endloop
  endfacet
  facet normal 0.94388286 -0 0.330280405
    outer loop
      vertex 5.487392 0.025 -23.691218
      vertex 5.487392 1.83 -23.691218
      vertex 5.376453 0.025 -23.374174
    endloop
  endfacet
  facet normal 0.94388286 -0 0.330280405
    outer loop
      vertex 5.376453 0.025 -23.374174
      vertex 5.487392 1.83 -23.691218
      vertex 5.376453 1.83 -23.374174
    endloop
  endfacet
  facet normal 0.846725067 -0 0.532030695
    outer loop
      vertex 5.376453 0.025 -23.374174
      vertex 5.376453 1.83 -23.374174
      vertex 5.197747 0.025 -23.089764
    endloop
  endfacet
  facet normal 0.846725067 -0 0.532030695
    outer loop
      vertex 5.197747 0.025 -23.089764
      vertex 5.376453 1.83 -23.374174
      vertex 5.197747 1.83 -23.089764
    endloop
  endfacet
  facet normal 0.707103804 -0 0.707109758
    outer loop
      vertex 5.197747 0.025 -23.089764
      vertex 5.197747 1.83 -23.089764
      vertex 4.960235 0.025 -22.852254
    endloop
  endfacet
  facet normal 0.707103804 -0 0.707109758
    outer loop
      vertex 4.960235 0.025 -22.852254
      vertex 5.197747 1.83 -23.089764
      vertex 4.960235 1.83 -22.852254
    endloop
  endfacet
  facet normal 0.53203417 -0 0.846722884
    outer loop
      vertex 4.960235 0.025 -22.852254
      vertex 4.960235 1.83 -22.852254
      vertex 4.675826 0.025 -22.673547
    endloop
  endfacet
  facet normal 0.53203417 -0 0.846722884
    outer loop
      vertex 4.675826 0.025 -22.673547
      vertex 4.960235 1.83 -22.852254
      vertex 4.675826 1.83 -22.673547
    endloop
  endfacet
  facet normal 0.330276824 -0 0.943884113
    outer loop
      vertex 4.675826 0.025 -22.673547
      vertex 4.675826 1.83 -22.673547
      vertex 4.358781 0.025 -22.562609
    endloop
  endfacet
  facet normal 0.330276824 -0 0.943884113
    outer loop
      vertex 4.358781 0.025 -22.562609
      vertex 4.675826 1.83 -22.673547
      vertex 4.358781 1.83 -22.562609
    endloop
  endfacet
  facet normal 0.111964222 -0 0.993712239
    outer loop
      vertex 4.358781 0.025 -22.562609
      vertex 4.358781 1.83 -22.562609
      vertex 4.025 0.025 -22.525001
    endloop
  endfacet
  facet normal 0.111964222 -0 0.993712239
    outer loop
      vertex 4.025 0.025 -22.525001
      vertex 4.358781 1.83 -22.562609
      vertex 4.025 1.83 -22.525001
    endloop
  endfacet
  facet normal -0.11196389 0 0.993712276
    outer loop
      vertex 4.025 0.025 -22.525001
      vertex 4.025 1.83 -22.525001
      vertex 3.691218 0.025 -22.562609
    endloop
  endfacet
  facet normal -0.11196389 0 0.993712276
    outer loop
      vertex 3.691218 0.025 -22.562609
      vertex 4.025 1.83 -22.525001
      vertex 3.691218 1.83 -22.562609
    endloop
  endfacet
  facet normal -0.330278681 0 0.943883464
    outer loop
      vertex 3.691218 0.025 -22.562609
      vertex 3.691218 1.83 -22.562609
      vertex 3.374175 0.025 -22.673547
    endloop
  endfacet
  facet normal -0.330278681 0 0.943883464
    outer loop
      vertex 3.374175 0.025 -22.673547
      vertex 3.691218 1.83 -22.562609
      vertex 3.374175 1.83 -22.673547
    endloop
  endfacet
  facet normal -0.532032829 0 0.846723726
    outer loop
      vertex 3.374175 0.025 -22.673547
      vertex 3.374175 1.83 -22.673547
      vertex 3.089765 0.025 -22.852254
    endloop
  endfacet
  facet normal -0.532032829 0 0.846723726
    outer loop
      vertex 3.089765 0.025 -22.852254
      vertex 3.374175 1.83 -22.673547
      vertex 3.089765 1.83 -22.852254
    endloop
  endfacet
  facet normal -0.707103804 0 0.707109758
    outer loop
      vertex 3.089765 0.025 -22.852254
      vertex 3.089765 1.83 -22.852254
      vertex 2.852253 0.025 -23.089764
    endloop
  endfacet
  facet normal -0.707103804 0 0.707109758
    outer loop
      vertex 2.852253 0.025 -23.089764
      vertex 3.089765 1.83 -22.852254
      vertex 2.852253 1.83 -23.089764
    endloop
  endfacet
  facet normal -0.846725067 0 0.532030695
    outer loop
      vertex 2.852253 0.025 -23.089764
      vertex 2.852253 1.83 -23.089764
      vertex 2.673547 0.025 -23.374174
    endloop
  endfacet
  facet normal -0.846725067 0 0.532030695
    outer loop
      vertex 2.673547 0.025 -23.374174
      vertex 2.852253 1.83 -23.089764
      vertex 2.673547 1.83 -23.374174
    endloop
  endfacet
  facet normal -0.94388286 0 0.330280405
    outer loop
      vertex 2.673547 0.025 -23.374174
      vertex 2.673547 1.83 -23.374174
      vertex 2.562608 0.025 -23.691218
    endloop
  endfacet
  facet normal -0.94388286 0 0.330280405
    outer loop
      vertex 2.562608 0.025 -23.691218
      vertex 2.673547 1.83 -23.374174
      vertex 2.562608 1.83 -23.691218
    endloop
  endfacet
  facet normal -0.993712239 0 0.111964222
    outer loop
      vertex 2.562608 0.025 -23.691218
      vertex 2.562608 1.83 -23.691218
      vertex 2.525 0.025 -24.024999
    endloop
  endfacet
  facet normal -0.993712239 0 0.111964222
    outer loop
      vertex 2.525 0.025 -24.024999
      vertex 2.562608 1.83 -23.691218
      vertex 2.525 1.83 -24.024999
    endloop
  endfacet
  facet normal -0.993712239 0 -0.111964222
    outer loop
      vertex 2.525 0.025 -24.024999
      vertex 2.525 1.83 -24.024999
      vertex 2.562608 0.025 -24.35878
    endloop
  endfacet
  facet normal -0.993712239 0 -0.111964222
    outer loop
      vertex 2.562608 0.025 -24.35878
      vertex 2.525 1.83 -24.024999
      vertex 2.562608 1.83 -24.35878
    endloop
  endfacet
  facet normal -0.943883185 0 -0.330279477
    outer loop
      vertex 2.562608 0.025 -24.35878
      vertex 2.562608 1.83 -24.35878
      vertex 2.673547 0.025 -24.675825
    endloop
  endfacet
  facet normal -0.943883185 0 -0.330279477
    outer loop
      vertex 2.673547 0.025 -24.675825
      vertex 2.562608 1.83 -24.35878
      vertex 2.673547 1.83 -24.675825
    endloop
  endfacet
  facet normal -0.846724225 0 -0.532032036
    outer loop
      vertex 2.673547 0.025 -24.675825
      vertex 2.673547 1.83 -24.675825
      vertex 2.852253 0.025 -24.960234
    endloop
  endfacet
  facet normal -0.846724225 0 -0.532032036
    outer loop
      vertex 2.852253 0.025 -24.960234
      vertex 2.673547 1.83 -24.675825
      vertex 2.852253 1.83 -24.960234
    endloop
  endfacet
  facet normal -0.70710827 0 -0.707105293
    outer loop
      vertex 2.852253 0.025 -24.960234
      vertex 2.852253 1.83 -24.960234
      vertex 3.089765 0.025 -25.197747
    endloop
  endfacet
  facet normal -0.70710827 0 -0.707105293
    outer loop
      vertex 3.089765 0.025 -25.197747
      vertex 2.852253 1.83 -24.960234
      vertex 3.089765 1.83 -25.197747
    endloop
  endfacet
  facet normal -0.532030695 0 -0.846725067
    outer loop
      vertex 3.089765 0.025 -25.197747
      vertex 3.089765 1.83 -25.197747
      vertex 3.374175 0.025 -25.376453
    endloop
  endfacet
  facet normal -0.532030695 0 -0.846725067
    outer loop
      vertex 3.374175 0.025 -25.376453
      vertex 3.089765 1.83 -25.197747
      vertex 3.374175 1.83 -25.376453
    endloop
  endfacet
  facet normal -0.330281333 0 -0.943882536
    outer loop
      vertex 3.374175 0.025 -25.376453
      vertex 3.374175 1.83 -25.376453
      vertex 3.691218 0.025 -25.487392
    endloop
  endfacet
  facet normal -0.330281333 0 -0.943882536
    outer loop
      vertex 3.691218 0.025 -25.487392
      vertex 3.374175 1.83 -25.376453
      vertex 3.691218 1.83 -25.487392
    endloop
  endfacet
  facet normal 0.120537402 0 0.992708786
    outer loop
      vertex 3.700855 2.83 -21.213677
      vertex 4 1.83 -21.25
      vertex 4 2.83 -21.25
    endloop
  endfacet
  facet normal -0.1205378 0 0.992708738
    outer loop
      vertex 4 2.83 -21.25
      vertex 4 1.83 -21.25
      vertex 4.299144 1.83 -21.213677
    endloop
  endfacet
  facet normal -0.1205378 0 0.992708738
    outer loop
      vertex 4 2.83 -21.25
      vertex 4.299144 1.83 -21.213677
      vertex 4.299144 2.83 -21.213677
    endloop
  endfacet
  facet normal -0.354603515 0 0.935016763
    outer loop
      vertex 4.299144 2.83 -21.213677
      vertex 4.299144 1.83 -21.213677
      vertex 4.580904 1.83 -21.10682
    endloop
  endfacet
  facet normal -0.354603515 0 0.935016763
    outer loop
      vertex 4.299144 2.83 -21.213677
      vertex 4.580904 1.83 -21.10682
      vertex 4.580904 2.83 -21.10682
    endloop
  endfacet
  facet normal -0.568066208 0 0.822982857
    outer loop
      vertex 4.580904 2.83 -21.10682
      vertex 4.580904 1.83 -21.10682
      vertex 4.828903 1.83 -20.935638
    endloop
  endfacet
  facet normal -0.568066208 0 0.822982857
    outer loop
      vertex 4.580904 2.83 -21.10682
      vertex 4.828903 1.83 -20.935638
      vertex 4.828903 2.83 -20.935638
    endloop
  endfacet
  facet normal -0.748507749 0 0.663126044
    outer loop
      vertex 4.828903 2.83 -20.935638
      vertex 4.828903 1.83 -20.935638
      vertex 5.02873 1.83 -20.710082
    endloop
  endfacet
  facet normal -0.748507749 0 0.663126044
    outer loop
      vertex 4.828903 2.83 -20.935638
      vertex 5.02873 1.83 -20.710082
      vertex 5.02873 2.83 -20.710082
    endloop
  endfacet
  facet normal -0.885456146 0 0.464722943
    outer loop
      vertex 5.02873 2.83 -20.710082
      vertex 5.02873 1.83 -20.710082
      vertex 5.168771 1.83 -20.443256
    endloop
  endfacet
  facet normal -0.885456146 0 0.464722943
    outer loop
      vertex 5.02873 2.83 -20.710082
      vertex 5.168771 1.83 -20.443256
      vertex 5.168771 2.83 -20.443256
    endloop
  endfacet
  facet normal -0.970942377 0 0.239313394
    outer loop
      vertex 5.168771 2.83 -20.443256
      vertex 5.168771 1.83 -20.443256
      vertex 5.240886 1.83 -20.150671
    endloop
  endfacet
  facet normal -0.970942377 0 0.239313394
    outer loop
      vertex 5.168771 2.83 -20.443256
      vertex 5.240886 1.83 -20.150671
      vertex 5.240886 2.83 -20.150671
    endloop
  endfacet
  facet normal -1 0 0
    outer loop
      vertex 5.240886 2.83 -20.150671
      vertex 5.240886 1.83 -20.150671
      vertex 5.240886 1.83 -19.849329
    endloop
  endfacet
  facet normal -1 0 0
    outer loop
      vertex 5.240886 2.83 -20.150671
      vertex 5.240886 1.83 -19.849329
      vertex 5.240886 2.83 -19.849329
    endloop
  endfacet
  facet normal -0.970942377 -0 -0.239313394
    outer loop
      vertex 5.240886 2.83 -19.849329
      vertex 5.240886 1.83 -19.849329
      vertex 5.168771 1.83 -19.556744
    endloop
  endfacet
  facet normal -0.970942377 0 -0.239313394
    outer loop
      vertex 5.240886 2.83 -19.849329
      vertex 5.168771 1.83 -19.556744
      vertex 5.168771 2.83 -19.556744
    endloop
  endfacet
  facet normal -0.885455429 -0 -0.464724309
    outer loop
      vertex 5.168771 2.83 -19.556744
      vertex 5.168771 1.83 -19.556744
      vertex 5.02873 1.83 -19.289919
    endloop
  endfacet
  facet normal -0.885455429 0 -0.464724309
    outer loop
      vertex 5.168771 2.83 -19.556744
      vertex 5.02873 1.83 -19.289919
      vertex 5.02873 2.83 -19.289919
    endloop
  endfacet
  facet normal -0.748509208 -0 -0.663124397
    outer loop
      vertex 5.02873 2.83 -19.289919
      vertex 5.02873 1.83 -19.289919
      vertex 4.828903 1.83 -19.064362
    endloop
  endfacet
  facet normal -0.748509208 0 -0.663124397
    outer loop
      vertex 5.02873 2.83 -19.289919
      vertex 4.828903 1.83 -19.064362
      vertex 4.828903 2.83 -19.064362
    endloop
  endfacet
  facet normal -0.568066208 -0 -0.822982857
    outer loop
      vertex 4.828903 2.83 -19.064362
      vertex 4.828903 1.83 -19.064362
      vertex 4.580904 1.83 -18.89318
    endloop
  endfacet
  facet normal -0.568066208 0 -0.822982857
    outer loop
      vertex 4.828903 2.83 -19.064362
      vertex 4.580904 1.83 -18.89318
      vertex 4.580904 2.83 -18.89318
    endloop
  endfacet
  facet normal -0.354603515 -0 -0.935016763
    outer loop
      vertex 4.580904 2.83 -18.89318
      vertex 4.580904 1.83 -18.89318
      vertex 4.299144 1.83 -18.786323
    endloop
  endfacet
  facet normal -0.354603515 0 -0.935016763
    outer loop
      vertex 4.580904 2.83 -18.89318
      vertex 4.299144 1.83 -18.786323
      vertex 4.299144 2.83 -18.786323
    endloop
  endfacet
  facet normal -0.1205378 -0 -0.992708738
    outer loop
      vertex 4.299144 2.83 -18.786323
      vertex 4.299144 1.83 -18.786323
      vertex 4 2.83 -18.75
    endloop
  endfacet
  facet normal -0.1205378 -0 -0.992708738
    outer loop
      vertex 4 2.83 -18.75
      vertex 4.299144 1.83 -18.786323
      vertex 4 1.83 -18.75
    endloop
  endfacet
  facet normal 0.120537402 0 -0.992708786
    outer loop
      vertex 4 2.83 -18.75
      vertex 4 1.83 -18.75
      vertex 3.700855 2.83 -18.786323
    endloop
  endfacet
  facet normal 0.120537402 0 -0.992708786
    outer loop
      vertex 3.700855 2.83 -18.786323
      vertex 4 1.83 -18.75
      vertex 3.700855 1.83 -18.786323
    endloop
  endfacet
  facet normal 0.354604615 0 -0.935016346
    outer loop
      vertex 3.700855 2.83 -18.786323
      vertex 3.700855 1.83 -18.786323
      vertex 3.419096 1.83 -18.89318
    endloop
  endfacet
  facet normal 0.120537402 0 0.992708786
    outer loop
      vertex 4 1.83 -21.25
      vertex 3.700855 2.83 -21.213677
      vertex 3.700855 1.83 -21.213677
    endloop
  endfacet
  facet normal 0.354604615 -0 0.935016346
    outer loop
      vertex 3.700855 1.83 -21.213677
      vertex 3.700855 2.83 -21.213677
      vertex 3.419096 2.83 -21.10682
    endloop
  endfacet
  facet normal 0.354604615 0 0.935016346
    outer loop
      vertex 3.700855 1.83 -21.213677
      vertex 3.419096 2.83 -21.10682
      vertex 3.419096 1.83 -21.10682
    endloop
  endfacet
  facet normal 0.568066208 -0 0.822982857
    outer loop
      vertex 3.419096 1.83 -21.10682
      vertex 3.419096 2.83 -21.10682
      vertex 3.171097 2.83 -20.935638
    endloop
  endfacet
  facet normal 0.568066208 0 0.822982857
    outer loop
      vertex 3.419096 1.83 -21.10682
      vertex 3.171097 2.83 -20.935638
      vertex 3.171097 1.83 -20.935638
    endloop
  endfacet
  facet normal 0.748507749 -0 0.663126044
    outer loop
      vertex 3.171097 1.83 -20.935638
      vertex 3.171097 2.83 -20.935638
      vertex 2.97127 2.83 -20.710082
    endloop
  endfacet
  facet normal 0.748507749 0 0.663126044
    outer loop
      vertex 3.171097 1.83 -20.935638
      vertex 2.97127 2.83 -20.710082
      vertex 2.97127 1.83 -20.710082
    endloop
  endfacet
  facet normal 0.885457511 -0 0.464720342
    outer loop
      vertex 2.97127 1.83 -20.710082
      vertex 2.97127 2.83 -20.710082
      vertex 2.83123 2.83 -20.443256
    endloop
  endfacet
  facet normal 0.885457511 0 0.464720342
    outer loop
      vertex 2.97127 1.83 -20.710082
      vertex 2.83123 2.83 -20.443256
      vertex 2.83123 1.83 -20.443256
    endloop
  endfacet
  facet normal 0.970941606 -0 0.239316523
    outer loop
      vertex 2.83123 1.83 -20.443256
      vertex 2.83123 2.83 -20.443256
      vertex 2.759114 2.83 -20.150671
    endloop
  endfacet
  facet normal 0.970941606 0 0.239316523
    outer loop
      vertex 2.83123 1.83 -20.443256
      vertex 2.759114 2.83 -20.150671
      vertex 2.759114 1.83 -20.150671
    endloop
  endfacet
  facet normal 1 0 0
    outer loop
      vertex 2.759114 1.83 -20.150671
      vertex 2.759114 2.83 -20.150671
      vertex 2.759114 2.83 -19.849329
    endloop
  endfacet
  facet normal 1 0 0
    outer loop
      vertex 2.759114 1.83 -20.150671
      vertex 2.759114 2.83 -19.849329
      vertex 2.759114 1.83 -19.849329
    endloop
  endfacet
  facet normal 0.970941606 0 -0.239316523
    outer loop
      vertex 2.759114 1.83 -19.849329
      vertex 2.759114 2.83 -19.849329
      vertex 2.83123 2.83 -19.556744
    endloop
  endfacet
  facet normal 0.970941606 0 -0.239316523
    outer loop
      vertex 2.759114 1.83 -19.849329
      vertex 2.83123 2.83 -19.556744
      vertex 2.83123 1.83 -19.556744
    endloop
  endfacet
  facet normal 0.885456795 0 -0.464721707
    outer loop
      vertex 2.83123 1.83 -19.556744
      vertex 2.83123 2.83 -19.556744
      vertex 2.97127 2.83 -19.289919
    endloop
  endfacet
  facet normal 0.885456795 0 -0.464721707
    outer loop
      vertex 2.83123 1.83 -19.556744
      vertex 2.97127 2.83 -19.289919
      vertex 2.97127 1.83 -19.289919
    endloop
  endfacet
  facet normal 0.748509208 0 -0.663124397
    outer loop
      vertex 2.97127 1.83 -19.289919
      vertex 2.97127 2.83 -19.289919
      vertex 3.171097 2.83 -19.064362
    endloop
  endfacet
  facet normal 0.748509208 0 -0.663124397
    outer loop
      vertex 2.97127 1.83 -19.289919
      vertex 3.171097 2.83 -19.064362
      vertex 3.171097 1.83 -19.064362
    endloop
  endfacet
  facet normal 0.568066208 0 -0.822982857
    outer loop
      vertex 3.171097 1.83 -19.064362
      vertex 3.171097 2.83 -19.064362
      vertex 3.419096 2.83 -18.89318
    endloop
  endfacet
  facet normal 0.568066208 0 -0.822982857
    outer loop
      vertex 3.171097 1.83 -19.064362
      vertex 3.419096 2.83 -18.89318
      vertex 3.419096 1.83 -18.89318
    endloop
  endfacet
  facet normal 0.354604615 0 -0.935016346
    outer loop
      vertex 3.419096 1.83 -18.89318
      vertex 3.419096 2.83 -18.89318
      vertex 3.700855 2.83 -18.786323
    endloop
  endfacet
  facet normal -0 -1 0
    outer loop
      vertex 4.358781 0.025 -33.487391
      vertex 4.358781 0.025 -30.562608
      vertex 4.025 0.025 -33.525
    endloop
  endfacet
  facet normal 0 -1 0
    outer loop
      vertex 4.025 0.025 -33.525
      vertex 4.358781 0.025 -30.562608
      vertex 4.025 0.025 -30.525
    endloop
  endfacet
  facet normal 0 -1 0
    outer loop
      vertex 4.025 0.025 -33.525
      vertex 4.025 0.025 -30.525
      vertex 3.691218 0.025 -33.487391
    endloop
  endfacet
  facet normal 0 -1 0
    outer loop
      vertex 3.691218 0.025 -33.487391
      vertex 4.025 0.025 -30.525
      vertex 3.691218 0.025 -30.562608
    endloop
  endfacet
  facet normal 0 -1 0
    outer loop
      vertex 3.691218 0.025 -33.487391
      vertex 3.691218 0.025 -30.562608
      vertex 3.374175 0.025 -33.376453
    endloop
  endfacet
  facet normal 0 -1 0
    outer loop
      vertex 3.374175 0.025 -33.376453
      vertex 3.691218 0.025 -30.562608
      vertex 3.374175 0.025 -30.673547
    endloop
  endfacet
  facet normal 0 -1 0
    outer loop
      vertex 3.374175 0.025 -33.376453
      vertex 3.374175 0.025 -30.673547
      vertex 3.089765 0.025 -33.197746
    endloop
  endfacet
  facet normal 0 -1 0
    outer loop
      vertex 3.089765 0.025 -33.197746
      vertex 3.374175 0.025 -30.673547
      vertex 3.089765 0.025 -30.852253
    endloop
  endfacet
  facet normal 0 -1 0
    outer loop
      vertex 3.089765 0.025 -33.197746
      vertex 3.089765 0.025 -30.852253
      vertex 2.852253 0.025 -32.960234
    endloop
  endfacet
  facet normal 0 -1 0
    outer loop
      vertex 2.852253 0.025 -32.960234
      vertex 3.089765 0.025 -30.852253
      vertex 2.852253 0.025 -31.089766
    endloop
  endfacet
  facet normal 0 -1 0
    outer loop
      vertex 2.852253 0.025 -32.960234
      vertex 2.852253 0.025 -31.089766
      vertex 2.673547 0.025 -32.675827
    endloop
  endfacet
  facet normal 0 -1 0
    outer loop
      vertex 2.673547 0.025 -32.675827
      vertex 2.852253 0.025 -31.089766
      vertex 2.673547 0.025 -31.374176
    endloop
  endfacet
  facet normal 0 -1 0
    outer loop
      vertex 2.673547 0.025 -32.675827
      vertex 2.673547 0.025 -31.374176
      vertex 2.562608 0.025 -32.358782
    endloop
  endfacet
  facet normal 0 -1 0
    outer loop
      vertex 2.562608 0.025 -32.358782
      vertex 2.673547 0.025 -31.374176
      vertex 2.562608 0.025 -31.691217
    endloop
  endfacet
  facet normal 0 -1 0
    outer loop
      vertex 2.562608 0.025 -32.358782
      vertex 2.562608 0.025 -31.691217
      vertex 2.525 0.025 -32.025001
    endloop
  endfacet
  facet normal 0 -1 0
    outer loop
      vertex 4.358781 0.025 -30.562608
      vertex 4.358781 0.025 -33.487391
      vertex 4.675826 0.025 -30.673547
    endloop
  endfacet
  facet normal 0 -1 -0
    outer loop
      vertex 4.675826 0.025 -30.673547
      vertex 4.358781 0.025 -33.487391
      vertex 4.675826 0.025 -33.376453
    endloop
  endfacet
  facet normal 0 -1 0
    outer loop
      vertex 4.675826 0.025 -30.673547
      vertex 4.675826 0.025 -33.376453
      vertex 4.960235 0.025 -30.852253
    endloop
  endfacet
  facet normal 0 -1 -0
    outer loop
      vertex 4.960235 0.025 -30.852253
      vertex 4.675826 0.025 -33.376453
      vertex 4.960235 0.025 -33.197746
    endloop
  endfacet
  facet normal 0 -1 0
    outer loop
      vertex 4.960235 0.025 -30.852253
      vertex 4.960235 0.025 -33.197746
      vertex 5.197747 0.025 -31.089766
    endloop
  endfacet
  facet normal 0 -1 -0
    outer loop
      vertex 5.197747 0.025 -31.089766
      vertex 4.960235 0.025 -33.197746
      vertex 5.197747 0.025 -32.960234
    endloop
  endfacet
  facet normal 0 -1 0
    outer loop
      vertex 5.197747 0.025 -31.089766
      vertex 5.197747 0.025 -32.960234
      vertex 5.376453 0.025 -31.374176
    endloop
  endfacet
  facet normal 0 -1 -0
    outer loop
      vertex 5.376453 0.025 -31.374176
      vertex 5.197747 0.025 -32.960234
      vertex 5.376453 0.025 -32.675827
    endloop
  endfacet
  facet normal 0 -1 0
    outer loop
      vertex 5.376453 0.025 -31.374176
      vertex 5.376453 0.025 -32.675827
      vertex 5.487392 0.025 -31.691217
    endloop
  endfacet
  facet normal 0 -1 -0
    outer loop
      vertex 5.487392 0.025 -31.691217
      vertex 5.376453 0.025 -32.675827
      vertex 5.487392 0.025 -32.358782
    endloop
  endfacet
  facet normal 0 -1 0
    outer loop
      vertex 5.487392 0.025 -31.691217
      vertex 5.487392 0.025 -32.358782
      vertex 5.525 0.025 -32.025001
    endloop
  endfacet
  facet normal -0 -1 0
    outer loop
      vertex 4.358781 0.025 -25.487392
      vertex 4.358781 0.025 -22.562609
      vertex 4.025 0.025 -25.525
    endloop
  endfacet
  facet normal 0 -1 0
    outer loop
      vertex 4.025 0.025 -25.525
      vertex 4.358781 0.025 -22.562609
      vertex 4.025 0.025 -22.525001
    endloop
  endfacet
  facet normal 0 -1 0
    outer loop
      vertex 4.025 0.025 -25.525
      vertex 4.025 0.025 -22.525001
      vertex 3.691218 0.025 -25.487392
    endloop
  endfacet
  facet normal 0 -1 0
    outer loop
      vertex 3.691218 0.025 -25.487392
      vertex 4.025 0.025 -22.525001
      vertex 3.691218 0.025 -22.562609
    endloop
  endfacet
  facet normal 0 -1 0
    outer loop
      vertex 3.691218 0.025 -25.487392
      vertex 3.691218 0.025 -22.562609
      vertex 3.374175 0.025 -25.376453
    endloop
  endfacet
  facet normal 0 -1 0
    outer loop
      vertex 3.374175 0.025 -25.376453
      vertex 3.691218 0.025 -22.562609
      vertex 3.374175 0.025 -22.673547
    endloop
  endfacet
  facet normal 0 -1 0
    outer loop
      vertex 3.374175 0.025 -25.376453
      vertex 3.374175 0.025 -22.673547
      vertex 3.089765 0.025 -25.197747
    endloop
  endfacet
  facet normal 0 -1 0
    outer loop
      vertex 3.089765 0.025 -25.197747
      vertex 3.374175 0.025 -22.673547
      vertex 3.089765 0.025 -22.852254
    endloop
  endfacet
  facet normal 0 -1 0
    outer loop
      vertex 3.089765 0.025 -25.197747
      vertex 3.089765 0.025 -22.852254
      vertex 2.852253 0.025 -24.960234
    endloop
  endfacet
  facet normal 0 -1 0
    outer loop
      vertex 2.852253 0.025 -24.960234
      vertex 3.089765 0.025 -22.852254
      vertex 2.852253 0.025 -23.089764
    endloop
  endfacet
  facet normal 0 -1 0
    outer loop
      vertex 2.852253 0.025 -24.960234
      vertex 2.852253 0.025 -23.089764
      vertex 2.673547 0.025 -24.675825
    endloop
  endfacet
  facet normal 0 -1 0
    outer loop
      vertex 2.673547 0.025 -24.675825
      vertex 2.852253 0.025 -23.089764
      vertex 2.673547 0.025 -23.374174
    endloop
  endfacet
  facet normal 0 -1 0
    outer loop
      vertex 2.673547 0.025 -24.675825
      vertex 2.673547 0.025 -23.374174
      vertex 2.562608 0.025 -24.35878
    endloop
  endfacet
  facet normal 0 -1 0
    outer loop
      vertex 2.562608 0.025 -24.35878
      vertex 2.673547 0.025 -23.374174
      vertex 2.562608 0.025 -23.691218
    endloop
  endfacet
  facet normal 0 -1 0
    outer loop
      vertex 2.562608 0.025 -24.35878
      vertex 2.562608 0.025 -23.691218
      vertex 2.525 0.025 -24.024999
    endloop
  endfacet
  facet normal 0 -1 0
    outer loop
      vertex 4.358781 0.025 -22.562609
      vertex 4.358781 0.025 -25.487392
      vertex 4.675826 0.025 -22.673547
    endloop
  endfacet
  facet normal 0 -1 -0
    outer loop
      vertex 4.675826 0.025 -22.673547
      vertex 4.358781 0.025 -25.487392
      vertex 4.675826 0.025 -25.376453
    endloop
  endfacet
  facet normal 0 -1 0
    outer loop
      vertex 4.675826 0.025 -22.673547
      vertex 4.675826 0.025 -25.376453
      vertex 4.960235 0.025 -22.852254
    endloop
  endfacet
  facet normal 0 -1 -0
    outer loop
      vertex 4.960235 0.025 -22.852254
      vertex 4.675826 0.025 -25.376453
      vertex 4.960235 0.025 -25.197747
    endloop
  endfacet
  facet normal 0 -1 0
    outer loop
      vertex 4.960235 0.025 -22.852254
      vertex 4.960235 0.025 -25.197747
      vertex 5.197747 0.025 -23.089764
    endloop
  endfacet
  facet normal 0 -1 -0
    outer loop
      vertex 5.197747 0.025 -23.089764
      vertex 4.960235 0.025 -25.197747
      vertex 5.197747 0.025 -24.960234
    endloop
  endfacet
  facet normal 0 -1 0
    outer loop
      vertex 5.197747 0.025 -23.089764
      vertex 5.197747 0.025 -24.960234
      vertex 5.376453 0.025 -23.374174
    endloop
  endfacet
  facet normal 0 -1 -0
    outer loop
      vertex 5.376453 0.025 -23.374174
      vertex 5.197747 0.025 -24.960234
      vertex 5.376453 0.025 -24.675825
    endloop
  endfacet
  facet normal 0 -1 0
    outer loop
      vertex 5.376453 0.025 -23.374174
      vertex 5.376453 0.025 -24.675825
      vertex 5.487392 0.025 -23.691218
    endloop
  endfacet
  facet normal 0 -1 -0
    outer loop
      vertex 5.487392 0.025 -23.691218
      vertex 5.376453 0.025 -24.675825
      vertex 5.487392 0.025 -24.35878
    endloop
  endfacet
  facet normal 0 -1 0
    outer loop
      vertex 5.487392 0.025 -23.691218
      vertex 5.487392 0.025 -24.35878
      vertex 5.525 0.025 -24.024999
    endloop
  endfacet
  facet normal -0 -1 0
    outer loop
      vertex 4.299144 2.83 -21.213677
      vertex 4.299144 2.83 -18.786323
      vertex 4 2.83 -21.25
    endloop
  endfacet
  facet normal 0 -1 0
    outer loop
      vertex 4 2.83 -21.25
      vertex 4.299144 2.83 -18.786323
      vertex 4 2.83 -18.75
    endloop
  endfacet
  facet normal 0 -1 0
    outer loop
      vertex 4 2.83 -21.25
      vertex 4 2.83 -18.75
      vertex 3.700855 2.83 -21.213677
    endloop
  endfacet
  facet normal 0 -1 0
    outer loop
      vertex 3.700855 2.83 -21.213677
      vertex 4 2.83 -18.75
      vertex 3.700855 2.83 -18.786323
    endloop
  endfacet
  facet normal 0 -1 0
    outer loop
      vertex 3.700855 2.83 -21.213677
      vertex 3.700855 2.83 -18.786323
      vertex 3.419096 2.83 -21.10682
    endloop
  endfacet
  facet normal 0 -1 0
    outer loop
      vertex 3.419096 2.83 -21.10682
      vertex 3.700855 2.83 -18.786323
      vertex 3.419096 2.83 -18.89318
    endloop
  endfacet
  facet normal 0 -1 0
    outer loop
      vertex 3.419096 2.83 -21.10682
      vertex 3.419096 2.83 -18.89318
      vertex 3.171097 2.83 -20.935638
    endloop
  endfacet
  facet normal 0 -1 0
    outer loop
      vertex 3.171097 2.83 -20.935638
      vertex 3.419096 2.83 -18.89318
      vertex 3.171097 2.83 -19.064362
    endloop
  endfacet
  facet normal 0 -1 0
    outer loop
      vertex 3.171097 2.83 -20.935638
      vertex 3.171097 2.83 -19.064362
      vertex 2.97127 2.83 -20.710082
    endloop
  endfacet
  facet normal 0 -1 0
    outer loop
      vertex 2.97127 2.83 -20.710082
      vertex 3.171097 2.83 -19.064362
      vertex 2.97127 2.83 -19.289919
    endloop
  endfacet
  facet normal 0 -1 0
    outer loop
      vertex 2.97127 2.83 -20.710082
      vertex 2.97127 2.83 -19.289919
      vertex 2.83123 2.83 -20.443256
    endloop
  endfacet
  facet normal 0 -1 0
    outer loop
      vertex 2.83123 2.83 -20.443256
      vertex 2.97127 2.83 -19.289919
      vertex 2.83123 2.83 -19.556744
    endloop
  endfacet
  facet normal 0 -1 0
    outer loop
      vertex 2.83123 2.83 -20.443256
      vertex 2.83123 2.83 -19.556744
      vertex 2.759114 2.83 -20.150671
    endloop
  endfacet
  facet normal 0 -1 0
    outer loop
      vertex 2.759114 2.83 -20.150671
      vertex 2.83123 2.83 -19.556744
      vertex 2.759114 2.83 -19.849329
    endloop
  endfacet
  facet normal 0 -1 0
    outer loop
      vertex 4.299144 2.83 -18.786323
      vertex 4.299144 2.83 -21.213677
      vertex 4.580904 2.83 -18.89318
    endloop
  endfacet
  facet normal 0 -1 -0
    outer loop
      vertex 4.580904 2.83 -18.89318
      vertex 4.299144 2.83 -21.213677
      vertex 4.580904 2.83 -21.10682
    endloop
  endfacet
  facet normal 0 -1 0
    outer loop
      vertex 4.580904 2.83 -18.89318
      vertex 4.580904 2.83 -21.10682
      vertex 4.828903 2.83 -19.064362
    endloop
  endfacet
  facet normal 0 -1 -0
    outer loop
      vertex 4.828903 2.83 -19.064362
      vertex 4.580904 2.83 -21.10682
      vertex 4.828903 2.83 -20.935638
    endloop
  endfacet
  facet normal 0 -1 0
    outer loop
      vertex 4.828903 2.83 -19.064362
      vertex 4.828903 2.83 -20.935638
      vertex 5.02873 2.83 -19.289919
    endloop
  endfacet
  facet normal 0 -1 -0
    outer loop
      vertex 5.02873 2.83 -19.289919
      vertex 4.828903 2.83 -20.935638
      vertex 5.02873 2.83 -20.710082
    endloop
  endfacet
  facet normal 0 -1 0
    outer loop
      vertex 5.02873 2.83 -19.289919
      vertex 5.02873 2.83 -20.710082
      vertex 5.168771 2.83 -19.556744
    endloop
  endfacet
  facet normal 0 -1 -0
    outer loop
      vertex 5.168771 2.83 -19.556744
      vertex 5.02873 2.83 -20.710082
      vertex 5.168771 2.83 -20.443256
    endloop
  endfacet
  facet normal 0 -1 0
    outer loop
      vertex 5.168771 2.83 -19.556744
      vertex 5.168771 2.83 -20.443256
      vertex 5.240886 2.83 -19.849329
    endloop
  endfacet
  facet normal 0 -1 -0
    outer loop
      vertex 5.240886 2.83 -19.849329
      vertex 5.168771 2.83 -20.443256
      vertex 5.240886 2.83 -20.150671
    endloop
  endfacet
  facet normal 0.120540673 0 0.992708389
    outer loop
      vertex 3.700855 2.83 -29.213676
      vertex 4 1.83 -29.25
      vertex 4 2.83 -29.25
    endloop
  endfacet
  facet normal -0.12054107 0 0.992708341
    outer loop
      vertex 4 2.83 -29.25
      vertex 4 1.83 -29.25
      vertex 4.299144 1.83 -29.213676
    endloop
  endfacet
  facet normal -0.12054107 0 0.992708341
    outer loop
      vertex 4 2.83 -29.25
      vertex 4.299144 1.83 -29.213676
      vertex 4.299144 2.83 -29.213676
    endloop
  endfacet
  facet normal -0.354600613 0 0.935017863
    outer loop
      vertex 4.299144 2.83 -29.213676
      vertex 4.299144 1.83 -29.213676
      vertex 4.580904 1.83 -29.10682
    endloop
  endfacet
  facet normal -0.354600613 0 0.935017863
    outer loop
      vertex 4.299144 2.83 -29.213676
      vertex 4.580904 1.83 -29.10682
      vertex 4.580904 2.83 -29.10682
    endloop
  endfacet
  facet normal -0.568068455 0 0.822981306
    outer loop
      vertex 4.580904 2.83 -29.10682
      vertex 4.580904 1.83 -29.10682
      vertex 4.828903 1.83 -28.935637
    endloop
  endfacet
  facet normal -0.568068455 0 0.822981306
    outer loop
      vertex 4.580904 2.83 -29.10682
      vertex 4.828903 1.83 -28.935637
      vertex 4.828903 2.83 -28.935637
    endloop
  endfacet
  facet normal -0.74850629 0 0.663127691
    outer loop
      vertex 4.828903 2.83 -28.935637
      vertex 4.828903 1.83 -28.935637
      vertex 5.02873 1.83 -28.710082
    endloop
  endfacet
  facet normal -0.74850629 0 0.663127691
    outer loop
      vertex 4.828903 2.83 -28.935637
      vertex 5.02873 1.83 -28.710082
      vertex 5.02873 2.83 -28.710082
    endloop
  endfacet
  facet normal -0.885456862 0 0.464721578
    outer loop
      vertex 5.02873 2.83 -28.710082
      vertex 5.02873 1.83 -28.710082
      vertex 5.168771 1.83 -28.443255
    endloop
  endfacet
  facet normal -0.885456862 0 0.464721578
    outer loop
      vertex 5.02873 2.83 -28.710082
      vertex 5.168771 1.83 -28.443255
      vertex 5.168771 2.83 -28.443255
    endloop
  endfacet
  facet normal -0.970942187 0 0.239314166
    outer loop
      vertex 5.168771 2.83 -28.443255
      vertex 5.168771 1.83 -28.443255
      vertex 5.240886 1.83 -28.150671
    endloop
  endfacet
  facet normal -0.970942187 0 0.239314166
    outer loop
      vertex 5.168771 2.83 -28.443255
      vertex 5.240886 1.83 -28.150671
      vertex 5.240886 2.83 -28.150671
    endloop
  endfacet
  facet normal -1 0 0
    outer loop
      vertex 5.240886 2.83 -28.150671
      vertex 5.240886 1.83 -28.150671
      vertex 5.240886 1.83 -27.849329
    endloop
  endfacet
  facet normal -1 0 0
    outer loop
      vertex 5.240886 2.83 -28.150671
      vertex 5.240886 1.83 -27.849329
      vertex 5.240886 2.83 -27.849329
    endloop
  endfacet
  facet normal -0.970942377 -0 -0.239313394
    outer loop
      vertex 5.240886 2.83 -27.849329
      vertex 5.240886 1.83 -27.849329
      vertex 5.168771 1.83 -27.556744
    endloop
  endfacet
  facet normal -0.970942377 0 -0.239313394
    outer loop
      vertex 5.240886 2.83 -27.849329
      vertex 5.168771 1.83 -27.556744
      vertex 5.168771 2.83 -27.556744
    endloop
  endfacet
  facet normal -0.885454712 -0 -0.464725674
    outer loop
      vertex 5.168771 2.83 -27.556744
      vertex 5.168771 1.83 -27.556744
      vertex 5.02873 1.83 -27.28992
    endloop
  endfacet
  facet normal -0.885454712 0 -0.464725674
    outer loop
      vertex 5.168771 2.83 -27.556744
      vertex 5.02873 1.83 -27.28992
      vertex 5.02873 2.83 -27.28992
    endloop
  endfacet
  facet normal -0.748510667 -0 -0.663122749
    outer loop
      vertex 5.02873 2.83 -27.28992
      vertex 5.02873 1.83 -27.28992
      vertex 4.828903 1.83 -27.064362
    endloop
  endfacet
  facet normal -0.748510667 0 -0.663122749
    outer loop
      vertex 5.02873 2.83 -27.28992
      vertex 4.828903 1.83 -27.064362
      vertex 4.828903 2.83 -27.064362
    endloop
  endfacet
  facet normal -0.568068455 -0 -0.822981306
    outer loop
      vertex 4.828903 2.83 -27.064362
      vertex 4.828903 1.83 -27.064362
      vertex 4.580904 1.83 -26.893179
    endloop
  endfacet
  facet normal -0.568068455 0 -0.822981306
    outer loop
      vertex 4.828903 2.83 -27.064362
      vertex 4.580904 1.83 -26.893179
      vertex 4.580904 2.83 -26.893179
    endloop
  endfacet
  facet normal -0.354600613 -0 -0.935017863
    outer loop
      vertex 4.580904 2.83 -26.893179
      vertex 4.580904 1.83 -26.893179
      vertex 4.299144 1.83 -26.786323
    endloop
  endfacet
  facet normal -0.354600613 0 -0.935017863
    outer loop
      vertex 4.580904 2.83 -26.893179
      vertex 4.299144 1.83 -26.786323
      vertex 4.299144 2.83 -26.786323
    endloop
  endfacet
  facet normal -0.1205378 -0 -0.992708738
    outer loop
      vertex 4.299144 2.83 -26.786323
      vertex 4.299144 1.83 -26.786323
      vertex 4 2.83 -26.75
    endloop
  endfacet
  facet normal -0.1205378 -0 -0.992708738
    outer loop
      vertex 4 2.83 -26.75
      vertex 4.299144 1.83 -26.786323
      vertex 4 1.83 -26.75
    endloop
  endfacet
  facet normal 0.120537402 0 -0.992708786
    outer loop
      vertex 4 2.83 -26.75
      vertex 4 1.83 -26.75
      vertex 3.700855 2.83 -26.786323
    endloop
  endfacet
  facet normal 0.120537402 0 -0.992708786
    outer loop
      vertex 3.700855 2.83 -26.786323
      vertex 4 1.83 -26.75
      vertex 3.700855 1.83 -26.786323
    endloop
  endfacet
  facet normal 0.354601714 0 -0.935017446
    outer loop
      vertex 3.700855 2.83 -26.786323
      vertex 3.700855 1.83 -26.786323
      vertex 3.419096 1.83 -26.893179
    endloop
  endfacet
  facet normal 0.120540673 0 0.992708389
    outer loop
      vertex 4 1.83 -29.25
      vertex 3.700855 2.83 -29.213676
      vertex 3.700855 1.83 -29.213676
    endloop
  endfacet
  facet normal 0.354601714 -0 0.935017446
    outer loop
      vertex 3.700855 1.83 -29.213676
      vertex 3.700855 2.83 -29.213676
      vertex 3.419096 2.83 -29.10682
    endloop
  endfacet
  facet normal 0.354601714 0 0.935017446
    outer loop
      vertex 3.700855 1.83 -29.213676
      vertex 3.419096 2.83 -29.10682
      vertex 3.419096 1.83 -29.10682
    endloop
  endfacet
  facet normal 0.568068455 -0 0.822981306
    outer loop
      vertex 3.419096 1.83 -29.10682
      vertex 3.419096 2.83 -29.10682
      vertex 3.171097 2.83 -28.935637
    endloop
  endfacet
  facet normal 0.568068455 0 0.822981306
    outer loop
      vertex 3.419096 1.83 -29.10682
      vertex 3.171097 2.83 -28.935637
      vertex 3.171097 1.83 -28.935637
    endloop
  endfacet
  facet normal 0.74850629 -0 0.663127691
    outer loop
      vertex 3.171097 1.83 -28.935637
      vertex 3.171097 2.83 -28.935637
      vertex 2.97127 2.83 -28.710082
    endloop
  endfacet
  facet normal 0.74850629 0 0.663127691
    outer loop
      vertex 3.171097 1.83 -28.935637
      vertex 2.97127 2.83 -28.710082
      vertex 2.97127 1.83 -28.710082
    endloop
  endfacet
  facet normal 0.885458228 -0 0.464718976
    outer loop
      vertex 2.97127 1.83 -28.710082
      vertex 2.97127 2.83 -28.710082
      vertex 2.83123 2.83 -28.443255
    endloop
  endfacet
  facet normal 0.885458228 0 0.464718976
    outer loop
      vertex 2.97127 1.83 -28.710082
      vertex 2.83123 2.83 -28.443255
      vertex 2.83123 1.83 -28.443255
    endloop
  endfacet
  facet normal 0.970941416 -0 0.239317294
    outer loop
      vertex 2.83123 1.83 -28.443255
      vertex 2.83123 2.83 -28.443255
      vertex 2.759114 2.83 -28.150671
    endloop
  endfacet
  facet normal 0.970941416 0 0.239317294
    outer loop
      vertex 2.83123 1.83 -28.443255
      vertex 2.759114 2.83 -28.150671
      vertex 2.759114 1.83 -28.150671
    endloop
  endfacet
  facet normal 1 0 0
    outer loop
      vertex 2.759114 1.83 -28.150671
      vertex 2.759114 2.83 -28.150671
      vertex 2.759114 2.83 -27.849329
    endloop
  endfacet
  facet normal 1 0 0
    outer loop
      vertex 2.759114 1.83 -28.150671
      vertex 2.759114 2.83 -27.849329
      vertex 2.759114 1.83 -27.849329
    endloop
  endfacet
  facet normal 0.970941606 0 -0.239316523
    outer loop
      vertex 2.759114 1.83 -27.849329
      vertex 2.759114 2.83 -27.849329
      vertex 2.83123 2.83 -27.556744
    endloop
  endfacet
  facet normal 0.970941606 0 -0.239316523
    outer loop
      vertex 2.759114 1.83 -27.849329
      vertex 2.83123 2.83 -27.556744
      vertex 2.83123 1.83 -27.556744
    endloop
  endfacet
  facet normal 0.885456078 0 -0.464723073
    outer loop
      vertex 2.83123 1.83 -27.556744
      vertex 2.83123 2.83 -27.556744
      vertex 2.97127 2.83 -27.28992
    endloop
  endfacet
  facet normal 0.885456078 0 -0.464723073
    outer loop
      vertex 2.83123 1.83 -27.556744
      vertex 2.97127 2.83 -27.28992
      vertex 2.97127 1.83 -27.28992
    endloop
  endfacet
  facet normal 0.748510667 0 -0.663122749
    outer loop
      vertex 2.97127 1.83 -27.28992
      vertex 2.97127 2.83 -27.28992
      vertex 3.171097 2.83 -27.064362
    endloop
  endfacet
  facet normal 0.748510667 0 -0.663122749
    outer loop
      vertex 2.97127 1.83 -27.28992
      vertex 3.171097 2.83 -27.064362
      vertex 3.171097 1.83 -27.064362
    endloop
  endfacet
  facet normal 0.568068455 0 -0.822981306
    outer loop
      vertex 3.171097 1.83 -27.064362
      vertex 3.171097 2.83 -27.064362
      vertex 3.419096 2.83 -26.893179
    endloop
  endfacet
  facet normal 0.568068455 0 -0.822981306
    outer loop
      vertex 3.171097 1.83 -27.064362
      vertex 3.419096 2.83 -26.893179
      vertex 3.419096 1.83 -26.893179
    endloop
  endfacet
  facet normal 0.354601714 0 -0.935017446
    outer loop
      vertex 3.419096 1.83 -26.893179
      vertex 3.419096 2.83 -26.893179
      vertex 3.700855 2.83 -26.786323
    endloop
  endfacet
  facet normal -0 -1 0
    outer loop
      vertex 4.299144 2.83 -29.213676
      vertex 4.299144 2.83 -26.786323
      vertex 4 2.83 -29.25
    endloop
  endfacet
  facet normal 0 -1 0
    outer loop
      vertex 4 2.83 -29.25
      vertex 4.299144 2.83 -26.786323
      vertex 4 2.83 -26.75
    endloop
  endfacet
  facet normal 0 -1 0
    outer loop
      vertex 4 2.83 -29.25
      vertex 4 2.83 -26.75
      vertex 3.700855 2.83 -29.213676
    endloop
  endfacet
  facet normal 0 -1 0
    outer loop
      vertex 3.700855 2.83 -29.213676
      vertex 4 2.83 -26.75
      vertex 3.700855 2.83 -26.786323
    endloop
  endfacet
  facet normal 0 -1 0
    outer loop
      vertex 3.700855 2.83 -29.213676
      vertex 3.700855 2.83 -26.786323
      vertex 3.419096 2.83 -29.10682
    endloop
  endfacet
  facet normal 0 -1 0
    outer loop
      vertex 3.419096 2.83 -29.10682
      vertex 3.700855 2.83 -26.786323
      vertex 3.419096 2.83 -26.893179
    endloop
  endfacet
  facet normal 0 -1 0
    outer loop
      vertex 3.419096 2.83 -29.10682
      vertex 3.419096 2.83 -26.893179
      vertex 3.171097 2.83 -28.935637
    endloop
  endfacet
  facet normal 0 -1 0
    outer loop
      vertex 3.171097 2.83 -28.935637
      vertex 3.419096 2.83 -26.893179
      vertex 3.171097 2.83 -27.064362
    endloop
  endfacet
  facet normal 0 -1 0
    outer loop
      vertex 3.171097 2.83 -28.935637
      vertex 3.171097 2.83 -27.064362
      vertex 2.97127 2.83 -28.710082
    endloop
  endfacet
  facet normal 0 -1 0
    outer loop
      vertex 2.97127 2.83 -28.710082
      vertex 3.171097 2.83 -27.064362
      vertex 2.97127 2.83 -27.28992
    endloop
  endfacet
  facet normal 0 -1 0
    outer loop
      vertex 2.97127 2.83 -28.710082
      vertex 2.97127 2.83 -27.28992
      vertex 2.83123 2.83 -28.443255
    endloop
  endfacet
  facet normal 0 -1 0
    outer loop
      vertex 2.83123 2.83 -28.443255
      vertex 2.97127 2.83 -27.28992
      vertex 2.83123 2.83 -27.556744
    endloop
  endfacet
  facet normal 0 -1 0
    outer loop
      vertex 2.83123 2.83 -28.443255
      vertex 2.83123 2.83 -27.556744
      vertex 2.759114 2.83 -28.150671
    endloop
  endfacet
  facet normal 0 -1 0
    outer loop
      vertex 2.759114 2.83 -28.150671
      vertex 2.83123 2.83 -27.556744
      vertex 2.759114 2.83 -27.849329
    endloop
  endfacet
  facet normal 0 -1 0
    outer loop
      vertex 4.299144 2.83 -26.786323
      vertex 4.299144 2.83 -29.213676
      vertex 4.580904 2.83 -26.893179
    endloop
  endfacet
  facet normal 0 -1 -0
    outer loop
      vertex 4.580904 2.83 -26.893179
      vertex 4.299144 2.83 -29.213676
      vertex 4.580904 2.83 -29.10682
    endloop
  endfacet
  facet normal 0 -1 0
    outer loop
      vertex 4.580904 2.83 -26.893179
      vertex 4.580904 2.83 -29.10682
      vertex 4.828903 2.83 -27.064362
    endloop
  endfacet
  facet normal 0 -1 -0
    outer loop
      vertex 4.828903 2.83 -27.064362
      vertex 4.580904 2.83 -29.10682
      vertex 4.828903 2.83 -28.935637
    endloop
  endfacet
  facet normal 0 -1 0
    outer loop
      vertex 4.828903 2.83 -27.064362
      vertex 4.828903 2.83 -28.935637
      vertex 5.02873 2.83 -27.28992
    endloop
  endfacet
  facet normal 0 -1 -0
    outer loop
      vertex 5.02873 2.83 -27.28992
      vertex 4.828903 2.83 -28.935637
      vertex 5.02873 2.83 -28.710082
    endloop
  endfacet
  facet normal 0 -1 0
    outer loop
      vertex 5.02873 2.83 -27.28992
      vertex 5.02873 2.83 -28.710082
      vertex 5.168771 2.83 -27.556744
    endloop
  endfacet
  facet normal 0 -1 -0
    outer loop
      vertex 5.168771 2.83 -27.556744
      vertex 5.02873 2.83 -28.710082
      vertex 5.168771 2.83 -28.443255
    endloop
  endfacet
  facet normal 0 -1 0
    outer loop
      vertex 5.168771 2.83 -27.556744
      vertex 5.168771 2.83 -28.443255
      vertex 5.240886 2.83 -27.849329
    endloop
  endfacet
  facet normal 0 -1 -0
    outer loop
      vertex 5.240886 2.83 -27.849329
      vertex 5.168771 2.83 -28.443255
      vertex 5.240886 2.83 -28.150671
    endloop
  endfacet
  facet normal 0.120530862 0 0.992709581
    outer loop
      vertex 3.700855 2.83 -77.213678
      vertex 4 1.83 -77.249999
      vertex 4 2.83 -77.249999
    endloop
  endfacet
  facet normal -0.120531259 0 0.992709532
    outer loop
      vertex 4 2.83 -77.249999
      vertex 4 1.83 -77.249999
      vertex 4.299144 1.83 -77.213678
    endloop
  endfacet
  facet normal -0.120531259 0 0.992709532
    outer loop
      vertex 4 2.83 -77.249999
      vertex 4.299144 1.83 -77.213678
      vertex 4.299144 2.83 -77.213678
    endloop
  endfacet
  facet normal -0.354609317 0 0.935014563
    outer loop
      vertex 4.299144 2.83 -77.213678
      vertex 4.299144 1.83 -77.213678
      vertex 4.580904 1.83 -77.106819
    endloop
  endfacet
  facet normal -0.354609317 0 0.935014563
    outer loop
      vertex 4.299144 2.83 -77.213678
      vertex 4.580904 1.83 -77.106819
      vertex 4.580904 2.83 -77.106819
    endloop
  endfacet
  facet normal -0.568061713 0 0.82298596
    outer loop
      vertex 4.580904 2.83 -77.106819
      vertex 4.580904 1.83 -77.106819
      vertex 4.828903 1.83 -76.935639
    endloop
  endfacet
  facet normal -0.568061713 0 0.82298596
    outer loop
      vertex 4.580904 2.83 -77.106819
      vertex 4.828903 1.83 -76.935639
      vertex 4.828903 2.83 -76.935639
    endloop
  endfacet
  facet normal -0.748510667 0 0.663122749
    outer loop
      vertex 4.828903 2.83 -76.935639
      vertex 4.828903 1.83 -76.935639
      vertex 5.02873 1.83 -76.710081
    endloop
  endfacet
  facet normal -0.748510667 0 0.663122749
    outer loop
      vertex 4.828903 2.83 -76.935639
      vertex 5.02873 1.83 -76.710081
      vertex 5.02873 2.83 -76.710081
    endloop
  endfacet
  facet normal -0.885454712 0 0.464725674
    outer loop
      vertex 5.02873 2.83 -76.710081
      vertex 5.02873 1.83 -76.710081
      vertex 5.168771 1.83 -76.443257
    endloop
  endfacet
  facet normal -0.885454712 0 0.464725674
    outer loop
      vertex 5.02873 2.83 -76.710081
      vertex 5.168771 1.83 -76.443257
      vertex 5.168771 2.83 -76.443257
    endloop
  endfacet
  facet normal -0.970942757 0 0.239311852
    outer loop
      vertex 5.168771 2.83 -76.443257
      vertex 5.168771 1.83 -76.443257
      vertex 5.240886 1.83 -76.15067
    endloop
  endfacet
  facet normal -0.970942757 0 0.239311852
    outer loop
      vertex 5.168771 2.83 -76.443257
      vertex 5.240886 1.83 -76.15067
      vertex 5.240886 2.83 -76.15067
    endloop
  endfacet
  facet normal -1 0 0
    outer loop
      vertex 5.240886 2.83 -76.15067
      vertex 5.240886 1.83 -76.15067
      vertex 5.240886 1.83 -75.849328
    endloop
  endfacet
  facet normal -1 0 0
    outer loop
      vertex 5.240886 2.83 -76.15067
      vertex 5.240886 1.83 -75.849328
      vertex 5.240886 2.83 -75.849328
    endloop
  endfacet
  facet normal -0.970941807 -0 -0.239315708
    outer loop
      vertex 5.240886 2.83 -75.849328
      vertex 5.240886 1.83 -75.849328
      vertex 5.168771 1.83 -75.556746
    endloop
  endfacet
  facet normal -0.970941807 0 -0.239315708
    outer loop
      vertex 5.240886 2.83 -75.849328
      vertex 5.168771 1.83 -75.556746
      vertex 5.168771 2.83 -75.556746
    endloop
  endfacet
  facet normal -0.885458296 -0 -0.464718847
    outer loop
      vertex 5.168771 2.83 -75.556746
      vertex 5.168771 1.83 -75.556746
      vertex 5.02873 1.83 -75.289917
    endloop
  endfacet
  facet normal -0.885458296 0 -0.464718847
    outer loop
      vertex 5.168771 2.83 -75.556746
      vertex 5.02873 1.83 -75.289917
      vertex 5.02873 2.83 -75.289917
    endloop
  endfacet
  facet normal -0.74850483 -0 -0.663129338
    outer loop
      vertex 5.02873 2.83 -75.289917
      vertex 5.02873 1.83 -75.289917
      vertex 4.828903 1.83 -75.064363
    endloop
  endfacet
  facet normal -0.74850483 0 -0.663129338
    outer loop
      vertex 5.02873 2.83 -75.289917
      vertex 4.828903 1.83 -75.064363
      vertex 4.828903 2.83 -75.064363
    endloop
  endfacet
  facet normal -0.568070703 -0 -0.822979754
    outer loop
      vertex 4.828903 2.83 -75.064363
      vertex 4.828903 1.83 -75.064363
      vertex 4.580904 1.83 -74.893179
    endloop
  endfacet
  facet normal -0.568070703 0 -0.822979754
    outer loop
      vertex 4.828903 2.83 -75.064363
      vertex 4.580904 1.83 -74.893179
      vertex 4.580904 2.83 -74.893179
    endloop
  endfacet
  facet normal -0.354594811 -0 -0.935020064
    outer loop
      vertex 4.580904 2.83 -74.893179
      vertex 4.580904 1.83 -74.893179
      vertex 4.299144 1.83 -74.786325
    endloop
  endfacet
  facet normal -0.354594811 0 -0.935020064
    outer loop
      vertex 4.580904 2.83 -74.893179
      vertex 4.299144 1.83 -74.786325
      vertex 4.299144 2.83 -74.786325
    endloop
  endfacet
  facet normal -0.12054761 -0 -0.992707547
    outer loop
      vertex 4.299144 2.83 -74.786325
      vertex 4.299144 1.83 -74.786325
      vertex 4 2.83 -74.749999
    endloop
  endfacet
  facet normal -0.12054761 -0 -0.992707547
    outer loop
      vertex 4 2.83 -74.749999
      vertex 4.299144 1.83 -74.786325
      vertex 4 1.83 -74.749999
    endloop
  endfacet
  facet normal 0.120547213 0 -0.992707595
    outer loop
      vertex 4 2.83 -74.749999
      vertex 4 1.83 -74.749999
      vertex 3.700855 2.83 -74.786325
    endloop
  endfacet
  facet normal 0.120547213 0 -0.992707595
    outer loop
      vertex 3.700855 2.83 -74.786325
      vertex 4 1.83 -74.749999
      vertex 3.700855 1.83 -74.786325
    endloop
  endfacet
  facet normal 0.354595911 0 -0.935019647
    outer loop
      vertex 3.700855 2.83 -74.786325
      vertex 3.700855 1.83 -74.786325
      vertex 3.419096 1.83 -74.893179
    endloop
  endfacet
  facet normal 0.120530862 0 0.992709581
    outer loop
      vertex 4 1.83 -77.249999
      vertex 3.700855 2.83 -77.213678
      vertex 3.700855 1.83 -77.213678
    endloop
  endfacet
  facet normal 0.354610417 -0 0.935014145
    outer loop
      vertex 3.700855 1.83 -77.213678
      vertex 3.700855 2.83 -77.213678
      vertex 3.419096 2.83 -77.106819
    endloop
  endfacet
  facet normal 0.354610417 0 0.935014145
    outer loop
      vertex 3.700855 1.83 -77.213678
      vertex 3.419096 2.83 -77.106819
      vertex 3.419096 1.83 -77.106819
    endloop
  endfacet
  facet normal 0.568061713 -0 0.82298596
    outer loop
      vertex 3.419096 1.83 -77.106819
      vertex 3.419096 2.83 -77.106819
      vertex 3.171097 2.83 -76.935639
    endloop
  endfacet
  facet normal 0.568061713 0 0.82298596
    outer loop
      vertex 3.419096 1.83 -77.106819
      vertex 3.171097 2.83 -76.935639
      vertex 3.171097 1.83 -76.935639
    endloop
  endfacet
  facet normal 0.748510667 -0 0.663122749
    outer loop
      vertex 3.171097 1.83 -76.935639
      vertex 3.171097 2.83 -76.935639
      vertex 2.97127 2.83 -76.710081
    endloop
  endfacet
  facet normal 0.748510667 0 0.663122749
    outer loop
      vertex 3.171097 1.83 -76.935639
      vertex 2.97127 2.83 -76.710081
      vertex 2.97127 1.83 -76.710081
    endloop
  endfacet
  facet normal 0.885456078 -0 0.464723073
    outer loop
      vertex 2.97127 1.83 -76.710081
      vertex 2.97127 2.83 -76.710081
      vertex 2.83123 2.83 -76.443257
    endloop
  endfacet
  facet normal 0.885456078 0 0.464723073
    outer loop
      vertex 2.97127 1.83 -76.710081
      vertex 2.83123 2.83 -76.443257
      vertex 2.83123 1.83 -76.443257
    endloop
  endfacet
  facet normal 0.970941986 -0 0.239314981
    outer loop
      vertex 2.83123 1.83 -76.443257
      vertex 2.83123 2.83 -76.443257
      vertex 2.759114 2.83 -76.15067
    endloop
  endfacet
  facet normal 0.970941986 0 0.239314981
    outer loop
      vertex 2.83123 1.83 -76.443257
      vertex 2.759114 2.83 -76.15067
      vertex 2.759114 1.83 -76.15067
    endloop
  endfacet
  facet normal 1 0 0
    outer loop
      vertex 2.759114 1.83 -76.15067
      vertex 2.759114 2.83 -76.15067
      vertex 2.759114 2.83 -75.849328
    endloop
  endfacet
  facet normal 1 0 0
    outer loop
      vertex 2.759114 1.83 -76.15067
      vertex 2.759114 2.83 -75.849328
      vertex 2.759114 1.83 -75.849328
    endloop
  endfacet
  facet normal 0.970941036 0 -0.239318836
    outer loop
      vertex 2.759114 1.83 -75.849328
      vertex 2.759114 2.83 -75.849328
      vertex 2.83123 2.83 -75.556746
    endloop
  endfacet
  facet normal 0.970941036 0 -0.239318836
    outer loop
      vertex 2.759114 1.83 -75.849328
      vertex 2.83123 2.83 -75.556746
      vertex 2.83123 1.83 -75.556746
    endloop
  endfacet
  facet normal 0.885459661 0 -0.464716245
    outer loop
      vertex 2.83123 1.83 -75.556746
      vertex 2.83123 2.83 -75.556746
      vertex 2.97127 2.83 -75.289917
    endloop
  endfacet
  facet normal 0.885459661 0 -0.464716245
    outer loop
      vertex 2.83123 1.83 -75.556746
      vertex 2.97127 2.83 -75.289917
      vertex 2.97127 1.83 -75.289917
    endloop
  endfacet
  facet normal 0.74850483 0 -0.663129338
    outer loop
      vertex 2.97127 1.83 -75.289917
      vertex 2.97127 2.83 -75.289917
      vertex 3.171097 2.83 -75.064363
    endloop
  endfacet
  facet normal 0.74850483 0 -0.663129338
    outer loop
      vertex 2.97127 1.83 -75.289917
      vertex 3.171097 2.83 -75.064363
      vertex 3.171097 1.83 -75.064363
    endloop
  endfacet
  facet normal 0.568070703 0 -0.822979754
    outer loop
      vertex 3.171097 1.83 -75.064363
      vertex 3.171097 2.83 -75.064363
      vertex 3.419096 2.83 -74.893179
    endloop
  endfacet
  facet normal 0.568070703 0 -0.822979754
    outer loop
      vertex 3.171097 1.83 -75.064363
      vertex 3.419096 2.83 -74.893179
      vertex 3.419096 1.83 -74.893179
    endloop
  endfacet
  facet normal 0.354595911 0 -0.935019647
    outer loop
      vertex 3.419096 1.83 -74.893179
      vertex 3.419096 2.83 -74.893179
      vertex 3.700855 2.83 -74.786325
    endloop
  endfacet
  facet normal 0.120547213 0 0.992707595
    outer loop
      vertex 3.700855 2.83 -45.213675
      vertex 4 1.83 -45.250001
      vertex 4 2.83 -45.250001
    endloop
  endfacet
  facet normal -0.12054761 0 0.992707547
    outer loop
      vertex 4 2.83 -45.250001
      vertex 4 1.83 -45.250001
      vertex 4.299144 1.83 -45.213675
    endloop
  endfacet
  facet normal -0.12054761 0 0.992707547
    outer loop
      vertex 4 2.83 -45.250001
      vertex 4.299144 1.83 -45.213675
      vertex 4.299144 2.83 -45.213675
    endloop
  endfacet
  facet normal -0.354594811 0 0.935020064
    outer loop
      vertex 4.299144 2.83 -45.213675
      vertex 4.299144 1.83 -45.213675
      vertex 4.580904 1.83 -45.106821
    endloop
  endfacet
  facet normal -0.354594811 0 0.935020064
    outer loop
      vertex 4.299144 2.83 -45.213675
      vertex 4.580904 1.83 -45.106821
      vertex 4.580904 2.83 -45.106821
    endloop
  endfacet
  facet normal -0.568070703 0 0.822979754
    outer loop
      vertex 4.580904 2.83 -45.106821
      vertex 4.580904 1.83 -45.106821
      vertex 4.828903 1.83 -44.935637
    endloop
  endfacet
  facet normal -0.568070703 0 0.822979754
    outer loop
      vertex 4.580904 2.83 -45.106821
      vertex 4.828903 1.83 -44.935637
      vertex 4.828903 2.83 -44.935637
    endloop
  endfacet
  facet normal -0.74850483 0 0.663129338
    outer loop
      vertex 4.828903 2.83 -44.935637
      vertex 4.828903 1.83 -44.935637
      vertex 5.02873 1.83 -44.710083
    endloop
  endfacet
  facet normal -0.74850483 0 0.663129338
    outer loop
      vertex 4.828903 2.83 -44.935637
      vertex 5.02873 1.83 -44.710083
      vertex 5.02873 2.83 -44.710083
    endloop
  endfacet
  facet normal -0.885458296 0 0.464718847
    outer loop
      vertex 5.02873 2.83 -44.710083
      vertex 5.02873 1.83 -44.710083
      vertex 5.168771 1.83 -44.443254
    endloop
  endfacet
  facet normal -0.885458296 0 0.464718847
    outer loop
      vertex 5.02873 2.83 -44.710083
      vertex 5.168771 1.83 -44.443254
      vertex 5.168771 2.83 -44.443254
    endloop
  endfacet
  facet normal -0.970941807 0 0.239315708
    outer loop
      vertex 5.168771 2.83 -44.443254
      vertex 5.168771 1.83 -44.443254
      vertex 5.240886 1.83 -44.150672
    endloop
  endfacet
  facet normal -0.970941807 0 0.239315708
    outer loop
      vertex 5.168771 2.83 -44.443254
      vertex 5.240886 1.83 -44.150672
      vertex 5.240886 2.83 -44.150672
    endloop
  endfacet
  facet normal -1 0 0
    outer loop
      vertex 5.240886 2.83 -44.150672
      vertex 5.240886 1.83 -44.150672
      vertex 5.240886 1.83 -43.84933
    endloop
  endfacet
  facet normal -1 0 0
    outer loop
      vertex 5.240886 2.83 -44.150672
      vertex 5.240886 1.83 -43.84933
      vertex 5.240886 2.83 -43.84933
    endloop
  endfacet
  facet normal -0.970942757 -0 -0.239311852
    outer loop
      vertex 5.240886 2.83 -43.84933
      vertex 5.240886 1.83 -43.84933
      vertex 5.168771 1.83 -43.556743
    endloop
  endfacet
  facet normal -0.970942757 0 -0.239311852
    outer loop
      vertex 5.240886 2.83 -43.84933
      vertex 5.168771 1.83 -43.556743
      vertex 5.168771 2.83 -43.556743
    endloop
  endfacet
  facet normal -0.885454712 -0 -0.464725674
    outer loop
      vertex 5.168771 2.83 -43.556743
      vertex 5.168771 1.83 -43.556743
      vertex 5.02873 1.83 -43.289919
    endloop
  endfacet
  facet normal -0.885454712 0 -0.464725674
    outer loop
      vertex 5.168771 2.83 -43.556743
      vertex 5.02873 1.83 -43.289919
      vertex 5.02873 2.83 -43.289919
    endloop
  endfacet
  facet normal -0.748510667 -0 -0.663122749
    outer loop
      vertex 5.02873 2.83 -43.289919
      vertex 5.02873 1.83 -43.289919
      vertex 4.828903 1.83 -43.064361
    endloop
  endfacet
  facet normal -0.748510667 0 -0.663122749
    outer loop
      vertex 5.02873 2.83 -43.289919
      vertex 4.828903 1.83 -43.064361
      vertex 4.828903 2.83 -43.064361
    endloop
  endfacet
  facet normal -0.568061713 -0 -0.82298596
    outer loop
      vertex 4.828903 2.83 -43.064361
      vertex 4.828903 1.83 -43.064361
      vertex 4.580904 1.83 -42.893181
    endloop
  endfacet
  facet normal -0.568061713 0 -0.82298596
    outer loop
      vertex 4.828903 2.83 -43.064361
      vertex 4.580904 1.83 -42.893181
      vertex 4.580904 2.83 -42.893181
    endloop
  endfacet
  facet normal -0.354609317 -0 -0.935014563
    outer loop
      vertex 4.580904 2.83 -42.893181
      vertex 4.580904 1.83 -42.893181
      vertex 4.299144 1.83 -42.786322
    endloop
  endfacet
  facet normal -0.354609317 0 -0.935014563
    outer loop
      vertex 4.580904 2.83 -42.893181
      vertex 4.299144 1.83 -42.786322
      vertex 4.299144 2.83 -42.786322
    endloop
  endfacet
  facet normal -0.120531259 -0 -0.992709532
    outer loop
      vertex 4.299144 2.83 -42.786322
      vertex 4.299144 1.83 -42.786322
      vertex 4 2.83 -42.750001
    endloop
  endfacet
  facet normal -0.120531259 -0 -0.992709532
    outer loop
      vertex 4 2.83 -42.750001
      vertex 4.299144 1.83 -42.786322
      vertex 4 1.83 -42.750001
    endloop
  endfacet
  facet normal 0.120530862 0 -0.992709581
    outer loop
      vertex 4 2.83 -42.750001
      vertex 4 1.83 -42.750001
      vertex 3.700855 2.83 -42.786322
    endloop
  endfacet
  facet normal 0.120530862 0 -0.992709581
    outer loop
      vertex 3.700855 2.83 -42.786322
      vertex 4 1.83 -42.750001
      vertex 3.700855 1.83 -42.786322
    endloop
  endfacet
  facet normal 0.354610417 0 -0.935014145
    outer loop
      vertex 3.700855 2.83 -42.786322
      vertex 3.700855 1.83 -42.786322
      vertex 3.419096 1.83 -42.893181
    endloop
  endfacet
  facet normal 0.120547213 0 0.992707595
    outer loop
      vertex 4 1.83 -45.250001
      vertex 3.700855 2.83 -45.213675
      vertex 3.700855 1.83 -45.213675
    endloop
  endfacet
  facet normal 0.354595911 -0 0.935019647
    outer loop
      vertex 3.700855 1.83 -45.213675
      vertex 3.700855 2.83 -45.213675
      vertex 3.419096 2.83 -45.106821
    endloop
  endfacet
  facet normal 0.354595911 0 0.935019647
    outer loop
      vertex 3.700855 1.83 -45.213675
      vertex 3.419096 2.83 -45.106821
      vertex 3.419096 1.83 -45.106821
    endloop
  endfacet
  facet normal 0.568070703 -0 0.822979754
    outer loop
      vertex 3.419096 1.83 -45.106821
      vertex 3.419096 2.83 -45.106821
      vertex 3.171097 2.83 -44.935637
    endloop
  endfacet
  facet normal 0.568070703 0 0.822979754
    outer loop
      vertex 3.419096 1.83 -45.106821
      vertex 3.171097 2.83 -44.935637
      vertex 3.171097 1.83 -44.935637
    endloop
  endfacet
  facet normal 0.74850483 -0 0.663129338
    outer loop
      vertex 3.171097 1.83 -44.935637
      vertex 3.171097 2.83 -44.935637
      vertex 2.97127 2.83 -44.710083
    endloop
  endfacet
  facet normal 0.74850483 0 0.663129338
    outer loop
      vertex 3.171097 1.83 -44.935637
      vertex 2.97127 2.83 -44.710083
      vertex 2.97127 1.83 -44.710083
    endloop
  endfacet
  facet normal 0.885459661 -0 0.464716245
    outer loop
      vertex 2.97127 1.83 -44.710083
      vertex 2.97127 2.83 -44.710083
      vertex 2.83123 2.83 -44.443254
    endloop
  endfacet
  facet normal 0.885459661 0 0.464716245
    outer loop
      vertex 2.97127 1.83 -44.710083
      vertex 2.83123 2.83 -44.443254
      vertex 2.83123 1.83 -44.443254
    endloop
  endfacet
  facet normal 0.970941036 -0 0.239318836
    outer loop
      vertex 2.83123 1.83 -44.443254
      vertex 2.83123 2.83 -44.443254
      vertex 2.759114 2.83 -44.150672
    endloop
  endfacet
  facet normal 0.970941036 0 0.239318836
    outer loop
      vertex 2.83123 1.83 -44.443254
      vertex 2.759114 2.83 -44.150672
      vertex 2.759114 1.83 -44.150672
    endloop
  endfacet
  facet normal 1 0 0
    outer loop
      vertex 2.759114 1.83 -44.150672
      vertex 2.759114 2.83 -44.150672
      vertex 2.759114 2.83 -43.84933
    endloop
  endfacet
  facet normal 1 0 0
    outer loop
      vertex 2.759114 1.83 -44.150672
      vertex 2.759114 2.83 -43.84933
      vertex 2.759114 1.83 -43.84933
    endloop
  endfacet
  facet normal 0.970941986 0 -0.239314981
    outer loop
      vertex 2.759114 1.83 -43.84933
      vertex 2.759114 2.83 -43.84933
      vertex 2.83123 2.83 -43.556743
    endloop
  endfacet
  facet normal 0.970941986 0 -0.239314981
    outer loop
      vertex 2.759114 1.83 -43.84933
      vertex 2.83123 2.83 -43.556743
      vertex 2.83123 1.83 -43.556743
    endloop
  endfacet
  facet normal 0.885456078 0 -0.464723073
    outer loop
      vertex 2.83123 1.83 -43.556743
      vertex 2.83123 2.83 -43.556743
      vertex 2.97127 2.83 -43.289919
    endloop
  endfacet
  facet normal 0.885456078 0 -0.464723073
    outer loop
      vertex 2.83123 1.83 -43.556743
      vertex 2.97127 2.83 -43.289919
      vertex 2.97127 1.83 -43.289919
    endloop
  endfacet
  facet normal 0.748510667 0 -0.663122749
    outer loop
      vertex 2.97127 1.83 -43.289919
      vertex 2.97127 2.83 -43.289919
      vertex 3.171097 2.83 -43.064361
    endloop
  endfacet
  facet normal 0.748510667 0 -0.663122749
    outer loop
      vertex 2.97127 1.83 -43.289919
      vertex 3.171097 2.83 -43.064361
      vertex 3.171097 1.83 -43.064361
    endloop
  endfacet
  facet normal 0.568061713 0 -0.82298596
    outer loop
      vertex 3.171097 1.83 -43.064361
      vertex 3.171097 2.83 -43.064361
      vertex 3.419096 2.83 -42.893181
    endloop
  endfacet
  facet normal 0.568061713 0 -0.82298596
    outer loop
      vertex 3.171097 1.83 -43.064361
      vertex 3.419096 2.83 -42.893181
      vertex 3.419096 1.83 -42.893181
    endloop
  endfacet
  facet normal 0.354610417 0 -0.935014145
    outer loop
      vertex 3.419096 1.83 -42.893181
      vertex 3.419096 2.83 -42.893181
      vertex 3.700855 2.83 -42.786322
    endloop
  endfacet
  facet normal 0.120547213 0 0.992707595
    outer loop
      vertex 3.700855 2.83 -69.213676
      vertex 4 1.83 -69.250002
      vertex 4 2.83 -69.250002
    endloop
  endfacet
  facet normal -0.12054761 0 0.992707547
    outer loop
      vertex 4 2.83 -69.250002
      vertex 4 1.83 -69.250002
      vertex 4.299144 1.83 -69.213676
    endloop
  endfacet
  facet normal -0.12054761 0 0.992707547
    outer loop
      vertex 4 2.83 -69.250002
      vertex 4.299144 1.83 -69.213676
      vertex 4.299144 2.83 -69.213676
    endloop
  endfacet
  facet normal -0.354594811 0 0.935020064
    outer loop
      vertex 4.299144 2.83 -69.213676
      vertex 4.299144 1.83 -69.213676
      vertex 4.580904 1.83 -69.106822
    endloop
  endfacet
  facet normal -0.354594811 0 0.935020064
    outer loop
      vertex 4.299144 2.83 -69.213676
      vertex 4.580904 1.83 -69.106822
      vertex 4.580904 2.83 -69.106822
    endloop
  endfacet
  facet normal -0.568072951 0 0.822978203
    outer loop
      vertex 4.580904 2.83 -69.106822
      vertex 4.580904 1.83 -69.106822
      vertex 4.828903 1.83 -68.935637
    endloop
  endfacet
  facet normal -0.568072951 0 0.822978203
    outer loop
      vertex 4.580904 2.83 -69.106822
      vertex 4.828903 1.83 -68.935637
      vertex 4.828903 2.83 -68.935637
    endloop
  endfacet
  facet normal -0.748510667 0 0.663122749
    outer loop
      vertex 4.828903 2.83 -68.935637
      vertex 4.828903 1.83 -68.935637
      vertex 5.02873 1.83 -68.710079
    endloop
  endfacet
  facet normal -0.748510667 0 0.663122749
    outer loop
      vertex 4.828903 2.83 -68.935637
      vertex 5.02873 1.83 -68.710079
      vertex 5.02873 2.83 -68.710079
    endloop
  endfacet
  facet normal -0.885454712 0 0.464725674
    outer loop
      vertex 5.02873 2.83 -68.710079
      vertex 5.02873 1.83 -68.710079
      vertex 5.168771 1.83 -68.443255
    endloop
  endfacet
  facet normal -0.885454712 0 0.464725674
    outer loop
      vertex 5.02873 2.83 -68.710079
      vertex 5.168771 1.83 -68.443255
      vertex 5.168771 2.83 -68.443255
    endloop
  endfacet
  facet normal -0.970941807 0 0.239315708
    outer loop
      vertex 5.168771 2.83 -68.443255
      vertex 5.168771 1.83 -68.443255
      vertex 5.240886 1.83 -68.150673
    endloop
  endfacet
  facet normal -0.970941807 0 0.239315708
    outer loop
      vertex 5.168771 2.83 -68.443255
      vertex 5.240886 1.83 -68.150673
      vertex 5.240886 2.83 -68.150673
    endloop
  endfacet
  facet normal -1 0 0
    outer loop
      vertex 5.240886 2.83 -68.150673
      vertex 5.240886 1.83 -68.150673
      vertex 5.240886 1.83 -67.849331
    endloop
  endfacet
  facet normal -1 0 0
    outer loop
      vertex 5.240886 2.83 -68.150673
      vertex 5.240886 1.83 -67.849331
      vertex 5.240886 2.83 -67.849331
    endloop
  endfacet
  facet normal -0.970942757 -0 -0.239311852
    outer loop
      vertex 5.240886 2.83 -67.849331
      vertex 5.240886 1.83 -67.849331
      vertex 5.168771 1.83 -67.556744
    endloop
  endfacet
  facet normal -0.970942757 0 -0.239311852
    outer loop
      vertex 5.240886 2.83 -67.849331
      vertex 5.168771 1.83 -67.556744
      vertex 5.168771 2.83 -67.556744
    endloop
  endfacet
  facet normal -0.885454712 -0 -0.464725674
    outer loop
      vertex 5.168771 2.83 -67.556744
      vertex 5.168771 1.83 -67.556744
      vertex 5.02873 1.83 -67.28992
    endloop
  endfacet
  facet normal -0.885454712 0 -0.464725674
    outer loop
      vertex 5.168771 2.83 -67.556744
      vertex 5.02873 1.83 -67.28992
      vertex 5.02873 2.83 -67.28992
    endloop
  endfacet
  facet normal -0.748510667 -0 -0.663122749
    outer loop
      vertex 5.02873 2.83 -67.28992
      vertex 5.02873 1.83 -67.28992
      vertex 4.828903 1.83 -67.064362
    endloop
  endfacet
  facet normal -0.748510667 0 -0.663122749
    outer loop
      vertex 5.02873 2.83 -67.28992
      vertex 4.828903 1.83 -67.064362
      vertex 4.828903 2.83 -67.064362
    endloop
  endfacet
  facet normal -0.568061713 -0 -0.82298596
    outer loop
      vertex 4.828903 2.83 -67.064362
      vertex 4.828903 1.83 -67.064362
      vertex 4.580904 1.83 -66.893182
    endloop
  endfacet
  facet normal -0.568061713 0 -0.82298596
    outer loop
      vertex 4.828903 2.83 -67.064362
      vertex 4.580904 1.83 -66.893182
      vertex 4.580904 2.83 -66.893182
    endloop
  endfacet
  facet normal -0.354609317 -0 -0.935014563
    outer loop
      vertex 4.580904 2.83 -66.893182
      vertex 4.580904 1.83 -66.893182
      vertex 4.299144 1.83 -66.786323
    endloop
  endfacet
  facet normal -0.354609317 0 -0.935014563
    outer loop
      vertex 4.580904 2.83 -66.893182
      vertex 4.299144 1.83 -66.786323
      vertex 4.299144 2.83 -66.786323
    endloop
  endfacet
  facet normal -0.120531259 -0 -0.992709532
    outer loop
      vertex 4.299144 2.83 -66.786323
      vertex 4.299144 1.83 -66.786323
      vertex 4 2.83 -66.750002
    endloop
  endfacet
  facet normal -0.120531259 -0 -0.992709532
    outer loop
      vertex 4 2.83 -66.750002
      vertex 4.299144 1.83 -66.786323
      vertex 4 1.83 -66.750002
    endloop
  endfacet
  facet normal 0.120530862 0 -0.992709581
    outer loop
      vertex 4 2.83 -66.750002
      vertex 4 1.83 -66.750002
      vertex 3.700855 2.83 -66.786323
    endloop
  endfacet
  facet normal 0.120530862 0 -0.992709581
    outer loop
      vertex 3.700855 2.83 -66.786323
      vertex 4 1.83 -66.750002
      vertex 3.700855 1.83 -66.786323
    endloop
  endfacet
  facet normal 0.354610417 0 -0.935014145
    outer loop
      vertex 3.700855 2.83 -66.786323
      vertex 3.700855 1.83 -66.786323
      vertex 3.419096 1.83 -66.893182
    endloop
  endfacet
  facet normal 0.120547213 0 0.992707595
    outer loop
      vertex 4 1.83 -69.250002
      vertex 3.700855 2.83 -69.213676
      vertex 3.700855 1.83 -69.213676
    endloop
  endfacet
  facet normal 0.354595911 -0 0.935019647
    outer loop
      vertex 3.700855 1.83 -69.213676
      vertex 3.700855 2.83 -69.213676
      vertex 3.419096 2.83 -69.106822
    endloop
  endfacet
  facet normal 0.354595911 0 0.935019647
    outer loop
      vertex 3.700855 1.83 -69.213676
      vertex 3.419096 2.83 -69.106822
      vertex 3.419096 1.83 -69.106822
    endloop
  endfacet
  facet normal 0.568072951 -0 0.822978203
    outer loop
      vertex 3.419096 1.83 -69.106822
      vertex 3.419096 2.83 -69.106822
      vertex 3.171097 2.83 -68.935637
    endloop
  endfacet
  facet normal 0.568072951 0 0.822978203
    outer loop
      vertex 3.419096 1.83 -69.106822
      vertex 3.171097 2.83 -68.935637
      vertex 3.171097 1.83 -68.935637
    endloop
  endfacet
  facet normal 0.748510667 -0 0.663122749
    outer loop
      vertex 3.171097 1.83 -68.935637
      vertex 3.171097 2.83 -68.935637
      vertex 2.97127 2.83 -68.710079
    endloop
  endfacet
  facet normal 0.748510667 0 0.663122749
    outer loop
      vertex 3.171097 1.83 -68.935637
      vertex 2.97127 2.83 -68.710079
      vertex 2.97127 1.83 -68.710079
    endloop
  endfacet
  facet normal 0.885456078 -0 0.464723073
    outer loop
      vertex 2.97127 1.83 -68.710079
      vertex 2.97127 2.83 -68.710079
      vertex 2.83123 2.83 -68.443255
    endloop
  endfacet
  facet normal 0.885456078 0 0.464723073
    outer loop
      vertex 2.97127 1.83 -68.710079
      vertex 2.83123 2.83 -68.443255
      vertex 2.83123 1.83 -68.443255
    endloop
  endfacet
  facet normal 0.970941036 -0 0.239318836
    outer loop
      vertex 2.83123 1.83 -68.443255
      vertex 2.83123 2.83 -68.443255
      vertex 2.759114 2.83 -68.150673
    endloop
  endfacet
  facet normal 0.970941036 0 0.239318836
    outer loop
      vertex 2.83123 1.83 -68.443255
      vertex 2.759114 2.83 -68.150673
      vertex 2.759114 1.83 -68.150673
    endloop
  endfacet
  facet normal 1 0 0
    outer loop
      vertex 2.759114 1.83 -68.150673
      vertex 2.759114 2.83 -68.150673
      vertex 2.759114 2.83 -67.849331
    endloop
  endfacet
  facet normal 1 0 0
    outer loop
      vertex 2.759114 1.83 -68.150673
      vertex 2.759114 2.83 -67.849331
      vertex 2.759114 1.83 -67.849331
    endloop
  endfacet
  facet normal 0.970941986 0 -0.239314981
    outer loop
      vertex 2.759114 1.83 -67.849331
      vertex 2.759114 2.83 -67.849331
      vertex 2.83123 2.83 -67.556744
    endloop
  endfacet
  facet normal 0.970941986 0 -0.239314981
    outer loop
      vertex 2.759114 1.83 -67.849331
      vertex 2.83123 2.83 -67.556744
      vertex 2.83123 1.83 -67.556744
    endloop
  endfacet
  facet normal 0.885456078 0 -0.464723073
    outer loop
      vertex 2.83123 1.83 -67.556744
      vertex 2.83123 2.83 -67.556744
      vertex 2.97127 2.83 -67.28992
    endloop
  endfacet
  facet normal 0.885456078 0 -0.464723073
    outer loop
      vertex 2.83123 1.83 -67.556744
      vertex 2.97127 2.83 -67.28992
      vertex 2.97127 1.83 -67.28992
    endloop
  endfacet
  facet normal 0.748510667 0 -0.663122749
    outer loop
      vertex 2.97127 1.83 -67.28992
      vertex 2.97127 2.83 -67.28992
      vertex 3.171097 2.83 -67.064362
    endloop
  endfacet
  facet normal 0.748510667 0 -0.663122749
    outer loop
      vertex 2.97127 1.83 -67.28992
      vertex 3.171097 2.83 -67.064362
      vertex 3.171097 1.83 -67.064362
    endloop
  endfacet
  facet normal 0.568061713 0 -0.82298596
    outer loop
      vertex 3.171097 1.83 -67.064362
      vertex 3.171097 2.83 -67.064362
      vertex 3.419096 2.83 -66.893182
    endloop
  endfacet
  facet normal 0.568061713 0 -0.82298596
    outer loop
      vertex 3.171097 1.83 -67.064362
      vertex 3.419096 2.83 -66.893182
      vertex 3.419096 1.83 -66.893182
    endloop
  endfacet
  facet normal 0.354610417 0 -0.935014145
    outer loop
      vertex 3.419096 1.83 -66.893182
      vertex 3.419096 2.83 -66.893182
      vertex 3.700855 2.83 -66.786323
    endloop
  endfacet
  facet normal -0 -1 0
    outer loop
      vertex 4.299144 2.83 -77.213678
      vertex 4.299144 2.83 -74.786325
      vertex 4 2.83 -77.249999
    endloop
  endfacet
  facet normal 0 -1 0
    outer loop
      vertex 4 2.83 -77.249999
      vertex 4.299144 2.83 -74.786325
      vertex 4 2.83 -74.749999
    endloop
  endfacet
  facet normal 0 -1 0
    outer loop
      vertex 4 2.83 -77.249999
      vertex 4 2.83 -74.749999
      vertex 3.700855 2.83 -77.213678
    endloop
  endfacet
  facet normal 0 -1 0
    outer loop
      vertex 3.700855 2.83 -77.213678
      vertex 4 2.83 -74.749999
      vertex 3.700855 2.83 -74.786325
    endloop
  endfacet
  facet normal 0 -1 0
    outer loop
      vertex 3.700855 2.83 -77.213678
      vertex 3.700855 2.83 -74.786325
      vertex 3.419096 2.83 -77.106819
    endloop
  endfacet
  facet normal 0 -1 0
    outer loop
      vertex 3.419096 2.83 -77.106819
      vertex 3.700855 2.83 -74.786325
      vertex 3.419096 2.83 -74.893179
    endloop
  endfacet
  facet normal 0 -1 0
    outer loop
      vertex 3.419096 2.83 -77.106819
      vertex 3.419096 2.83 -74.893179
      vertex 3.171097 2.83 -76.935639
    endloop
  endfacet
  facet normal 0 -1 0
    outer loop
      vertex 3.171097 2.83 -76.935639
      vertex 3.419096 2.83 -74.893179
      vertex 3.171097 2.83 -75.064363
    endloop
  endfacet
  facet normal 0 -1 0
    outer loop
      vertex 3.171097 2.83 -76.935639
      vertex 3.171097 2.83 -75.064363
      vertex 2.97127 2.83 -76.710081
    endloop
  endfacet
  facet normal 0 -1 0
    outer loop
      vertex 2.97127 2.83 -76.710081
      vertex 3.171097 2.83 -75.064363
      vertex 2.97127 2.83 -75.289917
    endloop
  endfacet
  facet normal 0 -1 0
    outer loop
      vertex 2.97127 2.83 -76.710081
      vertex 2.97127 2.83 -75.289917
      vertex 2.83123 2.83 -76.443257
    endloop
  endfacet
  facet normal 0 -1 0
    outer loop
      vertex 2.83123 2.83 -76.443257
      vertex 2.97127 2.83 -75.289917
      vertex 2.83123 2.83 -75.556746
    endloop
  endfacet
  facet normal 0 -1 0
    outer loop
      vertex 2.83123 2.83 -76.443257
      vertex 2.83123 2.83 -75.556746
      vertex 2.759114 2.83 -76.15067
    endloop
  endfacet
  facet normal 0 -1 0
    outer loop
      vertex 2.759114 2.83 -76.15067
      vertex 2.83123 2.83 -75.556746
      vertex 2.759114 2.83 -75.849328
    endloop
  endfacet
  facet normal 0 -1 0
    outer loop
      vertex 4.299144 2.83 -74.786325
      vertex 4.299144 2.83 -77.213678
      vertex 4.580904 2.83 -74.893179
    endloop
  endfacet
  facet normal 0 -1 -0
    outer loop
      vertex 4.580904 2.83 -74.893179
      vertex 4.299144 2.83 -77.213678
      vertex 4.580904 2.83 -77.106819
    endloop
  endfacet
  facet normal 0 -1 0
    outer loop
      vertex 4.580904 2.83 -74.893179
      vertex 4.580904 2.83 -77.106819
      vertex 4.828903 2.83 -75.064363
    endloop
  endfacet
  facet normal 0 -1 -0
    outer loop
      vertex 4.828903 2.83 -75.064363
      vertex 4.580904 2.83 -77.106819
      vertex 4.828903 2.83 -76.935639
    endloop
  endfacet
  facet normal 0 -1 0
    outer loop
      vertex 4.828903 2.83 -75.064363
      vertex 4.828903 2.83 -76.935639
      vertex 5.02873 2.83 -75.289917
    endloop
  endfacet
  facet normal 0 -1 -0
    outer loop
      vertex 5.02873 2.83 -75.289917
      vertex 4.828903 2.83 -76.935639
      vertex 5.02873 2.83 -76.710081
    endloop
  endfacet
  facet normal 0 -1 0
    outer loop
      vertex 5.02873 2.83 -75.289917
      vertex 5.02873 2.83 -76.710081
      vertex 5.168771 2.83 -75.556746
    endloop
  endfacet
  facet normal 0 -1 -0
    outer loop
      vertex 5.168771 2.83 -75.556746
      vertex 5.02873 2.83 -76.710081
      vertex 5.168771 2.83 -76.443257
    endloop
  endfacet
  facet normal 0 -1 0
    outer loop
      vertex 5.168771 2.83 -75.556746
      vertex 5.168771 2.83 -76.443257
      vertex 5.240886 2.83 -75.849328
    endloop
  endfacet
  facet normal 0 -1 -0
    outer loop
      vertex 5.240886 2.83 -75.849328
      vertex 5.168771 2.83 -76.443257
      vertex 5.240886 2.83 -76.15067
    endloop
  endfacet
  facet normal -0 -1 0
    outer loop
      vertex 4.299144 2.83 -45.213675
      vertex 4.299144 2.83 -42.786322
      vertex 4 2.83 -45.250001
    endloop
  endfacet
  facet normal 0 -1 0
    outer loop
      vertex 4 2.83 -45.250001
      vertex 4.299144 2.83 -42.786322
      vertex 4 2.83 -42.750001
    endloop
  endfacet
  facet normal 0 -1 0
    outer loop
      vertex 4 2.83 -45.250001
      vertex 4 2.83 -42.750001
      vertex 3.700855 2.83 -45.213675
    endloop
  endfacet
  facet normal 0 -1 0
    outer loop
      vertex 3.700855 2.83 -45.213675
      vertex 4 2.83 -42.750001
      vertex 3.700855 2.83 -42.786322
    endloop
  endfacet
  facet normal 0 -1 0
    outer loop
      vertex 3.700855 2.83 -45.213675
      vertex 3.700855 2.83 -42.786322
      vertex 3.419096 2.83 -45.106821
    endloop
  endfacet
  facet normal 0 -1 0
    outer loop
      vertex 3.419096 2.83 -45.106821
      vertex 3.700855 2.83 -42.786322
      vertex 3.419096 2.83 -42.893181
    endloop
  endfacet
  facet normal 0 -1 0
    outer loop
      vertex 3.419096 2.83 -45.106821
      vertex 3.419096 2.83 -42.893181
      vertex 3.171097 2.83 -44.935637
    endloop
  endfacet
  facet normal 0 -1 0
    outer loop
      vertex 3.171097 2.83 -44.935637
      vertex 3.419096 2.83 -42.893181
      vertex 3.171097 2.83 -43.064361
    endloop
  endfacet
  facet normal 0 -1 0
    outer loop
      vertex 3.171097 2.83 -44.935637
      vertex 3.171097 2.83 -43.064361
      vertex 2.97127 2.83 -44.710083
    endloop
  endfacet
  facet normal 0 -1 0
    outer loop
      vertex 2.97127 2.83 -44.710083
      vertex 3.171097 2.83 -43.064361
      vertex 2.97127 2.83 -43.289919
    endloop
  endfacet
  facet normal 0 -1 0
    outer loop
      vertex 2.97127 2.83 -44.710083
      vertex 2.97127 2.83 -43.289919
      vertex 2.83123 2.83 -44.443254
    endloop
  endfacet
  facet normal 0 -1 0
    outer loop
      vertex 2.83123 2.83 -44.443254
      vertex 2.97127 2.83 -43.289919
      vertex 2.83123 2.83 -43.556743
    endloop
  endfacet
  facet normal 0 -1 0
    outer loop
      vertex 2.83123 2.83 -44.443254
      vertex 2.83123 2.83 -43.556743
      vertex 2.759114 2.83 -44.150672
    endloop
  endfacet
  facet normal 0 -1 0
    outer loop
      vertex 2.759114 2.83 -44.150672
      vertex 2.83123 2.83 -43.556743
      vertex 2.759114 2.83 -43.84933
    endloop
  endfacet
  facet normal 0 -1 0
    outer loop
      vertex 4.299144 2.83 -42.786322
      vertex 4.299144 2.83 -45.213675
      vertex 4.580904 2.83 -42.893181
    endloop
  endfacet
  facet normal 0 -1 -0
    outer loop
      vertex 4.580904 2.83 -42.893181
      vertex 4.299144 2.83 -45.213675
      vertex 4.580904 2.83 -45.106821
    endloop
  endfacet
  facet normal 0 -1 0
    outer loop
      vertex 4.580904 2.83 -42.893181
      vertex 4.580904 2.83 -45.106821
      vertex 4.828903 2.83 -43.064361
    endloop
  endfacet
  facet normal 0 -1 -0
    outer loop
      vertex 4.828903 2.83 -43.064361
      vertex 4.580904 2.83 -45.106821
      vertex 4.828903 2.83 -44.935637
    endloop
  endfacet
  facet normal 0 -1 0
    outer loop
      vertex 4.828903 2.83 -43.064361
      vertex 4.828903 2.83 -44.935637
      vertex 5.02873 2.83 -43.289919
    endloop
  endfacet
  facet normal 0 -1 -0
    outer loop
      vertex 5.02873 2.83 -43.289919
      vertex 4.828903 2.83 -44.935637
      vertex 5.02873 2.83 -44.710083
    endloop
  endfacet
  facet normal 0 -1 0
    outer loop
      vertex 5.02873 2.83 -43.289919
      vertex 5.02873 2.83 -44.710083
      vertex 5.168771 2.83 -43.556743
    endloop
  endfacet
  facet normal 0 -1 -0
    outer loop
      vertex 5.168771 2.83 -43.556743
      vertex 5.02873 2.83 -44.710083
      vertex 5.168771 2.83 -44.443254
    endloop
  endfacet
  facet normal 0 -1 0
    outer loop
      vertex 5.168771 2.83 -43.556743
      vertex 5.168771 2.83 -44.443254
      vertex 5.240886 2.83 -43.84933
    endloop
  endfacet
  facet normal 0 -1 -0
    outer loop
      vertex 5.240886 2.83 -43.84933
      vertex 5.168771 2.83 -44.443254
      vertex 5.240886 2.83 -44.150672
    endloop
  endfacet
  facet normal 0.120530862 0 0.992709581
    outer loop
      vertex 3.700855 2.83 -53.213677
      vertex 4 1.83 -53.249998
      vertex 4 2.83 -53.249998
    endloop
  endfacet
  facet normal -0.120531259 0 0.992709532
    outer loop
      vertex 4 2.83 -53.249998
      vertex 4 1.83 -53.249998
      vertex 4.299144 1.83 -53.213677
    endloop
  endfacet
  facet normal -0.120531259 0 0.992709532
    outer loop
      vertex 4 2.83 -53.249998
      vertex 4.299144 1.83 -53.213677
      vertex 4.299144 2.83 -53.213677
    endloop
  endfacet
  facet normal -0.354609317 0 0.935014563
    outer loop
      vertex 4.299144 2.83 -53.213677
      vertex 4.299144 1.83 -53.213677
      vertex 4.580904 1.83 -53.106818
    endloop
  endfacet
  facet normal -0.354609317 0 0.935014563
    outer loop
      vertex 4.299144 2.83 -53.213677
      vertex 4.580904 1.83 -53.106818
      vertex 4.580904 2.83 -53.106818
    endloop
  endfacet
  facet normal -0.568061713 0 0.82298596
    outer loop
      vertex 4.580904 2.83 -53.106818
      vertex 4.580904 1.83 -53.106818
      vertex 4.828903 1.83 -52.935638
    endloop
  endfacet
  facet normal -0.568061713 0 0.82298596
    outer loop
      vertex 4.580904 2.83 -53.106818
      vertex 4.828903 1.83 -52.935638
      vertex 4.828903 2.83 -52.935638
    endloop
  endfacet
  facet normal -0.748510667 0 0.663122749
    outer loop
      vertex 4.828903 2.83 -52.935638
      vertex 4.828903 1.83 -52.935638
      vertex 5.02873 1.83 -52.71008
    endloop
  endfacet
  facet normal -0.748510667 0 0.663122749
    outer loop
      vertex 4.828903 2.83 -52.935638
      vertex 5.02873 1.83 -52.71008
      vertex 5.02873 2.83 -52.71008
    endloop
  endfacet
  facet normal -0.885454712 0 0.464725674
    outer loop
      vertex 5.02873 2.83 -52.71008
      vertex 5.02873 1.83 -52.71008
      vertex 5.168771 1.83 -52.443256
    endloop
  endfacet
  facet normal -0.885454712 0 0.464725674
    outer loop
      vertex 5.02873 2.83 -52.71008
      vertex 5.168771 1.83 -52.443256
      vertex 5.168771 2.83 -52.443256
    endloop
  endfacet
  facet normal -0.970942757 0 0.239311852
    outer loop
      vertex 5.168771 2.83 -52.443256
      vertex 5.168771 1.83 -52.443256
      vertex 5.240886 1.83 -52.150669
    endloop
  endfacet
  facet normal -0.970942757 0 0.239311852
    outer loop
      vertex 5.168771 2.83 -52.443256
      vertex 5.240886 1.83 -52.150669
      vertex 5.240886 2.83 -52.150669
    endloop
  endfacet
  facet normal -1 0 0
    outer loop
      vertex 5.240886 2.83 -52.150669
      vertex 5.240886 1.83 -52.150669
      vertex 5.240886 1.83 -51.849327
    endloop
  endfacet
  facet normal -1 0 0
    outer loop
      vertex 5.240886 2.83 -52.150669
      vertex 5.240886 1.83 -51.849327
      vertex 5.240886 2.83 -51.849327
    endloop
  endfacet
  facet normal -0.970941807 -0 -0.239315708
    outer loop
      vertex 5.240886 2.83 -51.849327
      vertex 5.240886 1.83 -51.849327
      vertex 5.168771 1.83 -51.556745
    endloop
  endfacet
  facet normal -0.970941807 0 -0.239315708
    outer loop
      vertex 5.240886 2.83 -51.849327
      vertex 5.168771 1.83 -51.556745
      vertex 5.168771 2.83 -51.556745
    endloop
  endfacet
  facet normal -0.885454712 -0 -0.464725674
    outer loop
      vertex 5.168771 2.83 -51.556745
      vertex 5.168771 1.83 -51.556745
      vertex 5.02873 1.83 -51.289921
    endloop
  endfacet
  facet normal -0.885454712 0 -0.464725674
    outer loop
      vertex 5.168771 2.83 -51.556745
      vertex 5.02873 1.83 -51.289921
      vertex 5.02873 2.83 -51.289921
    endloop
  endfacet
  facet normal -0.748510667 -0 -0.663122749
    outer loop
      vertex 5.02873 2.83 -51.289921
      vertex 5.02873 1.83 -51.289921
      vertex 4.828903 1.83 -51.064363
    endloop
  endfacet
  facet normal -0.748510667 0 -0.663122749
    outer loop
      vertex 5.02873 2.83 -51.289921
      vertex 4.828903 1.83 -51.064363
      vertex 4.828903 2.83 -51.064363
    endloop
  endfacet
  facet normal -0.568072951 -0 -0.822978203
    outer loop
      vertex 4.828903 2.83 -51.064363
      vertex 4.828903 1.83 -51.064363
      vertex 4.580904 1.83 -50.893178
    endloop
  endfacet
  facet normal -0.568072951 0 -0.822978203
    outer loop
      vertex 4.828903 2.83 -51.064363
      vertex 4.580904 1.83 -50.893178
      vertex 4.580904 2.83 -50.893178
    endloop
  endfacet
  facet normal -0.354594811 -0 -0.935020064
    outer loop
      vertex 4.580904 2.83 -50.893178
      vertex 4.580904 1.83 -50.893178
      vertex 4.299144 1.83 -50.786324
    endloop
  endfacet
  facet normal -0.354594811 0 -0.935020064
    outer loop
      vertex 4.580904 2.83 -50.893178
      vertex 4.299144 1.83 -50.786324
      vertex 4.299144 2.83 -50.786324
    endloop
  endfacet
  facet normal -0.12054761 -0 -0.992707547
    outer loop
      vertex 4.299144 2.83 -50.786324
      vertex 4.299144 1.83 -50.786324
      vertex 4 2.83 -50.749998
    endloop
  endfacet
  facet normal -0.12054761 -0 -0.992707547
    outer loop
      vertex 4 2.83 -50.749998
      vertex 4.299144 1.83 -50.786324
      vertex 4 1.83 -50.749998
    endloop
  endfacet
  facet normal 0.120547213 0 -0.992707595
    outer loop
      vertex 4 2.83 -50.749998
      vertex 4 1.83 -50.749998
      vertex 3.700855 2.83 -50.786324
    endloop
  endfacet
  facet normal 0.120547213 0 -0.992707595
    outer loop
      vertex 3.700855 2.83 -50.786324
      vertex 4 1.83 -50.749998
      vertex 3.700855 1.83 -50.786324
    endloop
  endfacet
  facet normal 0.354595911 0 -0.935019647
    outer loop
      vertex 3.700855 2.83 -50.786324
      vertex 3.700855 1.83 -50.786324
      vertex 3.419096 1.83 -50.893178
    endloop
  endfacet
  facet normal 0.120530862 0 0.992709581
    outer loop
      vertex 4 1.83 -53.249998
      vertex 3.700855 2.83 -53.213677
      vertex 3.700855 1.83 -53.213677
    endloop
  endfacet
  facet normal 0.354610417 -0 0.935014145
    outer loop
      vertex 3.700855 1.83 -53.213677
      vertex 3.700855 2.83 -53.213677
      vertex 3.419096 2.83 -53.106818
    endloop
  endfacet
  facet normal 0.354610417 0 0.935014145
    outer loop
      vertex 3.700855 1.83 -53.213677
      vertex 3.419096 2.83 -53.106818
      vertex 3.419096 1.83 -53.106818
    endloop
  endfacet
  facet normal 0.568061713 -0 0.82298596
    outer loop
      vertex 3.419096 1.83 -53.106818
      vertex 3.419096 2.83 -53.106818
      vertex 3.171097 2.83 -52.935638
    endloop
  endfacet
  facet normal 0.568061713 0 0.82298596
    outer loop
      vertex 3.419096 1.83 -53.106818
      vertex 3.171097 2.83 -52.935638
      vertex 3.171097 1.83 -52.935638
    endloop
  endfacet
  facet normal 0.748510667 -0 0.663122749
    outer loop
      vertex 3.171097 1.83 -52.935638
      vertex 3.171097 2.83 -52.935638
      vertex 2.97127 2.83 -52.71008
    endloop
  endfacet
  facet normal 0.748510667 0 0.663122749
    outer loop
      vertex 3.171097 1.83 -52.935638
      vertex 2.97127 2.83 -52.71008
      vertex 2.97127 1.83 -52.71008
    endloop
  endfacet
  facet normal 0.885456078 -0 0.464723073
    outer loop
      vertex 2.97127 1.83 -52.71008
      vertex 2.97127 2.83 -52.71008
      vertex 2.83123 2.83 -52.443256
    endloop
  endfacet
  facet normal 0.885456078 0 0.464723073
    outer loop
      vertex 2.97127 1.83 -52.71008
      vertex 2.83123 2.83 -52.443256
      vertex 2.83123 1.83 -52.443256
    endloop
  endfacet
  facet normal 0.970941986 -0 0.239314981
    outer loop
      vertex 2.83123 1.83 -52.443256
      vertex 2.83123 2.83 -52.443256
      vertex 2.759114 2.83 -52.150669
    endloop
  endfacet
  facet normal 0.970941986 0 0.239314981
    outer loop
      vertex 2.83123 1.83 -52.443256
      vertex 2.759114 2.83 -52.150669
      vertex 2.759114 1.83 -52.150669
    endloop
  endfacet
  facet normal 1 0 0
    outer loop
      vertex 2.759114 1.83 -52.150669
      vertex 2.759114 2.83 -52.150669
      vertex 2.759114 2.83 -51.849327
    endloop
  endfacet
  facet normal 1 0 0
    outer loop
      vertex 2.759114 1.83 -52.150669
      vertex 2.759114 2.83 -51.849327
      vertex 2.759114 1.83 -51.849327
    endloop
  endfacet
  facet normal 0.970941036 0 -0.239318836
    outer loop
      vertex 2.759114 1.83 -51.849327
      vertex 2.759114 2.83 -51.849327
      vertex 2.83123 2.83 -51.556745
    endloop
  endfacet
  facet normal 0.970941036 0 -0.239318836
    outer loop
      vertex 2.759114 1.83 -51.849327
      vertex 2.83123 2.83 -51.556745
      vertex 2.83123 1.83 -51.556745
    endloop
  endfacet
  facet normal 0.885456078 0 -0.464723073
    outer loop
      vertex 2.83123 1.83 -51.556745
      vertex 2.83123 2.83 -51.556745
      vertex 2.97127 2.83 -51.289921
    endloop
  endfacet
  facet normal 0.885456078 0 -0.464723073
    outer loop
      vertex 2.83123 1.83 -51.556745
      vertex 2.97127 2.83 -51.289921
      vertex 2.97127 1.83 -51.289921
    endloop
  endfacet
  facet normal 0.748510667 0 -0.663122749
    outer loop
      vertex 2.97127 1.83 -51.289921
      vertex 2.97127 2.83 -51.289921
      vertex 3.171097 2.83 -51.064363
    endloop
  endfacet
  facet normal 0.748510667 0 -0.663122749
    outer loop
      vertex 2.97127 1.83 -51.289921
      vertex 3.171097 2.83 -51.064363
      vertex 3.171097 1.83 -51.064363
    endloop
  endfacet
  facet normal 0.568072951 0 -0.822978203
    outer loop
      vertex 3.171097 1.83 -51.064363
      vertex 3.171097 2.83 -51.064363
      vertex 3.419096 2.83 -50.893178
    endloop
  endfacet
  facet normal 0.568072951 0 -0.822978203
    outer loop
      vertex 3.171097 1.83 -51.064363
      vertex 3.419096 2.83 -50.893178
      vertex 3.419096 1.83 -50.893178
    endloop
  endfacet
  facet normal 0.354595911 0 -0.935019647
    outer loop
      vertex 3.419096 1.83 -50.893178
      vertex 3.419096 2.83 -50.893178
      vertex 3.700855 2.83 -50.786324
    endloop
  endfacet
  facet normal 0 -1 0
    outer loop
      vertex 0.025 0 -79.974999
      vertex 1.5 0 -1.5
      vertex 0.025 0 -0.025
    endloop
  endfacet
  facet normal 0 -1 0
    outer loop
      vertex 0.025 0 -0.025
      vertex 1.5 0 -1.5
      vertex 6.5 0 -1.5
    endloop
  endfacet
  facet normal 0 -1 0
    outer loop
      vertex 0.025 0 -0.025
      vertex 6.5 0 -1.5
      vertex 7.975 0 -0.025
    endloop
  endfacet
  facet normal 0 -1 0
    outer loop
      vertex 7.975 0 -0.025
      vertex 6.5 0 -1.5
      vertex 6.5 0 -78.499999
    endloop
  endfacet
  facet normal 0 -1 -0
    outer loop
      vertex 7.975 0 -0.025
      vertex 6.5 0 -78.499999
      vertex 7.975 0 -79.974999
    endloop
  endfacet
  facet normal 0 -1 0
    outer loop
      vertex 7.975 0 -79.974999
      vertex 6.5 0 -78.499999
      vertex 0.025 0 -79.974999
    endloop
  endfacet
  facet normal 0 -1 0
    outer loop
      vertex 0.025 0 -79.974999
      vertex 6.5 0 -78.499999
      vertex 1.5 0 -78.499999
    endloop
  endfacet
  facet normal 0 -1 0
    outer loop
      vertex 0.025 0 -79.974999
      vertex 1.5 0 -78.499999
      vertex 1.5 0 -1.5
    endloop
  endfacet
  facet normal -1 -0 -0
    outer loop
      vertex 0 3.305 -0.025
      vertex 0 3.305 -79.974999
      vertex 0 0.025 -0.025
    endloop
  endfacet
  facet normal -1 0 0
    outer loop
      vertex 0 0.025 -0.025
      vertex 0 3.305 -79.974999
      vertex 0 0.025 -79.974999
    endloop
  endfacet
  facet normal 1 0 -0
    outer loop
      vertex 8 3.305 -79.974999
      vertex 8 3.305 -0.025
      vertex 8 0.025 -79.974999
    endloop
  endfacet
  facet normal 1 0 0
    outer loop
      vertex 8 0.025 -79.974999
      vertex 8 3.305 -0.025
      vertex 8 0.025 -0.025
    endloop
  endfacet
  facet normal 0 1 -0
    outer loop
      vertex 7.975 3.33 -79.974999
      vertex 6 3.33 -35.999999
      vertex 7.975 3.33 -0.025
    endloop
  endfacet
  facet normal 0 1 0
    outer loop
      vertex 7.975 3.33 -0.025
      vertex 6 3.33 -35.999999
      vertex 6 3.33 -28
    endloop
  endfacet
  facet normal 0 1 0
    outer loop
      vertex 7.975 3.33 -0.025
      vertex 6 3.33 -28
      vertex 6 3.33 -20
    endloop
  endfacet
  facet normal 0 1 0
    outer loop
      vertex 6 3.33 -20
      vertex 6 3.33 -28
      vertex 5.961571 3.33 -20.390182
    endloop
  endfacet
  facet normal 0 1 0
    outer loop
      vertex 5.961571 3.33 -20.390182
      vertex 6 3.33 -28
      vertex 5.961571 3.33 -27.60982
    endloop
  endfacet
  facet normal 0 1 0
    outer loop
      vertex 5.961571 3.33 -20.390182
      vertex 5.961571 3.33 -27.60982
      vertex 5.847759 3.33 -20.765367
    endloop
  endfacet
  facet normal 0 1 0
    outer loop
      vertex 5.847759 3.33 -20.765367
      vertex 5.961571 3.33 -27.60982
      vertex 5.847759 3.33 -27.234633
    endloop
  endfacet
  facet normal 0 1 0
    outer loop
      vertex 5.847759 3.33 -20.765367
      vertex 5.847759 3.33 -27.234633
      vertex 5.662939 3.33 -21.11114
    endloop
  endfacet
  facet normal 0 1 0
    outer loop
      vertex 5.662939 3.33 -21.11114
      vertex 5.847759 3.33 -27.234633
      vertex 5.662939 3.33 -26.888859
    endloop
  endfacet
  facet normal 0 1 0
    outer loop
      vertex 5.662939 3.33 -21.11114
      vertex 5.662939 3.33 -26.888859
      vertex 5.414214 3.33 -21.414213
    endloop
  endfacet
  facet normal 0 1 0
    outer loop
      vertex 5.414214 3.33 -21.414213
      vertex 5.662939 3.33 -26.888859
      vertex 5.414214 3.33 -26.585786
    endloop
  endfacet
  facet normal 0 1 0
    outer loop
      vertex 5.414214 3.33 -21.414213
      vertex 5.414214 3.33 -26.585786
      vertex 5.111141 3.33 -21.662939
    endloop
  endfacet
  facet normal 0 1 0
    outer loop
      vertex 5.111141 3.33 -21.662939
      vertex 5.414214 3.33 -26.585786
      vertex 5.111141 3.33 -26.337061
    endloop
  endfacet
  facet normal 0 1 0
    outer loop
      vertex 5.111141 3.33 -21.662939
      vertex 5.111141 3.33 -26.337061
      vertex 4.765367 3.33 -21.847758
    endloop
  endfacet
  facet normal 0 1 0
    outer loop
      vertex 4.765367 3.33 -21.847758
      vertex 5.111141 3.33 -26.337061
      vertex 4.765367 3.33 -26.152241
    endloop
  endfacet
  facet normal 0 1 0
    outer loop
      vertex 4.765367 3.33 -21.847758
      vertex 4.765367 3.33 -26.152241
      vertex 4.390181 3.33 -21.96157
    endloop
  endfacet
  facet normal 0 1 0
    outer loop
      vertex 4.390181 3.33 -21.96157
      vertex 4.765367 3.33 -26.152241
      vertex 4.390181 3.33 -26.03843
    endloop
  endfacet
  facet normal 0 1 0
    outer loop
      vertex 4.390181 3.33 -21.96157
      vertex 4.390181 3.33 -26.03843
      vertex 4 3.33 -22
    endloop
  endfacet
  facet normal 0 1 0
    outer loop
      vertex 4 3.33 -22
      vertex 4.390181 3.33 -26.03843
      vertex 4 3.33 -25.999999
    endloop
  endfacet
  facet normal 0 1 0
    outer loop
      vertex 4 3.33 -22
      vertex 4 3.33 -25.999999
      vertex 3.609819 3.33 -21.96157
    endloop
  endfacet
  facet normal 0 1 0
    outer loop
      vertex 3.609819 3.33 -21.96157
      vertex 4 3.33 -25.999999
      vertex 3.609819 3.33 -26.03843
    endloop
  endfacet
  facet normal 0 1 0
    outer loop
      vertex 3.609819 3.33 -21.96157
      vertex 3.609819 3.33 -26.03843
      vertex 3.234633 3.33 -21.847758
    endloop
  endfacet
  facet normal 0 1 0
    outer loop
      vertex 3.234633 3.33 -21.847758
      vertex 3.609819 3.33 -26.03843
      vertex 3.234633 3.33 -26.152241
    endloop
  endfacet
  facet normal 0 1 0
    outer loop
      vertex 3.234633 3.33 -21.847758
      vertex 3.234633 3.33 -26.152241
      vertex 2.88886 3.33 -21.662939
    endloop
  endfacet
  facet normal 0 1 0
    outer loop
      vertex 2.88886 3.33 -21.662939
      vertex 3.234633 3.33 -26.152241
      vertex 2.88886 3.33 -26.337061
    endloop
  endfacet
  facet normal 0 1 0
    outer loop
      vertex 2.88886 3.33 -21.662939
      vertex 2.88886 3.33 -26.337061
      vertex 2.585787 3.33 -21.414213
    endloop
  endfacet
  facet normal 0 1 0
    outer loop
      vertex 2.585787 3.33 -21.414213
      vertex 2.88886 3.33 -26.337061
      vertex 2.585787 3.33 -26.585786
    endloop
  endfacet
  facet normal 0 1 0
    outer loop
      vertex 2.585787 3.33 -21.414213
      vertex 2.585787 3.33 -26.585786
      vertex 2.337061 3.33 -21.11114
    endloop
  endfacet
  facet normal 0 1 0
    outer loop
      vertex 2.337061 3.33 -21.11114
      vertex 2.585787 3.33 -26.585786
      vertex 2.337061 3.33 -26.888859
    endloop
  endfacet
  facet normal 0 1 0
    outer loop
      vertex 2.337061 3.33 -21.11114
      vertex 2.337061 3.33 -26.888859
      vertex 2.152241 3.33 -20.765367
    endloop
  endfacet
  facet normal 0 1 0
    outer loop
      vertex 2.152241 3.33 -20.765367
      vertex 2.337061 3.33 -26.888859
      vertex 2.152241 3.33 -27.234633
    endloop
  endfacet
  facet normal 0 1 0
    outer loop
      vertex 2.152241 3.33 -20.765367
      vertex 2.152241 3.33 -27.234633
      vertex 2.038429 3.33 -20.390182
    endloop
  endfacet
  facet normal 0 1 0
    outer loop
      vertex 2.038429 3.33 -20.390182
      vertex 2.152241 3.33 -27.234633
      vertex 2.038429 3.33 -27.60982
    endloop
  endfacet
  facet normal 0 1 0
    outer loop
      vertex 2.038429 3.33 -20.390182
      vertex 2.038429 3.33 -27.60982
      vertex 2 3.33 -20
    endloop
  endfacet
  facet normal 0 1 0
    outer loop
      vertex 2 3.33 -20
      vertex 2.038429 3.33 -27.60982
      vertex 2 3.33 -28
    endloop
  endfacet
  facet normal 0 1 0
    outer loop
      vertex 2 3.33 -20
      vertex 2 3.33 -28
      vertex 0.025 3.33 -0.025
    endloop
  endfacet
  facet normal 0 1 0
    outer loop
      vertex 0.025 3.33 -0.025
      vertex 2 3.33 -28
      vertex 2 3.33 -35.999999
    endloop
  endfacet
  facet normal 0 1 0
    outer loop
      vertex 0.025 3.33 -0.025
      vertex 2 3.33 -35.999999
      vertex 2 3.33 -44.000001
    endloop
  endfacet
  facet normal 0 1 0
    outer loop
      vertex 2 3.33 -44.000001
      vertex 2 3.33 -35.999999
      vertex 2.038429 3.33 -43.609819
    endloop
  endfacet
  facet normal 0 1 -0
    outer loop
      vertex 2.038429 3.33 -43.609819
      vertex 2 3.33 -35.999999
      vertex 2.038429 3.33 -36.390181
    endloop
  endfacet
  facet normal 0 1 0
    outer loop
      vertex 2.038429 3.33 -43.609819
      vertex 2.038429 3.33 -36.390181
      vertex 2.152241 3.33 -43.234634
    endloop
  endfacet
  facet normal 0 1 -0
    outer loop
      vertex 2.152241 3.33 -43.234634
      vertex 2.038429 3.33 -36.390181
      vertex 2.152241 3.33 -36.765368
    endloop
  endfacet
  facet normal 0 1 0
    outer loop
      vertex 2.152241 3.33 -43.234634
      vertex 2.152241 3.33 -36.765368
      vertex 2.337061 3.33 -42.888861
    endloop
  endfacet
  facet normal 0 1 -0
    outer loop
      vertex 2.337061 3.33 -42.888861
      vertex 2.152241 3.33 -36.765368
      vertex 2.337061 3.33 -37.111139
    endloop
  endfacet
  facet normal 0 1 0
    outer loop
      vertex 2.337061 3.33 -42.888861
      vertex 2.337061 3.33 -37.111139
      vertex 2.585787 3.33 -42.585788
    endloop
  endfacet
  facet normal 0 1 -0
    outer loop
      vertex 2.585787 3.33 -42.585788
      vertex 2.337061 3.33 -37.111139
      vertex 2.585787 3.33 -37.414215
    endloop
  endfacet
  facet normal 0 1 0
    outer loop
      vertex 2.585787 3.33 -42.585788
      vertex 2.585787 3.33 -37.414215
      vertex 2.88886 3.33 -42.33706
    endloop
  endfacet
  facet normal 0 1 -0
    outer loop
      vertex 2.88886 3.33 -42.33706
      vertex 2.585787 3.33 -37.414215
      vertex 2.88886 3.33 -37.66294
    endloop
  endfacet
  facet normal 0 1 0
    outer loop
      vertex 2.88886 3.33 -42.33706
      vertex 2.88886 3.33 -37.66294
      vertex 3.234633 3.33 -42.152243
    endloop
  endfacet
  facet normal 0 1 -0
    outer loop
      vertex 3.234633 3.33 -42.152243
      vertex 2.88886 3.33 -37.66294
      vertex 3.234633 3.33 -37.84776
    endloop
  endfacet
  facet normal 0 1 0
    outer loop
      vertex 3.234633 3.33 -42.152243
      vertex 3.234633 3.33 -37.84776
      vertex 3.609819 3.33 -42.038431
    endloop
  endfacet
  facet normal 0 1 -0
    outer loop
      vertex 3.609819 3.33 -42.038431
      vertex 3.234633 3.33 -37.84776
      vertex 3.609819 3.33 -37.961571
    endloop
  endfacet
  facet normal 0 1 0
    outer loop
      vertex 3.609819 3.33 -42.038431
      vertex 3.609819 3.33 -37.961571
      vertex 4 3.33 -41.999998
    endloop
  endfacet
  facet normal 0 1 -0
    outer loop
      vertex 4 3.33 -41.999998
      vertex 3.609819 3.33 -37.961571
      vertex 4 3.33 -38
    endloop
  endfacet
  facet normal -0 1 0
    outer loop
      vertex 4 3.33 -41.999998
      vertex 4 3.33 -38
      vertex 4.390181 3.33 -42.038431
    endloop
  endfacet
  facet normal 0 1 -0
    outer loop
      vertex 4.390181 3.33 -42.038431
      vertex 4 3.33 -38
      vertex 4.390181 3.33 -37.961571
    endloop
  endfacet
  facet normal -0 1 0
    outer loop
      vertex 4.390181 3.33 -42.038431
      vertex 4.390181 3.33 -37.961571
      vertex 4.765367 3.33 -42.152243
    endloop
  endfacet
  facet normal 0 1 -0
    outer loop
      vertex 4.765367 3.33 -42.152243
      vertex 4.390181 3.33 -37.961571
      vertex 4.765367 3.33 -37.84776
    endloop
  endfacet
  facet normal -0 1 0
    outer loop
      vertex 4.765367 3.33 -42.152243
      vertex 4.765367 3.33 -37.84776
      vertex 5.111141 3.33 -42.33706
    endloop
  endfacet
  facet normal 0 1 -0
    outer loop
      vertex 5.111141 3.33 -42.33706
      vertex 4.765367 3.33 -37.84776
      vertex 5.111141 3.33 -37.66294
    endloop
  endfacet
  facet normal -0 1 0
    outer loop
      vertex 5.111141 3.33 -42.33706
      vertex 5.111141 3.33 -37.66294
      vertex 5.414214 3.33 -42.585788
    endloop
  endfacet
  facet normal 0 1 -0
    outer loop
      vertex 5.414214 3.33 -42.585788
      vertex 5.111141 3.33 -37.66294
      vertex 5.414214 3.33 -37.414215
    endloop
  endfacet
  facet normal -0 1 0
    outer loop
      vertex 5.414214 3.33 -42.585788
      vertex 5.414214 3.33 -37.414215
      vertex 5.662939 3.33 -42.888861
    endloop
  endfacet
  facet normal 0 1 -0
    outer loop
      vertex 5.662939 3.33 -42.888861
      vertex 5.414214 3.33 -37.414215
      vertex 5.662939 3.33 -37.111139
    endloop
  endfacet
  facet normal -0 1 0
    outer loop
      vertex 5.662939 3.33 -42.888861
      vertex 5.662939 3.33 -37.111139
      vertex 5.847759 3.33 -43.234634
    endloop
  endfacet
  facet normal 0 1 -0
    outer loop
      vertex 5.847759 3.33 -43.234634
      vertex 5.662939 3.33 -37.111139
      vertex 5.847759 3.33 -36.765368
    endloop
  endfacet
  facet normal -0 1 0
    outer loop
      vertex 5.847759 3.33 -43.234634
      vertex 5.847759 3.33 -36.765368
      vertex 5.961571 3.33 -43.609819
    endloop
  endfacet
  facet normal 0 1 -0
    outer loop
      vertex 5.961571 3.33 -43.609819
      vertex 5.847759 3.33 -36.765368
      vertex 5.961571 3.33 -36.390181
    endloop
  endfacet
  facet normal -0 1 0
    outer loop
      vertex 5.961571 3.33 -43.609819
      vertex 5.961571 3.33 -36.390181
      vertex 6 3.33 -44.000001
    endloop
  endfacet
  facet normal 0 1 -0
    outer loop
      vertex 6 3.33 -44.000001
      vertex 5.961571 3.33 -36.390181
      vertex 6 3.33 -35.999999
    endloop
  endfacet
  facet normal -0 1 0
    outer loop
      vertex 6 3.33 -44.000001
      vertex 6 3.33 -35.999999
      vertex 7.975 3.33 -79.974999
    endloop
  endfacet
  facet normal 0 1 0
    outer loop
      vertex 0.025 3.33 -79.974999
      vertex 4 3.33 -78.000002
      vertex 7.975 3.33 -79.974999
    endloop
  endfacet
  facet normal 0 1 0
    outer loop
      vertex 7.975 3.33 -79.974999
      vertex 4 3.33 -78.000002
      vertex 4.390181 3.33 -77.961569
    endloop
  endfacet
  facet normal 0 1 0
    outer loop
      vertex 7.975 3.33 -79.974999
      vertex 4.390181 3.33 -77.961569
      vertex 4.765367 3.33 -77.847757
    endloop
  endfacet
  facet normal 0 1 0
    outer loop
      vertex 0.025 3.33 -0.025
      vertex 2 3.33 -44.000001
      vertex 0.025 3.33 -79.974999
    endloop
  endfacet
  facet normal 0 1 0
    outer loop
      vertex 0.025 3.33 -79.974999
      vertex 2 3.33 -44.000001
      vertex 2 3.33 -51.999998
    endloop
  endfacet
  facet normal 0 1 0
    outer loop
      vertex 0.025 3.33 -79.974999
      vertex 2 3.33 -51.999998
      vertex 2 3.33 -60
    endloop
  endfacet
  facet normal 0 1 0
    outer loop
      vertex 2 3.33 -60
      vertex 2 3.33 -51.999998
      vertex 2.038429 3.33 -59.609818
    endloop
  endfacet
  facet normal 0 1 -0
    outer loop
      vertex 2.038429 3.33 -59.609818
      vertex 2 3.33 -51.999998
      vertex 2.038429 3.33 -52.39018
    endloop
  endfacet
  facet normal 0 1 0
    outer loop
      vertex 2.038429 3.33 -59.609818
      vertex 2.038429 3.33 -52.39018
      vertex 2.152241 3.33 -59.234633
    endloop
  endfacet
  facet normal 0 1 -0
    outer loop
      vertex 2.152241 3.33 -59.234633
      vertex 2.038429 3.33 -52.39018
      vertex 2.152241 3.33 -52.765365
    endloop
  endfacet
  facet normal 0 1 0
    outer loop
      vertex 2.152241 3.33 -59.234633
      vertex 2.152241 3.33 -52.765365
      vertex 2.337061 3.33 -58.88886
    endloop
  endfacet
  facet normal 0 1 -0
    outer loop
      vertex 2.337061 3.33 -58.88886
      vertex 2.152241 3.33 -52.765365
      vertex 2.337061 3.33 -53.111138
    endloop
  endfacet
  facet normal 0 1 0
    outer loop
      vertex 2.337061 3.33 -58.88886
      vertex 2.337061 3.33 -53.111138
      vertex 2.585787 3.33 -58.585787
    endloop
  endfacet
  facet normal 0 1 -0
    outer loop
      vertex 2.585787 3.33 -58.585787
      vertex 2.337061 3.33 -53.111138
      vertex 2.585787 3.33 -53.414211
    endloop
  endfacet
  facet normal 0 1 0
    outer loop
      vertex 2.585787 3.33 -58.585787
      vertex 2.585787 3.33 -53.414211
      vertex 2.88886 3.33 -58.337059
    endloop
  endfacet
  facet normal 0 1 -0
    outer loop
      vertex 2.88886 3.33 -58.337059
      vertex 2.585787 3.33 -53.414211
      vertex 2.88886 3.33 -53.662939
    endloop
  endfacet
  facet normal 0 1 0
    outer loop
      vertex 2.88886 3.33 -58.337059
      vertex 2.88886 3.33 -53.662939
      vertex 3.234633 3.33 -58.152242
    endloop
  endfacet
  facet normal 0 1 -0
    outer loop
      vertex 3.234633 3.33 -58.152242
      vertex 2.88886 3.33 -53.662939
      vertex 3.234633 3.33 -53.847761
    endloop
  endfacet
  facet normal 0 1 0
    outer loop
      vertex 3.234633 3.33 -58.152242
      vertex 3.234633 3.33 -53.847761
      vertex 3.609819 3.33 -58.03843
    endloop
  endfacet
  facet normal 0 1 -0
    outer loop
      vertex 3.609819 3.33 -58.03843
      vertex 3.234633 3.33 -53.847761
      vertex 3.609819 3.33 -53.961573
    endloop
  endfacet
  facet normal 0 1 0
    outer loop
      vertex 3.609819 3.33 -58.03843
      vertex 3.609819 3.33 -53.961573
      vertex 4 3.33 -58.000002
    endloop
  endfacet
  facet normal 0 1 -0
    outer loop
      vertex 4 3.33 -58.000002
      vertex 3.609819 3.33 -53.961573
      vertex 4 3.33 -54.000001
    endloop
  endfacet
  facet normal -0 1 0
    outer loop
      vertex 4 3.33 -58.000002
      vertex 4 3.33 -54.000001
      vertex 4.390181 3.33 -58.03843
    endloop
  endfacet
  facet normal 0 1 -0
    outer loop
      vertex 4.390181 3.33 -58.03843
      vertex 4 3.33 -54.000001
      vertex 4.390181 3.33 -53.961573
    endloop
  endfacet
  facet normal -0 1 0
    outer loop
      vertex 4.390181 3.33 -58.03843
      vertex 4.390181 3.33 -53.961573
      vertex 4.765367 3.33 -58.152242
    endloop
  endfacet
  facet normal 0 1 -0
    outer loop
      vertex 4.765367 3.33 -58.152242
      vertex 4.390181 3.33 -53.961573
      vertex 4.765367 3.33 -53.847761
    endloop
  endfacet
  facet normal -0 1 0
    outer loop
      vertex 4.765367 3.33 -58.152242
      vertex 4.765367 3.33 -53.847761
      vertex 5.111141 3.33 -58.337059
    endloop
  endfacet
  facet normal 0 1 -0
    outer loop
      vertex 5.111141 3.33 -58.337059
      vertex 4.765367 3.33 -53.847761
      vertex 5.111141 3.33 -53.662939
    endloop
  endfacet
  facet normal -0 1 0
    outer loop
      vertex 5.111141 3.33 -58.337059
      vertex 5.111141 3.33 -53.662939
      vertex 5.414214 3.33 -58.585787
    endloop
  endfacet
  facet normal 0 1 -0
    outer loop
      vertex 5.414214 3.33 -58.585787
      vertex 5.111141 3.33 -53.662939
      vertex 5.414214 3.33 -53.414211
    endloop
  endfacet
  facet normal -0 1 0
    outer loop
      vertex 5.414214 3.33 -58.585787
      vertex 5.414214 3.33 -53.414211
      vertex 5.662939 3.33 -58.88886
    endloop
  endfacet
  facet normal 0 1 -0
    outer loop
      vertex 5.662939 3.33 -58.88886
      vertex 5.414214 3.33 -53.414211
      vertex 5.662939 3.33 -53.111138
    endloop
  endfacet
  facet normal -0 1 0
    outer loop
      vertex 5.662939 3.33 -58.88886
      vertex 5.662939 3.33 -53.111138
      vertex 5.847759 3.33 -59.234633
    endloop
  endfacet
  facet normal 0 1 -0
    outer loop
      vertex 5.847759 3.33 -59.234633
      vertex 5.662939 3.33 -53.111138
      vertex 5.847759 3.33 -52.765365
    endloop
  endfacet
  facet normal -0 1 0
    outer loop
      vertex 5.847759 3.33 -59.234633
      vertex 5.847759 3.33 -52.765365
      vertex 5.961571 3.33 -59.609818
    endloop
  endfacet
  facet normal 0 1 -0
    outer loop
      vertex 5.961571 3.33 -59.609818
      vertex 5.847759 3.33 -52.765365
      vertex 5.961571 3.33 -52.39018
    endloop
  endfacet
  facet normal -0 1 0
    outer loop
      vertex 5.961571 3.33 -59.609818
      vertex 5.961571 3.33 -52.39018
      vertex 6 3.33 -60
    endloop
  endfacet
  facet normal 0 1 -0
    outer loop
      vertex 6 3.33 -60
      vertex 5.961571 3.33 -52.39018
      vertex 6 3.33 -51.999998
    endloop
  endfacet
  facet normal -0 1 0
    outer loop
      vertex 6 3.33 -60
      vertex 6 3.33 -51.999998
      vertex 7.975 3.33 -79.974999
    endloop
  endfacet
  facet normal 0 1 0
    outer loop
      vertex 7.975 3.33 -79.974999
      vertex 6 3.33 -51.999998
      vertex 6 3.33 -44.000001
    endloop
  endfacet
  facet normal 0 1 0
    outer loop
      vertex 7.975 3.33 -0.025
      vertex 4 3.33 -2
      vertex 0.025 3.33 -0.025
    endloop
  endfacet
  facet normal 0 1 0
    outer loop
      vertex 0.025 3.33 -0.025
      vertex 4 3.33 -2
      vertex 3.609819 3.33 -2.038429
    endloop
  endfacet
  facet normal 0 1 0
    outer loop
      vertex 0.025 3.33 -0.025
      vertex 3.609819 3.33 -2.038429
      vertex 3.234633 3.33 -2.152241
    endloop
  endfacet
  facet normal -0 1 0
    outer loop
      vertex 4.765367 3.33 -77.847757
      vertex 5.111141 3.33 -77.66294
      vertex 7.975 3.33 -79.974999
    endloop
  endfacet
  facet normal 0 1 0
    outer loop
      vertex 7.975 3.33 -79.974999
      vertex 5.111141 3.33 -77.66294
      vertex 5.414214 3.33 -77.414212
    endloop
  endfacet
  facet normal 0 1 0
    outer loop
      vertex 7.975 3.33 -79.974999
      vertex 5.414214 3.33 -77.414212
      vertex 5.662939 3.33 -77.111139
    endloop
  endfacet
  facet normal -0 1 0
    outer loop
      vertex 5.662939 3.33 -77.111139
      vertex 5.847759 3.33 -76.765366
      vertex 7.975 3.33 -79.974999
    endloop
  endfacet
  facet normal 0 1 0
    outer loop
      vertex 7.975 3.33 -79.974999
      vertex 5.847759 3.33 -76.765366
      vertex 5.961571 3.33 -76.390181
    endloop
  endfacet
  facet normal 0 1 0
    outer loop
      vertex 7.975 3.33 -79.974999
      vertex 5.961571 3.33 -76.390181
      vertex 6 3.33 -75.999999
    endloop
  endfacet
  facet normal -0 1 0
    outer loop
      vertex 5.961571 3.33 -75.609818
      vertex 5.961571 3.33 -68.390179
      vertex 6 3.33 -75.999999
    endloop
  endfacet
  facet normal 0 1 -0
    outer loop
      vertex 6 3.33 -75.999999
      vertex 5.961571 3.33 -68.390179
      vertex 6 3.33 -68.000002
    endloop
  endfacet
  facet normal -0 1 0
    outer loop
      vertex 6 3.33 -75.999999
      vertex 6 3.33 -68.000002
      vertex 7.975 3.33 -79.974999
    endloop
  endfacet
  facet normal 0 1 0
    outer loop
      vertex 7.975 3.33 -79.974999
      vertex 6 3.33 -68.000002
      vertex 6 3.33 -60
    endloop
  endfacet
  facet normal 0 1 0
    outer loop
      vertex 5.961571 3.33 -68.390179
      vertex 5.961571 3.33 -75.609818
      vertex 5.847759 3.33 -68.765368
    endloop
  endfacet
  facet normal 0 1 0
    outer loop
      vertex 5.847759 3.33 -68.765368
      vertex 5.961571 3.33 -75.609818
      vertex 5.847759 3.33 -75.234632
    endloop
  endfacet
  facet normal 0 1 0
    outer loop
      vertex 5.847759 3.33 -68.765368
      vertex 5.847759 3.33 -75.234632
      vertex 5.662939 3.33 -69.111142
    endloop
  endfacet
  facet normal 0 1 0
    outer loop
      vertex 5.662939 3.33 -69.111142
      vertex 5.847759 3.33 -75.234632
      vertex 5.662939 3.33 -74.888859
    endloop
  endfacet
  facet normal 0 1 0
    outer loop
      vertex 5.662939 3.33 -69.111142
      vertex 5.662939 3.33 -74.888859
      vertex 5.414214 3.33 -69.414215
    endloop
  endfacet
  facet normal 0 1 0
    outer loop
      vertex 5.414214 3.33 -69.414215
      vertex 5.662939 3.33 -74.888859
      vertex 5.414214 3.33 -74.585786
    endloop
  endfacet
  facet normal 0 1 0
    outer loop
      vertex 5.414214 3.33 -69.414215
      vertex 5.414214 3.33 -74.585786
      vertex 5.111141 3.33 -69.662938
    endloop
  endfacet
  facet normal 0 1 0
    outer loop
      vertex 5.111141 3.33 -69.662938
      vertex 5.414214 3.33 -74.585786
      vertex 5.111141 3.33 -74.337063
    endloop
  endfacet
  facet normal 0 1 0
    outer loop
      vertex 5.111141 3.33 -69.662938
      vertex 5.111141 3.33 -74.337063
      vertex 4.765367 3.33 -69.84776
    endloop
  endfacet
  facet normal 0 1 0
    outer loop
      vertex 4.765367 3.33 -69.84776
      vertex 5.111141 3.33 -74.337063
      vertex 4.765367 3.33 -74.152241
    endloop
  endfacet
  facet normal 0 1 0
    outer loop
      vertex 4.765367 3.33 -69.84776
      vertex 4.765367 3.33 -74.152241
      vertex 4.390181 3.33 -69.961572
    endloop
  endfacet
  facet normal 0 1 0
    outer loop
      vertex 4.390181 3.33 -69.961572
      vertex 4.765367 3.33 -74.152241
      vertex 4.390181 3.33 -74.038429
    endloop
  endfacet
  facet normal 0 1 0
    outer loop
      vertex 4.390181 3.33 -69.961572
      vertex 4.390181 3.33 -74.038429
      vertex 4 3.33 -70
    endloop
  endfacet
  facet normal 0 1 0
    outer loop
      vertex 4 3.33 -70
      vertex 4.390181 3.33 -74.038429
      vertex 4 3.33 -74.000001
    endloop
  endfacet
  facet normal 0 1 0
    outer loop
      vertex 4 3.33 -70
      vertex 4 3.33 -74.000001
      vertex 3.609819 3.33 -69.961572
    endloop
  endfacet
  facet normal 0 1 0
    outer loop
      vertex 3.609819 3.33 -69.961572
      vertex 4 3.33 -74.000001
      vertex 3.609819 3.33 -74.038429
    endloop
  endfacet
  facet normal 0 1 0
    outer loop
      vertex 3.609819 3.33 -69.961572
      vertex 3.609819 3.33 -74.038429
      vertex 3.234633 3.33 -69.84776
    endloop
  endfacet
  facet normal 0 1 0
    outer loop
      vertex 3.234633 3.33 -69.84776
      vertex 3.609819 3.33 -74.038429
      vertex 3.234633 3.33 -74.152241
    endloop
  endfacet
  facet normal 0 1 0
    outer loop
      vertex 3.234633 3.33 -69.84776
      vertex 3.234633 3.33 -74.152241
      vertex 2.88886 3.33 -69.662938
    endloop
  endfacet
  facet normal 0 1 0
    outer loop
      vertex 2.88886 3.33 -69.662938
      vertex 3.234633 3.33 -74.152241
      vertex 2.88886 3.33 -74.337063
    endloop
  endfacet
  facet normal 0 1 0
    outer loop
      vertex 2.88886 3.33 -69.662938
      vertex 2.88886 3.33 -74.337063
      vertex 2.585787 3.33 -69.414215
    endloop
  endfacet
  facet normal 0 1 0
    outer loop
      vertex 2.585787 3.33 -69.414215
      vertex 2.88886 3.33 -74.337063
      vertex 2.585787 3.33 -74.585786
    endloop
  endfacet
  facet normal 0 1 0
    outer loop
      vertex 2.585787 3.33 -69.414215
      vertex 2.585787 3.33 -74.585786
      vertex 2.337061 3.33 -69.111142
    endloop
  endfacet
  facet normal 0 1 0
    outer loop
      vertex 2.337061 3.33 -69.111142
      vertex 2.585787 3.33 -74.585786
      vertex 2.337061 3.33 -74.888859
    endloop
  endfacet
  facet normal 0 1 0
    outer loop
      vertex 2.337061 3.33 -69.111142
      vertex 2.337061 3.33 -74.888859
      vertex 2.152241 3.33 -68.765368
    endloop
  endfacet
  facet normal 0 1 0
    outer loop
      vertex 2.152241 3.33 -68.765368
      vertex 2.337061 3.33 -74.888859
      vertex 2.152241 3.33 -75.234632
    endloop
  endfacet
  facet normal 0 1 0
    outer loop
      vertex 2.152241 3.33 -68.765368
      vertex 2.152241 3.33 -75.234632
      vertex 2.038429 3.33 -68.390179
    endloop
  endfacet
  facet normal 0 1 0
    outer loop
      vertex 2.038429 3.33 -68.390179
      vertex 2.152241 3.33 -75.234632
      vertex 2.038429 3.33 -75.609818
    endloop
  endfacet
  facet normal 0 1 0
    outer loop
      vertex 2.038429 3.33 -68.390179
      vertex 2.038429 3.33 -75.609818
      vertex 2 3.33 -68.000002
    endloop
  endfacet
  facet normal 0 1 0
    outer loop
      vertex 2 3.33 -68.000002
      vertex 2.038429 3.33 -75.609818
      vertex 2 3.33 -75.999999
    endloop
  endfacet
  facet normal 0 1 0
    outer loop
      vertex 2 3.33 -68.000002
      vertex 2 3.33 -75.999999
      vertex 0.025 3.33 -79.974999
    endloop
  endfacet
  facet normal 0 1 0
    outer loop
      vertex 0.025 3.33 -79.974999
      vertex 2 3.33 -75.999999
      vertex 2.038429 3.33 -76.390181
    endloop
  endfacet
  facet normal 0 1 0
    outer loop
      vertex 0.025 3.33 -79.974999
      vertex 2.038429 3.33 -76.390181
      vertex 2.152241 3.33 -76.765366
    endloop
  endfacet
  facet normal 0 1 0
    outer loop
      vertex 2.152241 3.33 -76.765366
      vertex 2.337061 3.33 -77.111139
      vertex 0.025 3.33 -79.974999
    endloop
  endfacet
  facet normal 0 1 0
    outer loop
      vertex 0.025 3.33 -79.974999
      vertex 2.337061 3.33 -77.111139
      vertex 2.585787 3.33 -77.414212
    endloop
  endfacet
  facet normal 0 1 0
    outer loop
      vertex 0.025 3.33 -79.974999
      vertex 2.585787 3.33 -77.414212
      vertex 2.88886 3.33 -77.66294
    endloop
  endfacet
  facet normal 0 1 0
    outer loop
      vertex 2.88886 3.33 -77.66294
      vertex 3.234633 3.33 -77.847757
      vertex 0.025 3.33 -79.974999
    endloop
  endfacet
  facet normal 0 1 0
    outer loop
      vertex 0.025 3.33 -79.974999
      vertex 3.234633 3.33 -77.847757
      vertex 3.609819 3.33 -77.961569
    endloop
  endfacet
  facet normal 0 1 0
    outer loop
      vertex 0.025 3.33 -79.974999
      vertex 3.609819 3.33 -77.961569
      vertex 4 3.33 -78.000002
    endloop
  endfacet
  facet normal 0 1 0
    outer loop
      vertex 6 3.33 -60
      vertex 6 3.33 -68.000002
      vertex 5.961571 3.33 -60.390182
    endloop
  endfacet
  facet normal 0 1 0
    outer loop
      vertex 5.961571 3.33 -60.390182
      vertex 6 3.33 -68.000002
      vertex 5.961571 3.33 -67.60982
    endloop
  endfacet
  facet normal 0 1 0
    outer loop
      vertex 5.961571 3.33 -60.390182
      vertex 5.961571 3.33 -67.60982
      vertex 5.847759 3.33 -60.765367
    endloop
  endfacet
  facet normal 0 1 0
    outer loop
      vertex 5.847759 3.33 -60.765367
      vertex 5.961571 3.33 -67.60982
      vertex 5.847759 3.33 -67.234635
    endloop
  endfacet
  facet normal 0 1 0
    outer loop
      vertex 5.847759 3.33 -60.765367
      vertex 5.847759 3.33 -67.234635
      vertex 5.662939 3.33 -61.11114
    endloop
  endfacet
  facet normal 0 1 0
    outer loop
      vertex 5.662939 3.33 -61.11114
      vertex 5.847759 3.33 -67.234635
      vertex 5.662939 3.33 -66.888862
    endloop
  endfacet
  facet normal 0 1 0
    outer loop
      vertex 5.662939 3.33 -61.11114
      vertex 5.662939 3.33 -66.888862
      vertex 5.414214 3.33 -61.414213
    endloop
  endfacet
  facet normal 0 1 0
    outer loop
      vertex 5.414214 3.33 -61.414213
      vertex 5.662939 3.33 -66.888862
      vertex 5.414214 3.33 -66.585789
    endloop
  endfacet
  facet normal 0 1 0
    outer loop
      vertex 5.414214 3.33 -61.414213
      vertex 5.414214 3.33 -66.585789
      vertex 5.111141 3.33 -61.662941
    endloop
  endfacet
  facet normal 0 1 0
    outer loop
      vertex 5.111141 3.33 -61.662941
      vertex 5.414214 3.33 -66.585789
      vertex 5.111141 3.33 -66.337061
    endloop
  endfacet
  facet normal 0 1 0
    outer loop
      vertex 5.111141 3.33 -61.662941
      vertex 5.111141 3.33 -66.337061
      vertex 4.765367 3.33 -61.847758
    endloop
  endfacet
  facet normal 0 1 0
    outer loop
      vertex 4.765367 3.33 -61.847758
      vertex 5.111141 3.33 -66.337061
      vertex 4.765367 3.33 -66.152239
    endloop
  endfacet
  facet normal 0 1 0
    outer loop
      vertex 4.765367 3.33 -61.847758
      vertex 4.765367 3.33 -66.152239
      vertex 4.390181 3.33 -61.96157
    endloop
  endfacet
  facet normal 0 1 0
    outer loop
      vertex 4.390181 3.33 -61.96157
      vertex 4.765367 3.33 -66.152239
      vertex 4.390181 3.33 -66.038427
    endloop
  endfacet
  facet normal 0 1 0
    outer loop
      vertex 4.390181 3.33 -61.96157
      vertex 4.390181 3.33 -66.038427
      vertex 4 3.33 -61.999998
    endloop
  endfacet
  facet normal 0 1 0
    outer loop
      vertex 4 3.33 -61.999998
      vertex 4.390181 3.33 -66.038427
      vertex 4 3.33 -65.999999
    endloop
  endfacet
  facet normal 0 1 0
    outer loop
      vertex 4 3.33 -61.999998
      vertex 4 3.33 -65.999999
      vertex 3.609819 3.33 -61.96157
    endloop
  endfacet
  facet normal 0 1 0
    outer loop
      vertex 3.609819 3.33 -61.96157
      vertex 4 3.33 -65.999999
      vertex 3.609819 3.33 -66.038427
    endloop
  endfacet
  facet normal 0 1 0
    outer loop
      vertex 3.609819 3.33 -61.96157
      vertex 3.609819 3.33 -66.038427
      vertex 3.234633 3.33 -61.847758
    endloop
  endfacet
  facet normal 0 1 0
    outer loop
      vertex 3.234633 3.33 -61.847758
      vertex 3.609819 3.33 -66.038427
      vertex 3.234633 3.33 -66.152239
    endloop
  endfacet
  facet normal 0 1 0
    outer loop
      vertex 3.234633 3.33 -61.847758
      vertex 3.234633 3.33 -66.152239
      vertex 2.88886 3.33 -61.662941
    endloop
  endfacet
  facet normal 0 1 0
    outer loop
      vertex 2.88886 3.33 -61.662941
      vertex 3.234633 3.33 -66.152239
      vertex 2.88886 3.33 -66.337061
    endloop
  endfacet
  facet normal 0 1 0
    outer loop
      vertex 2.88886 3.33 -61.662941
      vertex 2.88886 3.33 -66.337061
      vertex 2.585787 3.33 -61.414213
    endloop
  endfacet
  facet normal 0 1 0
    outer loop
      vertex 2.585787 3.33 -61.414213
      vertex 2.88886 3.33 -66.337061
      vertex 2.585787 3.33 -66.585789
    endloop
  endfacet
  facet normal 0 1 0
    outer loop
      vertex 2.585787 3.33 -61.414213
      vertex 2.585787 3.33 -66.585789
      vertex 2.337061 3.33 -61.11114
    endloop
  endfacet
  facet normal 0 1 0
    outer loop
      vertex 2.337061 3.33 -61.11114
      vertex 2.585787 3.33 -66.585789
      vertex 2.337061 3.33 -66.888862
    endloop
  endfacet
  facet normal 0 1 0
    outer loop
      vertex 2.337061 3.33 -61.11114
      vertex 2.337061 3.33 -66.888862
      vertex 2.152241 3.33 -60.765367
    endloop
  endfacet
  facet normal 0 1 0
    outer loop
      vertex 2.152241 3.33 -60.765367
      vertex 2.337061 3.33 -66.888862
      vertex 2.152241 3.33 -67.234635
    endloop
  endfacet
  facet normal 0 1 0
    outer loop
      vertex 2.152241 3.33 -60.765367
      vertex 2.152241 3.33 -67.234635
      vertex 2.038429 3.33 -60.390182
    endloop
  endfacet
  facet normal 0 1 0
    outer loop
      vertex 2.038429 3.33 -60.390182
      vertex 2.152241 3.33 -67.234635
      vertex 2.038429 3.33 -67.60982
    endloop
  endfacet
  facet normal 0 1 0
    outer loop
      vertex 2.038429 3.33 -60.390182
      vertex 2.038429 3.33 -67.60982
      vertex 2 3.33 -60
    endloop
  endfacet
  facet normal 0 1 0
    outer loop
      vertex 2 3.33 -60
      vertex 2.038429 3.33 -67.60982
      vertex 2 3.33 -68.000002
    endloop
  endfacet
  facet normal 0 1 0
    outer loop
      vertex 2 3.33 -60
      vertex 2 3.33 -68.000002
      vertex 0.025 3.33 -79.974999
    endloop
  endfacet
  facet normal 0 1 0
    outer loop
      vertex 6 3.33 -44.000001
      vertex 6 3.33 -51.999998
      vertex 5.961571 3.33 -44.390182
    endloop
  endfacet
  facet normal 0 1 0
    outer loop
      vertex 5.961571 3.33 -44.390182
      vertex 6 3.33 -51.999998
      vertex 5.961571 3.33 -51.609821
    endloop
  endfacet
  facet normal 0 1 0
    outer loop
      vertex 5.961571 3.33 -44.390182
      vertex 5.961571 3.33 -51.609821
      vertex 5.847759 3.33 -44.765368
    endloop
  endfacet
  facet normal 0 1 0
    outer loop
      vertex 5.847759 3.33 -44.765368
      vertex 5.961571 3.33 -51.609821
      vertex 5.847759 3.33 -51.234632
    endloop
  endfacet
  facet normal 0 1 0
    outer loop
      vertex 5.847759 3.33 -44.765368
      vertex 5.847759 3.33 -51.234632
      vertex 5.662939 3.33 -45.111141
    endloop
  endfacet
  facet normal 0 1 0
    outer loop
      vertex 5.662939 3.33 -45.111141
      vertex 5.847759 3.33 -51.234632
      vertex 5.662939 3.33 -50.888858
    endloop
  endfacet
  facet normal 0 1 0
    outer loop
      vertex 5.662939 3.33 -45.111141
      vertex 5.662939 3.33 -50.888858
      vertex 5.414214 3.33 -45.414214
    endloop
  endfacet
  facet normal 0 1 0
    outer loop
      vertex 5.414214 3.33 -45.414214
      vertex 5.662939 3.33 -50.888858
      vertex 5.414214 3.33 -50.585785
    endloop
  endfacet
  facet normal 0 1 0
    outer loop
      vertex 5.414214 3.33 -45.414214
      vertex 5.414214 3.33 -50.585785
      vertex 5.111141 3.33 -45.662937
    endloop
  endfacet
  facet normal 0 1 0
    outer loop
      vertex 5.111141 3.33 -45.662937
      vertex 5.414214 3.33 -50.585785
      vertex 5.111141 3.33 -50.337062
    endloop
  endfacet
  facet normal 0 1 0
    outer loop
      vertex 5.111141 3.33 -45.662937
      vertex 5.111141 3.33 -50.337062
      vertex 4.765367 3.33 -45.847759
    endloop
  endfacet
  facet normal 0 1 0
    outer loop
      vertex 4.765367 3.33 -45.847759
      vertex 5.111141 3.33 -50.337062
      vertex 4.765367 3.33 -50.15224
    endloop
  endfacet
  facet normal 0 1 0
    outer loop
      vertex 4.765367 3.33 -45.847759
      vertex 4.765367 3.33 -50.15224
      vertex 4.390181 3.33 -45.961571
    endloop
  endfacet
  facet normal 0 1 0
    outer loop
      vertex 4.390181 3.33 -45.961571
      vertex 4.765367 3.33 -50.15224
      vertex 4.390181 3.33 -50.038428
    endloop
  endfacet
  facet normal 0 1 0
    outer loop
      vertex 4.390181 3.33 -45.961571
      vertex 4.390181 3.33 -50.038428
      vertex 4 3.33 -45.999999
    endloop
  endfacet
  facet normal 0 1 0
    outer loop
      vertex 4 3.33 -45.999999
      vertex 4.390181 3.33 -50.038428
      vertex 4 3.33 -50
    endloop
  endfacet
  facet normal 0 1 0
    outer loop
      vertex 4 3.33 -45.999999
      vertex 4 3.33 -50
      vertex 3.609819 3.33 -45.961571
    endloop
  endfacet
  facet normal 0 1 0
    outer loop
      vertex 3.609819 3.33 -45.961571
      vertex 4 3.33 -50
      vertex 3.609819 3.33 -50.038428
    endloop
  endfacet
  facet normal 0 1 0
    outer loop
      vertex 3.609819 3.33 -45.961571
      vertex 3.609819 3.33 -50.038428
      vertex 3.234633 3.33 -45.847759
    endloop
  endfacet
  facet normal 0 1 0
    outer loop
      vertex 3.234633 3.33 -45.847759
      vertex 3.609819 3.33 -50.038428
      vertex 3.234633 3.33 -50.15224
    endloop
  endfacet
  facet normal 0 1 0
    outer loop
      vertex 3.234633 3.33 -45.847759
      vertex 3.234633 3.33 -50.15224
      vertex 2.88886 3.33 -45.662937
    endloop
  endfacet
  facet normal 0 1 0
    outer loop
      vertex 2.88886 3.33 -45.662937
      vertex 3.234633 3.33 -50.15224
      vertex 2.88886 3.33 -50.337062
    endloop
  endfacet
  facet normal 0 1 0
    outer loop
      vertex 2.88886 3.33 -45.662937
      vertex 2.88886 3.33 -50.337062
      vertex 2.585787 3.33 -45.414214
    endloop
  endfacet
  facet normal 0 1 0
    outer loop
      vertex 2.585787 3.33 -45.414214
      vertex 2.88886 3.33 -50.337062
      vertex 2.585787 3.33 -50.585785
    endloop
  endfacet
  facet normal 0 1 0
    outer loop
      vertex 2.585787 3.33 -45.414214
      vertex 2.585787 3.33 -50.585785
      vertex 2.337061 3.33 -45.111141
    endloop
  endfacet
  facet normal 0 1 0
    outer loop
      vertex 2.337061 3.33 -45.111141
      vertex 2.585787 3.33 -50.585785
      vertex 2.337061 3.33 -50.888858
    endloop
  endfacet
  facet normal 0 1 0
    outer loop
      vertex 2.337061 3.33 -45.111141
      vertex 2.337061 3.33 -50.888858
      vertex 2.152241 3.33 -44.765368
    endloop
  endfacet
  facet normal 0 1 0
    outer loop
      vertex 2.152241 3.33 -44.765368
      vertex 2.337061 3.33 -50.888858
      vertex 2.152241 3.33 -51.234632
    endloop
  endfacet
  facet normal 0 1 0
    outer loop
      vertex 2.152241 3.33 -44.765368
      vertex 2.152241 3.33 -51.234632
      vertex 2.038429 3.33 -44.390182
    endloop
  endfacet
  facet normal 0 1 0
    outer loop
      vertex 2.038429 3.33 -44.390182
      vertex 2.152241 3.33 -51.234632
      vertex 2.038429 3.33 -51.609821
    endloop
  endfacet
  facet normal 0 1 0
    outer loop
      vertex 2.038429 3.33 -44.390182
      vertex 2.038429 3.33 -51.609821
      vertex 2 3.33 -44.000001
    endloop
  endfacet
  facet normal 0 1 0
    outer loop
      vertex 2 3.33 -44.000001
      vertex 2.038429 3.33 -51.609821
      vertex 2 3.33 -51.999998
    endloop
  endfacet
  facet normal 0 1 0
    outer loop
      vertex 6 3.33 -28
      vertex 6 3.33 -35.999999
      vertex 5.961571 3.33 -28.390181
    endloop
  endfacet
  facet normal 0 1 0
    outer loop
      vertex 5.961571 3.33 -28.390181
      vertex 6 3.33 -35.999999
      vertex 5.961571 3.33 -35.60982
    endloop
  endfacet
  facet normal 0 1 0
    outer loop
      vertex 5.961571 3.33 -28.390181
      vertex 5.961571 3.33 -35.60982
      vertex 5.847759 3.33 -28.765366
    endloop
  endfacet
  facet normal 0 1 0
    outer loop
      vertex 5.847759 3.33 -28.765366
      vertex 5.961571 3.33 -35.60982
      vertex 5.847759 3.33 -35.234632
    endloop
  endfacet
  facet normal 0 1 0
    outer loop
      vertex 5.847759 3.33 -28.765366
      vertex 5.847759 3.33 -35.234632
      vertex 5.662939 3.33 -29.11114
    endloop
  endfacet
  facet normal 0 1 0
    outer loop
      vertex 5.662939 3.33 -29.11114
      vertex 5.847759 3.33 -35.234632
      vertex 5.662939 3.33 -34.888859
    endloop
  endfacet
  facet normal 0 1 0
    outer loop
      vertex 5.662939 3.33 -29.11114
      vertex 5.662939 3.33 -34.888859
      vertex 5.414214 3.33 -29.414213
    endloop
  endfacet
  facet normal 0 1 0
    outer loop
      vertex 5.414214 3.33 -29.414213
      vertex 5.662939 3.33 -34.888859
      vertex 5.414214 3.33 -34.585786
    endloop
  endfacet
  facet normal 0 1 0
    outer loop
      vertex 5.414214 3.33 -29.414213
      vertex 5.414214 3.33 -34.585786
      vertex 5.111141 3.33 -29.662938
    endloop
  endfacet
  facet normal 0 1 0
    outer loop
      vertex 5.111141 3.33 -29.662938
      vertex 5.414214 3.33 -34.585786
      vertex 5.111141 3.33 -34.33706
    endloop
  endfacet
  facet normal 0 1 0
    outer loop
      vertex 5.111141 3.33 -29.662938
      vertex 5.111141 3.33 -34.33706
      vertex 4.765367 3.33 -29.84776
    endloop
  endfacet
  facet normal 0 1 0
    outer loop
      vertex 4.765367 3.33 -29.84776
      vertex 5.111141 3.33 -34.33706
      vertex 4.765367 3.33 -34.152241
    endloop
  endfacet
  facet normal 0 1 0
    outer loop
      vertex 4.765367 3.33 -29.84776
      vertex 4.765367 3.33 -34.152241
      vertex 4.390181 3.33 -29.961572
    endloop
  endfacet
  facet normal 0 1 0
    outer loop
      vertex 4.390181 3.33 -29.961572
      vertex 4.765367 3.33 -34.152241
      vertex 4.390181 3.33 -34.038429
    endloop
  endfacet
  facet normal 0 1 0
    outer loop
      vertex 4.390181 3.33 -29.961572
      vertex 4.390181 3.33 -34.038429
      vertex 4 3.33 -30
    endloop
  endfacet
  facet normal 0 1 0
    outer loop
      vertex 4 3.33 -30
      vertex 4.390181 3.33 -34.038429
      vertex 4 3.33 -34.000001
    endloop
  endfacet
  facet normal 0 1 0
    outer loop
      vertex 4 3.33 -30
      vertex 4 3.33 -34.000001
      vertex 3.609819 3.33 -29.961572
    endloop
  endfacet
  facet normal 0 1 0
    outer loop
      vertex 3.609819 3.33 -29.961572
      vertex 4 3.33 -34.000001
      vertex 3.609819 3.33 -34.038429
    endloop
  endfacet
  facet normal 0 1 0
    outer loop
      vertex 3.609819 3.33 -29.961572
      vertex 3.609819 3.33 -34.038429
      vertex 3.234633 3.33 -29.84776
    endloop
  endfacet
  facet normal 0 1 0
    outer loop
      vertex 3.234633 3.33 -29.84776
      vertex 3.609819 3.33 -34.038429
      vertex 3.234633 3.33 -34.152241
    endloop
  endfacet
  facet normal 0 1 0
    outer loop
      vertex 3.234633 3.33 -29.84776
      vertex 3.234633 3.33 -34.152241
      vertex 2.88886 3.33 -29.662938
    endloop
  endfacet
  facet normal 0 1 0
    outer loop
      vertex 2.88886 3.33 -29.662938
      vertex 3.234633 3.33 -34.152241
      vertex 2.88886 3.33 -34.33706
    endloop
  endfacet
  facet normal 0 1 0
    outer loop
      vertex 2.88886 3.33 -29.662938
      vertex 2.88886 3.33 -34.33706
      vertex 2.585787 3.33 -29.414213
    endloop
  endfacet
  facet normal 0 1 0
    outer loop
      vertex 2.585787 3.33 -29.414213
      vertex 2.88886 3.33 -34.33706
      vertex 2.585787 3.33 -34.585786
    endloop
  endfacet
  facet normal 0 1 0
    outer loop
      vertex 2.585787 3.33 -29.414213
      vertex 2.585787 3.33 -34.585786
      vertex 2.337061 3.33 -29.11114
    endloop
  endfacet
  facet normal 0 1 0
    outer loop
      vertex 2.337061 3.33 -29.11114
      vertex 2.585787 3.33 -34.585786
      vertex 2.337061 3.33 -34.888859
    endloop
  endfacet
  facet normal 0 1 0
    outer loop
      vertex 2.337061 3.33 -29.11114
      vertex 2.337061 3.33 -34.888859
      vertex 2.152241 3.33 -28.765366
    endloop
  endfacet
  facet normal 0 1 0
    outer loop
      vertex 2.152241 3.33 -28.765366
      vertex 2.337061 3.33 -34.888859
      vertex 2.152241 3.33 -35.234632
    endloop
  endfacet
  facet normal 0 1 0
    outer loop
      vertex 2.152241 3.33 -28.765366
      vertex 2.152241 3.33 -35.234632
      vertex 2.038429 3.33 -28.390181
    endloop
  endfacet
  facet normal 0 1 0
    outer loop
      vertex 2.038429 3.33 -28.390181
      vertex 2.152241 3.33 -35.234632
      vertex 2.038429 3.33 -35.60982
    endloop
  endfacet
  facet normal 0 1 0
    outer loop
      vertex 2.038429 3.33 -28.390181
      vertex 2.038429 3.33 -35.60982
      vertex 2 3.33 -28
    endloop
  endfacet
  facet normal 0 1 0
    outer loop
      vertex 2 3.33 -28
      vertex 2.038429 3.33 -35.60982
      vertex 2 3.33 -35.999999
    endloop
  endfacet
  facet normal 0 1 0
    outer loop
      vertex 4.390181 3.33 -13.96157
      vertex 4.390181 3.33 -18.038429
      vertex 4 3.33 -14
    endloop
  endfacet
  facet normal 0 1 0
    outer loop
      vertex 4 3.33 -14
      vertex 4.390181 3.33 -18.038429
      vertex 4 3.33 -18
    endloop
  endfacet
  facet normal 0 1 0
    outer loop
      vertex 4 3.33 -14
      vertex 4 3.33 -18
      vertex 3.609819 3.33 -13.96157
    endloop
  endfacet
  facet normal 0 1 0
    outer loop
      vertex 3.609819 3.33 -13.96157
      vertex 4 3.33 -18
      vertex 3.609819 3.33 -18.038429
    endloop
  endfacet
  facet normal 0 1 0
    outer loop
      vertex 3.609819 3.33 -13.96157
      vertex 3.609819 3.33 -18.038429
      vertex 3.234633 3.33 -13.847759
    endloop
  endfacet
  facet normal 0 1 0
    outer loop
      vertex 3.234633 3.33 -13.847759
      vertex 3.609819 3.33 -18.038429
      vertex 3.234633 3.33 -18.152241
    endloop
  endfacet
  facet normal 0 1 0
    outer loop
      vertex 3.234633 3.33 -13.847759
      vertex 3.234633 3.33 -18.152241
      vertex 2.88886 3.33 -13.662939
    endloop
  endfacet
  facet normal 0 1 0
    outer loop
      vertex 2.88886 3.33 -13.662939
      vertex 3.234633 3.33 -18.152241
      vertex 2.88886 3.33 -18.33706
    endloop
  endfacet
  facet normal 0 1 0
    outer loop
      vertex 2.88886 3.33 -13.662939
      vertex 2.88886 3.33 -18.33706
      vertex 2.585787 3.33 -13.414214
    endloop
  endfacet
  facet normal 0 1 0
    outer loop
      vertex 2.585787 3.33 -13.414214
      vertex 2.88886 3.33 -18.33706
      vertex 2.585787 3.33 -18.585787
    endloop
  endfacet
  facet normal 0 1 0
    outer loop
      vertex 2.585787 3.33 -13.414214
      vertex 2.585787 3.33 -18.585787
      vertex 2.337061 3.33 -13.111141
    endloop
  endfacet
  facet normal 0 1 0
    outer loop
      vertex 2.337061 3.33 -13.111141
      vertex 2.585787 3.33 -18.585787
      vertex 2.337061 3.33 -18.88886
    endloop
  endfacet
  facet normal 0 1 0
    outer loop
      vertex 2.337061 3.33 -13.111141
      vertex 2.337061 3.33 -18.88886
      vertex 2.152241 3.33 -12.765367
    endloop
  endfacet
  facet normal 0 1 0
    outer loop
      vertex 2.152241 3.33 -12.765367
      vertex 2.337061 3.33 -18.88886
      vertex 2.152241 3.33 -19.234633
    endloop
  endfacet
  facet normal 0 1 0
    outer loop
      vertex 2.152241 3.33 -12.765367
      vertex 2.152241 3.33 -19.234633
      vertex 2.038429 3.33 -12.390181
    endloop
  endfacet
  facet normal 0 1 0
    outer loop
      vertex 2.038429 3.33 -12.390181
      vertex 2.152241 3.33 -19.234633
      vertex 2.038429 3.33 -19.60982
    endloop
  endfacet
  facet normal 0 1 0
    outer loop
      vertex 2.038429 3.33 -12.390181
      vertex 2.038429 3.33 -19.60982
      vertex 2 3.33 -12
    endloop
  endfacet
  facet normal 0 1 0
    outer loop
      vertex 2 3.33 -12
      vertex 2.038429 3.33 -19.60982
      vertex 2 3.33 -20
    endloop
  endfacet
  facet normal 0 1 0
    outer loop
      vertex 2 3.33 -12
      vertex 2 3.33 -20
      vertex 0.025 3.33 -0.025
    endloop
  endfacet
  facet normal -0 1 0
    outer loop
      vertex 4.390181 3.33 -18.038429
      vertex 4.390181 3.33 -13.96157
      vertex 4.765367 3.33 -18.152241
    endloop
  endfacet
  facet normal 0 1 -0
    outer loop
      vertex 4.765367 3.33 -18.152241
      vertex 4.390181 3.33 -13.96157
      vertex 4.765367 3.33 -13.847759
    endloop
  endfacet
  facet normal -0 1 0
    outer loop
      vertex 4.765367 3.33 -18.152241
      vertex 4.765367 3.33 -13.847759
      vertex 5.111141 3.33 -18.33706
    endloop
  endfacet
  facet normal 0 1 -0
    outer loop
      vertex 5.111141 3.33 -18.33706
      vertex 4.765367 3.33 -13.847759
      vertex 5.111141 3.33 -13.662939
    endloop
  endfacet
  facet normal -0 1 0
    outer loop
      vertex 5.111141 3.33 -18.33706
      vertex 5.111141 3.33 -13.662939
      vertex 5.414214 3.33 -18.585787
    endloop
  endfacet
  facet normal 0 1 -0
    outer loop
      vertex 5.414214 3.33 -18.585787
      vertex 5.111141 3.33 -13.662939
      vertex 5.414214 3.33 -13.414214
    endloop
  endfacet
  facet normal -0 1 0
    outer loop
      vertex 5.414214 3.33 -18.585787
      vertex 5.414214 3.33 -13.414214
      vertex 5.662939 3.33 -18.88886
    endloop
  endfacet
  facet normal 0 1 -0
    outer loop
      vertex 5.662939 3.33 -18.88886
      vertex 5.414214 3.33 -13.414214
      vertex 5.662939 3.33 -13.111141
    endloop
  endfacet
  facet normal -0 1 0
    outer loop
      vertex 5.662939 3.33 -18.88886
      vertex 5.662939 3.33 -13.111141
      vertex 5.847759 3.33 -19.234633
    endloop
  endfacet
  facet normal 0 1 -0
    outer loop
      vertex 5.847759 3.33 -19.234633
      vertex 5.662939 3.33 -13.111141
      vertex 5.847759 3.33 -12.765367
    endloop
  endfacet
  facet normal -0 1 0
    outer loop
      vertex 5.847759 3.33 -19.234633
      vertex 5.847759 3.33 -12.765367
      vertex 5.961571 3.33 -19.60982
    endloop
  endfacet
  facet normal 0 1 -0
    outer loop
      vertex 5.961571 3.33 -19.60982
      vertex 5.847759 3.33 -12.765367
      vertex 5.961571 3.33 -12.390181
    endloop
  endfacet
  facet normal -0 1 0
    outer loop
      vertex 5.961571 3.33 -19.60982
      vertex 5.961571 3.33 -12.390181
      vertex 6 3.33 -20
    endloop
  endfacet
  facet normal 0 1 -0
    outer loop
      vertex 6 3.33 -20
      vertex 5.961571 3.33 -12.390181
      vertex 6 3.33 -12
    endloop
  endfacet
  facet normal 0 1 0
    outer loop
      vertex 6 3.33 -20
      vertex 6 3.33 -12
      vertex 7.975 3.33 -0.025
    endloop
  endfacet
  facet normal 0 1 0
    outer loop
      vertex 7.975 3.33 -0.025
      vertex 6 3.33 -12
      vertex 6 3.33 -4
    endloop
  endfacet
  facet normal 0 1 0
    outer loop
      vertex 7.975 3.33 -0.025
      vertex 6 3.33 -4
      vertex 5.961571 3.33 -3.609819
    endloop
  endfacet
  facet normal 0 1 0
    outer loop
      vertex 6 3.33 -4
      vertex 6 3.33 -12
      vertex 5.961571 3.33 -4.390181
    endloop
  endfacet
  facet normal 0 1 0
    outer loop
      vertex 5.961571 3.33 -4.390181
      vertex 6 3.33 -12
      vertex 5.961571 3.33 -11.609819
    endloop
  endfacet
  facet normal 0 1 0
    outer loop
      vertex 5.961571 3.33 -4.390181
      vertex 5.961571 3.33 -11.609819
      vertex 5.847759 3.33 -4.765367
    endloop
  endfacet
  facet normal 0 1 0
    outer loop
      vertex 5.847759 3.33 -4.765367
      vertex 5.961571 3.33 -11.609819
      vertex 5.847759 3.33 -11.234633
    endloop
  endfacet
  facet normal 0 1 0
    outer loop
      vertex 5.847759 3.33 -4.765367
      vertex 5.847759 3.33 -11.234633
      vertex 5.662939 3.33 -5.111141
    endloop
  endfacet
  facet normal 0 1 0
    outer loop
      vertex 5.662939 3.33 -5.111141
      vertex 5.847759 3.33 -11.234633
      vertex 5.662939 3.33 -10.888859
    endloop
  endfacet
  facet normal 0 1 0
    outer loop
      vertex 5.662939 3.33 -5.111141
      vertex 5.662939 3.33 -10.888859
      vertex 5.414214 3.33 -5.414214
    endloop
  endfacet
  facet normal 0 1 0
    outer loop
      vertex 5.414214 3.33 -5.414214
      vertex 5.662939 3.33 -10.888859
      vertex 5.414214 3.33 -10.585786
    endloop
  endfacet
  facet normal 0 1 0
    outer loop
      vertex 5.414214 3.33 -5.414214
      vertex 5.414214 3.33 -10.585786
      vertex 5.111141 3.33 -5.662939
    endloop
  endfacet
  facet normal 0 1 0
    outer loop
      vertex 5.111141 3.33 -5.662939
      vertex 5.414214 3.33 -10.585786
      vertex 5.111141 3.33 -10.337061
    endloop
  endfacet
  facet normal 0 1 0
    outer loop
      vertex 5.111141 3.33 -5.662939
      vertex 5.111141 3.33 -10.337061
      vertex 4.765367 3.33 -5.847759
    endloop
  endfacet
  facet normal 0 1 0
    outer loop
      vertex 4.765367 3.33 -5.847759
      vertex 5.111141 3.33 -10.337061
      vertex 4.765367 3.33 -10.152241
    endloop
  endfacet
  facet normal 0 1 0
    outer loop
      vertex 4.765367 3.33 -5.847759
      vertex 4.765367 3.33 -10.152241
      vertex 4.390181 3.33 -5.961571
    endloop
  endfacet
  facet normal 0 1 0
    outer loop
      vertex 4.390181 3.33 -5.961571
      vertex 4.765367 3.33 -10.152241
      vertex 4.390181 3.33 -10.038429
    endloop
  endfacet
  facet normal 0 1 0
    outer loop
      vertex 4.390181 3.33 -5.961571
      vertex 4.390181 3.33 -10.038429
      vertex 4 3.33 -6
    endloop
  endfacet
  facet normal 0 1 0
    outer loop
      vertex 4 3.33 -6
      vertex 4.390181 3.33 -10.038429
      vertex 4 3.33 -10
    endloop
  endfacet
  facet normal 0 1 0
    outer loop
      vertex 4 3.33 -6
      vertex 4 3.33 -10
      vertex 3.609819 3.33 -5.961571
    endloop
  endfacet
  facet normal 0 1 0
    outer loop
      vertex 3.609819 3.33 -5.961571
      vertex 4 3.33 -10
      vertex 3.609819 3.33 -10.038429
    endloop
  endfacet
  facet normal 0 1 0
    outer loop
      vertex 3.609819 3.33 -5.961571
      vertex 3.609819 3.33 -10.038429
      vertex 3.234633 3.33 -5.847759
    endloop
  endfacet
  facet normal 0 1 0
    outer loop
      vertex 3.234633 3.33 -5.847759
      vertex 3.609819 3.33 -10.038429
      vertex 3.234633 3.33 -10.152241
    endloop
  endfacet
  facet normal 0 1 0
    outer loop
      vertex 3.234633 3.33 -5.847759
      vertex 3.234633 3.33 -10.152241
      vertex 2.88886 3.33 -5.662939
    endloop
  endfacet
  facet normal 0 1 0
    outer loop
      vertex 2.88886 3.33 -5.662939
      vertex 3.234633 3.33 -10.152241
      vertex 2.88886 3.33 -10.337061
    endloop
  endfacet
  facet normal 0 1 0
    outer loop
      vertex 2.88886 3.33 -5.662939
      vertex 2.88886 3.33 -10.337061
      vertex 2.585787 3.33 -5.414214
    endloop
  endfacet
  facet normal 0 1 0
    outer loop
      vertex 2.585787 3.33 -5.414214
      vertex 2.88886 3.33 -10.337061
      vertex 2.585787 3.33 -10.585786
    endloop
  endfacet
  facet normal 0 1 0
    outer loop
      vertex 2.585787 3.33 -5.414214
      vertex 2.585787 3.33 -10.585786
      vertex 2.337061 3.33 -5.111141
    endloop
  endfacet
  facet normal 0 1 0
    outer loop
      vertex 2.337061 3.33 -5.111141
      vertex 2.585787 3.33 -10.585786
      vertex 2.337061 3.33 -10.888859
    endloop
  endfacet
  facet normal 0 1 0
    outer loop
      vertex 2.337061 3.33 -5.111141
      vertex 2.337061 3.33 -10.888859
      vertex 2.152241 3.33 -4.765367
    endloop
  endfacet
  facet normal 0 1 0
    outer loop
      vertex 2.152241 3.33 -4.765367
      vertex 2.337061 3.33 -10.888859
      vertex 2.152241 3.33 -11.234633
    endloop
  endfacet
  facet normal 0 1 0
    outer loop
      vertex 2.152241 3.33 -4.765367
      vertex 2.152241 3.33 -11.234633
      vertex 2.038429 3.33 -4.390181
    endloop
  endfacet
  facet normal 0 1 0
    outer loop
      vertex 2.038429 3.33 -4.390181
      vertex 2.152241 3.33 -11.234633
      vertex 2.038429 3.33 -11.609819
    endloop
  endfacet
  facet normal 0 1 0
    outer loop
      vertex 2.038429 3.33 -4.390181
      vertex 2.038429 3.33 -11.609819
      vertex 2 3.33 -4
    endloop
  endfacet
  facet normal 0 1 0
    outer loop
      vertex 2 3.33 -4
      vertex 2.038429 3.33 -11.609819
      vertex 2 3.33 -12
    endloop
  endfacet
  facet normal 0 1 0
    outer loop
      vertex 2 3.33 -4
      vertex 2 3.33 -12
      vertex 0.025 3.33 -0.025
    endloop
  endfacet
  facet normal 0 1 -0
    outer loop
      vertex 5.961571 3.33 -3.609819
      vertex 5.847759 3.33 -3.234633
      vertex 7.975 3.33 -0.025
    endloop
  endfacet
  facet normal 0 1 0
    outer loop
      vertex 7.975 3.33 -0.025
      vertex 5.847759 3.33 -3.234633
      vertex 5.662939 3.33 -2.88886
    endloop
  endfacet
  facet normal 0 1 0
    outer loop
      vertex 7.975 3.33 -0.025
      vertex 5.662939 3.33 -2.88886
      vertex 5.414214 3.33 -2.585787
    endloop
  endfacet
  facet normal 0 1 -0
    outer loop
      vertex 5.414214 3.33 -2.585787
      vertex 5.111141 3.33 -2.337061
      vertex 7.975 3.33 -0.025
    endloop
  endfacet
  facet normal 0 1 0
    outer loop
      vertex 7.975 3.33 -0.025
      vertex 5.111141 3.33 -2.337061
      vertex 4.765367 3.33 -2.152241
    endloop
  endfacet
  facet normal 0 1 0
    outer loop
      vertex 7.975 3.33 -0.025
      vertex 4.765367 3.33 -2.152241
      vertex 4.390181 3.33 -2.038429
    endloop
  endfacet
  facet normal 0 1 -0
    outer loop
      vertex 4.390181 3.33 -2.038429
      vertex 4 3.33 -2
      vertex 7.975 3.33 -0.025
    endloop
  endfacet
  facet normal 0 1 0
    outer loop
      vertex 3.234633 3.33 -2.152241
      vertex 2.88886 3.33 -2.337061
      vertex 0.025 3.33 -0.025
    endloop
  endfacet
  facet normal 0 1 0
    outer loop
      vertex 0.025 3.33 -0.025
      vertex 2.88886 3.33 -2.337061
      vertex 2.585787 3.33 -2.585787
    endloop
  endfacet
  facet normal 0 1 0
    outer loop
      vertex 0.025 3.33 -0.025
      vertex 2.585787 3.33 -2.585787
      vertex 2.337061 3.33 -2.88886
    endloop
  endfacet
  facet normal 0 1 0
    outer loop
      vertex 2.337061 3.33 -2.88886
      vertex 2.152241 3.33 -3.234633
      vertex 0.025 3.33 -0.025
    endloop
  endfacet
  facet normal 0 1 0
    outer loop
      vertex 0.025 3.33 -0.025
      vertex 2.152241 3.33 -3.234633
      vertex 2.038429 3.33 -3.609819
    endloop
  endfacet
  facet normal 0 1 0
    outer loop
      vertex 0.025 3.33 -0.025
      vertex 2.038429 3.33 -3.609819
      vertex 2 3.33 -4
    endloop
  endfacet
  facet normal 0 0 1
    outer loop
      vertex 7.975 3.305 0
      vertex 0.025 3.305 0
      vertex 7.975 0.025 0
    endloop
  endfacet
  facet normal 0 0 1
    outer loop
      vertex 7.975 0.025 0
      vertex 0.025 3.305 0
      vertex 0.025 0.025 0
    endloop
  endfacet
  facet normal 0 0 -1
    outer loop
      vertex 7.975 0.025 -80
      vertex 0.025 0.025 -80
      vertex 7.975 3.305 -80
    endloop
  endfacet
  facet normal -0 0 -1
    outer loop
      vertex 7.975 3.305 -80
      vertex 0.025 0.025 -80
      vertex 0.025 3.305 -80
    endloop
  endfacet
  facet normal -0.258792736 -0.965932875 0
    outer loop
      vertex 0.025 0 -79.974999
      vertex 0.025 0 -0.025
      vertex 0.0125 0.003349 -79.974999
    endloop
  endfacet
  facet normal -0.258792736 -0.965932875 0
    outer loop
      vertex 0.0125 0.003349 -79.974999
      vertex 0.025 0 -0.025
      vertex 0.0125 0.003349 -0.025
    endloop
  endfacet
  facet normal -0.707106781 -0.707106781 0
    outer loop
      vertex 0.0125 0.003349 -79.974999
      vertex 0.0125 0.003349 -0.025
      vertex 0.003349 0.0125 -79.974999
    endloop
  endfacet
  facet normal -0.707106781 -0.707106781 0
    outer loop
      vertex 0.003349 0.0125 -79.974999
      vertex 0.0125 0.003349 -0.025
      vertex 0.003349 0.0125 -0.025
    endloop
  endfacet
  facet normal -0.965932875 -0.258792736 0
    outer loop
      vertex 0.003349 0.0125 -79.974999
      vertex 0.003349 0.0125 -0.025
      vertex 0 0.025 -79.974999
    endloop
  endfacet
  facet normal -0.965932875 -0.258792736 0
    outer loop
      vertex 0 0.025 -79.974999
      vertex 0.003349 0.0125 -0.025
      vertex 0 0.025 -0.025
    endloop
  endfacet
  facet normal 1 -0 0
    outer loop
      vertex 1.5 0 -1.5
      vertex 1.5 0 -78.499999
      vertex 1.5 1.83 -1.5
    endloop
  endfacet
  facet normal 1 0 0
    outer loop
      vertex 1.5 1.83 -1.5
      vertex 1.5 0 -78.499999
      vertex 1.5 1.83 -78.499999
    endloop
  endfacet
  facet normal -0.965932875 0.258792736 0
    outer loop
      vertex 0 3.305 -79.974999
      vertex 0 3.305 -0.025
      vertex 0.003349 3.3175 -79.974999
    endloop
  endfacet
  facet normal -0.965932875 0.258792736 0
    outer loop
      vertex 0.003349 3.3175 -79.974999
      vertex 0 3.305 -0.025
      vertex 0.003349 3.3175 -0.025
    endloop
  endfacet
  facet normal -0.707106781 0.707106781 0
    outer loop
      vertex 0.003349 3.3175 -79.974999
      vertex 0.003349 3.3175 -0.025
      vertex 0.0125 3.326651 -79.974999
    endloop
  endfacet
  facet normal -0.707106781 0.707106781 0
    outer loop
      vertex 0.0125 3.326651 -79.974999
      vertex 0.003349 3.3175 -0.025
      vertex 0.0125 3.326651 -0.025
    endloop
  endfacet
  facet normal -0.258792736 0.965932875 0
    outer loop
      vertex 0.0125 3.326651 -79.974999
      vertex 0.0125 3.326651 -0.025
      vertex 0.025 3.33 -79.974999
    endloop
  endfacet
  facet normal -0.258792736 0.965932875 0
    outer loop
      vertex 0.025 3.33 -79.974999
      vertex 0.0125 3.326651 -0.025
      vertex 0.025 3.33 -0.025
    endloop
  endfacet
  facet normal 0 0 1
    outer loop
      vertex 1.5 0 -78.499999
      vertex 6.5 0 -78.499999
      vertex 1.5 1.83 -78.499999
    endloop
  endfacet
  facet normal -0 0 1
    outer loop
      vertex 1.5 1.83 -78.499999
      vertex 6.5 0 -78.499999
      vertex 6.5 1.83 -78.499999
    endloop
  endfacet
  facet normal 0.258792736 0 0.965932875
    outer loop
      vertex 7.975 3.305 0
      vertex 7.975 0.025 0
      vertex 7.9875 3.305 -0.003349
    endloop
  endfacet
  facet normal 0.258792736 0 0.965932875
    outer loop
      vertex 7.9875 3.305 -0.003349
      vertex 7.975 0.025 0
      vertex 7.9875 0.025 -0.003349
    endloop
  endfacet
  facet normal 0.707145418 0 0.707068143
    outer loop
      vertex 7.9875 3.305 -0.003349
      vertex 7.9875 0.025 -0.003349
      vertex 7.99665 3.305 -0.0125
    endloop
  endfacet
  facet normal 0.707145418 0 0.707068143
    outer loop
      vertex 7.99665 3.305 -0.0125
      vertex 7.9875 0.025 -0.003349
      vertex 7.99665 0.025 -0.0125
    endloop
  endfacet
  facet normal 0.965913556 0 0.258864833
    outer loop
      vertex 7.99665 3.305 -0.0125
      vertex 7.99665 0.025 -0.0125
      vertex 8 3.305 -0.025
    endloop
  endfacet
  facet normal 0.965913556 0 0.258864833
    outer loop
      vertex 8 3.305 -0.025
      vertex 7.99665 0.025 -0.0125
      vertex 8 0.025 -0.025
    endloop
  endfacet
  facet normal 0.258792736 0.965932875 -0
    outer loop
      vertex 7.975 3.33 -79.974999
      vertex 7.975 3.33 -0.025
      vertex 7.9875 3.326651 -79.974999
    endloop
  endfacet
  facet normal 0.258792736 0.965932875 -0
    outer loop
      vertex 7.9875 3.326651 -79.974999
      vertex 7.975 3.33 -0.025
      vertex 7.9875 3.326651 -0.025
    endloop
  endfacet
  facet normal 0.707145418 0.707068143 -0
    outer loop
      vertex 7.9875 3.326651 -79.974999
      vertex 7.9875 3.326651 -0.025
      vertex 7.99665 3.3175 -79.974999
    endloop
  endfacet
  facet normal 0.707145418 0.707068143 -0
    outer loop
      vertex 7.99665 3.3175 -79.974999
      vertex 7.9875 3.326651 -0.025
      vertex 7.99665 3.3175 -0.025
    endloop
  endfacet
  facet normal 0.965913556 0.258864833 -0
    outer loop
      vertex 7.99665 3.3175 -79.974999
      vertex 7.99665 3.3175 -0.025
      vertex 8 3.305 -79.974999
    endloop
  endfacet
  facet normal 0.965913556 0.258864833 -0
    outer loop
      vertex 8 3.305 -79.974999
      vertex 7.99665 3.3175 -0.025
      vertex 8 3.305 -0.025
    endloop
  endfacet
  facet normal -0.935125918 -0.250538936 0.250538936
    outer loop
      vertex 0 0.025 -0.025
      vertex 0.003349 0.0125 -0.025
      vertex 0.003349 0.025 -0.0125
    endloop
  endfacet
  facet normal -0.577350269 -0.577350269 0.577350269
    outer loop
      vertex 0.003349 0.025 -0.0125
      vertex 0.003349 0.0125 -0.025
      vertex 0.0125 0.003349 -0.025
    endloop
  endfacet
  facet normal -0.577350269 -0.577350269 0.577350269
    outer loop
      vertex 0.003349 0.025 -0.0125
      vertex 0.0125 0.003349 -0.025
      vertex 0.025 0.0125 -0.003349
    endloop
  endfacet
  facet normal -0.577350269 -0.577350269 0.577350269
    outer loop
      vertex 0.025 0.0125 -0.003349
      vertex 0.0125 0.003349 -0.025
      vertex 0.025 0.003349 -0.0125
    endloop
  endfacet
  facet normal -0.250538936 -0.935125918 0.250538936
    outer loop
      vertex 0.025 0.003349 -0.0125
      vertex 0.0125 0.003349 -0.025
      vertex 0.025 0 -0.025
    endloop
  endfacet
  facet normal -0.577350269 -0.577350269 0.577350269
    outer loop
      vertex 0.003349 0.025 -0.0125
      vertex 0.025 0.0125 -0.003349
      vertex 0.0125 0.025 -0.003349
    endloop
  endfacet
  facet normal -0.250538936 -0.250538936 0.935125918
    outer loop
      vertex 0.0125 0.025 -0.003349
      vertex 0.025 0.0125 -0.003349
      vertex 0.025 0.025 0
    endloop
  endfacet
  facet normal 0.965929085 0 -0.258806881
    outer loop
      vertex 8 3.305 -79.974999
      vertex 8 0.025 -79.974999
      vertex 7.99665 3.305 -79.987502
    endloop
  endfacet
  facet normal 0.965929085 0 -0.258806881
    outer loop
      vertex 7.99665 3.305 -79.987502
      vertex 8 0.025 -79.974999
      vertex 7.99665 0.025 -79.987502
    endloop
  endfacet
  facet normal 0.707145418 0 -0.707068143
    outer loop
      vertex 7.99665 3.305 -79.987502
      vertex 7.99665 0.025 -79.987502
      vertex 7.9875 3.305 -79.996653
    endloop
  endfacet
  facet normal 0.707145418 0 -0.707068143
    outer loop
      vertex 7.9875 3.305 -79.996653
      vertex 7.99665 0.025 -79.987502
      vertex 7.9875 0.025 -79.996653
    endloop
  endfacet
  facet normal 0.258648529 0 -0.9659715
    outer loop
      vertex 7.9875 3.305 -79.996653
      vertex 7.9875 0.025 -79.996653
      vertex 7.975 3.305 -80
    endloop
  endfacet
  facet normal 0.258648529 0 -0.9659715
    outer loop
      vertex 7.975 3.305 -80
      vertex 7.9875 0.025 -79.996653
      vertex 7.975 0.025 -80
    endloop
  endfacet
  facet normal 0.250538936 0.935125918 0.250538936
    outer loop
      vertex 7.975 3.33 -0.025
      vertex 7.975 3.326651 -0.0125
      vertex 7.9875 3.326651 -0.025
    endloop
  endfacet
  facet normal 0.577350269 0.577350269 0.577350269
    outer loop
      vertex 7.9875 3.326651 -0.025
      vertex 7.975 3.326651 -0.0125
      vertex 7.975 3.3175 -0.003349
    endloop
  endfacet
  facet normal 0.577366997 0.577331722 0.577352088
    outer loop
      vertex 7.9875 3.326651 -0.025
      vertex 7.975 3.3175 -0.003349
      vertex 7.99665 3.305 -0.0125
    endloop
  endfacet
  facet normal 0.5773713 0.5773713 0.577308206
    outer loop
      vertex 7.99665 3.305 -0.0125
      vertex 7.975 3.3175 -0.003349
      vertex 7.9875 3.305 -0.003349
    endloop
  endfacet
  facet normal 0.250538936 0.250538936 0.935125918
    outer loop
      vertex 7.9875 3.305 -0.003349
      vertex 7.975 3.3175 -0.003349
      vertex 7.975 3.305 0
    endloop
  endfacet
  facet normal 0.935090861 0.250604351 0.250604351
    outer loop
      vertex 8 3.305 -0.025
      vertex 7.99665 3.3175 -0.025
      vertex 7.99665 3.305 -0.0125
    endloop
  endfacet
  facet normal 0.577392332 0.577329236 0.577329236
    outer loop
      vertex 7.99665 3.305 -0.0125
      vertex 7.99665 3.3175 -0.025
      vertex 7.9875 3.326651 -0.025
    endloop
  endfacet
  facet normal 0.250542709 0.935140001 -0.250482593
    outer loop
      vertex 7.975 3.33 -79.974999
      vertex 7.9875 3.326651 -79.974999
      vertex 7.975 3.326651 -79.987502
    endloop
  endfacet
  facet normal 0.577417482 0.577354383 -0.577278935
    outer loop
      vertex 7.975 3.326651 -79.987502
      vertex 7.9875 3.326651 -79.974999
      vertex 7.99665 3.3175 -79.974999
    endloop
  endfacet
  facet normal 0.577417172 0.577357541 -0.577276087
    outer loop
      vertex 7.975 3.326651 -79.987502
      vertex 7.99665 3.3175 -79.974999
      vertex 7.9875 3.305 -79.996653
    endloop
  endfacet
  facet normal 0.577346144 0.577421601 -0.577283053
    outer loop
      vertex 7.9875 3.305 -79.996653
      vertex 7.99665 3.3175 -79.974999
      vertex 7.99665 3.305 -79.987502
    endloop
  endfacet
  facet normal 0.935104951 0.250608127 -0.250547995
    outer loop
      vertex 7.99665 3.305 -79.987502
      vertex 7.99665 3.3175 -79.974999
      vertex 8 3.305 -79.974999
    endloop
  endfacet
  facet normal 0.577350269 0.577350269 -0.577350269
    outer loop
      vertex 7.975 3.326651 -79.987502
      vertex 7.9875 3.305 -79.996653
      vertex 7.975 3.3175 -79.996653
    endloop
  endfacet
  facet normal 0.250408084 0.250408084 -0.935196013
    outer loop
      vertex 7.975 3.3175 -79.996653
      vertex 7.9875 3.305 -79.996653
      vertex 7.975 3.305 -80
    endloop
  endfacet
  facet normal -0.250408084 -0.250408084 -0.935196013
    outer loop
      vertex 0.025 0.025 -80
      vertex 0.025 0.0125 -79.996653
      vertex 0.0125 0.025 -79.996653
    endloop
  endfacet
  facet normal -0.577350269 -0.577350269 -0.577350269
    outer loop
      vertex 0.0125 0.025 -79.996653
      vertex 0.025 0.0125 -79.996653
      vertex 0.025 0.003349 -79.987502
    endloop
  endfacet
  facet normal -0.577400445 -0.577355723 -0.577294634
    outer loop
      vertex 0.0125 0.025 -79.996653
      vertex 0.025 0.003349 -79.987502
      vertex 0.003349 0.0125 -79.974999
    endloop
  endfacet
  facet normal -0.577396446 -0.577396446 -0.577257904
    outer loop
      vertex 0.003349 0.0125 -79.974999
      vertex 0.025 0.003349 -79.987502
      vertex 0.0125 0.003349 -79.974999
    endloop
  endfacet
  facet normal -0.250542709 -0.935140001 -0.250482593
    outer loop
      vertex 0.0125 0.003349 -79.974999
      vertex 0.025 0.003349 -79.987502
      vertex 0.025 0 -79.974999
    endloop
  endfacet
  facet normal -0.935140001 -0.250542709 -0.250482593
    outer loop
      vertex 0 0.025 -79.974999
      vertex 0.003349 0.025 -79.987502
      vertex 0.003349 0.0125 -79.974999
    endloop
  endfacet
  facet normal -0.577304081 -0.577442634 -0.577304081
    outer loop
      vertex 0.003349 0.0125 -79.974999
      vertex 0.003349 0.025 -79.987502
      vertex 0.0125 0.025 -79.996653
    endloop
  endfacet
  facet normal -0.250408084 0.250408084 -0.935196013
    outer loop
      vertex 0.025 3.305 -80
      vertex 0.0125 3.305 -79.996653
      vertex 0.025 3.3175 -79.996653
    endloop
  endfacet
  facet normal -0.577350269 0.577350269 -0.577350269
    outer loop
      vertex 0.025 3.3175 -79.996653
      vertex 0.0125 3.305 -79.996653
      vertex 0.003349 3.305 -79.987502
    endloop
  endfacet
  facet normal -0.577355723 0.577400445 -0.577294634
    outer loop
      vertex 0.025 3.3175 -79.996653
      vertex 0.003349 3.305 -79.987502
      vertex 0.0125 3.326651 -79.974999
    endloop
  endfacet
  facet normal -0.577396446 0.577396446 -0.577257904
    outer loop
      vertex 0.0125 3.326651 -79.974999
      vertex 0.003349 3.305 -79.987502
      vertex 0.003349 3.3175 -79.974999
    endloop
  endfacet
  facet normal -0.935140001 0.250542709 -0.250482593
    outer loop
      vertex 0.003349 3.3175 -79.974999
      vertex 0.003349 3.305 -79.987502
      vertex 0 3.305 -79.974999
    endloop
  endfacet
  facet normal -0.250542709 0.935140001 -0.250482593
    outer loop
      vertex 0.025 3.33 -79.974999
      vertex 0.025 3.326651 -79.987502
      vertex 0.0125 3.326651 -79.974999
    endloop
  endfacet
  facet normal -0.577442634 0.577304081 -0.577304081
    outer loop
      vertex 0.0125 3.326651 -79.974999
      vertex 0.025 3.326651 -79.987502
      vertex 0.025 3.3175 -79.996653
    endloop
  endfacet
  facet normal -0.0980159423 0 0.995184845
    outer loop
      vertex 3.609819 5.08 -2.038429
      vertex 3.609819 3.33 -2.038429
      vertex 4 5.08 -2
    endloop
  endfacet
  facet normal -0.0980159423 0 0.995184845
    outer loop
      vertex 4 5.08 -2
      vertex 3.609819 3.33 -2.038429
      vertex 4 3.33 -2
    endloop
  endfacet
  facet normal 0.0980159423 0 0.995184845
    outer loop
      vertex 4 5.08 -2
      vertex 4 3.33 -2
      vertex 4.390181 5.08 -2.038429
    endloop
  endfacet
  facet normal 0.0980159423 0 0.995184845
    outer loop
      vertex 4.390181 5.08 -2.038429
      vertex 4 3.33 -2
      vertex 4.390181 3.33 -2.038429
    endloop
  endfacet
  facet normal 0.290286011 0 0.956939931
    outer loop
      vertex 4.390181 5.08 -2.038429
      vertex 4.390181 3.33 -2.038429
      vertex 4.765367 5.08 -2.152241
    endloop
  endfacet
  facet normal 0.290286011 0 0.956939931
    outer loop
      vertex 4.765367 5.08 -2.152241
      vertex 4.390181 3.33 -2.038429
      vertex 4.765367 3.33 -2.152241
    endloop
  endfacet
  facet normal 0.471396631 0 0.881921321
    outer loop
      vertex 4.765367 5.08 -2.152241
      vertex 4.765367 3.33 -2.152241
      vertex 5.111141 5.08 -2.337061
    endloop
  endfacet
  facet normal 0.471396631 0 0.881921321
    outer loop
      vertex 5.111141 5.08 -2.337061
      vertex 4.765367 3.33 -2.152241
      vertex 5.111141 3.33 -2.337061
    endloop
  endfacet
  facet normal 0.634393919 0 0.773009932
    outer loop
      vertex 5.111141 5.08 -2.337061
      vertex 5.111141 3.33 -2.337061
      vertex 5.414214 5.08 -2.585787
    endloop
  endfacet
  facet normal 0.634393919 0 0.773009932
    outer loop
      vertex 5.414214 5.08 -2.585787
      vertex 5.111141 3.33 -2.337061
      vertex 5.414214 3.33 -2.585787
    endloop
  endfacet
  facet normal 0.773011183 0 0.634392395
    outer loop
      vertex 5.414214 5.08 -2.585787
      vertex 5.414214 3.33 -2.585787
      vertex 5.662939 5.08 -2.88886
    endloop
  endfacet
  facet normal 0.773011183 0 0.634392395
    outer loop
      vertex 5.662939 5.08 -2.88886
      vertex 5.414214 3.33 -2.585787
      vertex 5.662939 3.33 -2.88886
    endloop
  endfacet
  facet normal 0.881920754 0 0.471397691
    outer loop
      vertex 5.662939 5.08 -2.88886
      vertex 5.662939 3.33 -2.88886
      vertex 5.847759 5.08 -3.234633
    endloop
  endfacet
  facet normal 0.881920754 0 0.471397691
    outer loop
      vertex 5.847759 5.08 -3.234633
      vertex 5.662939 3.33 -2.88886
      vertex 5.847759 3.33 -3.234633
    endloop
  endfacet
  facet normal 0.956939931 0 0.290286011
    outer loop
      vertex 5.847759 5.08 -3.234633
      vertex 5.847759 3.33 -3.234633
      vertex 5.961571 5.08 -3.609819
    endloop
  endfacet
  facet normal 0.956939931 0 0.290286011
    outer loop
      vertex 5.961571 5.08 -3.609819
      vertex 5.847759 3.33 -3.234633
      vertex 5.961571 3.33 -3.609819
    endloop
  endfacet
  facet normal 0.995184845 0 0.0980159423
    outer loop
      vertex 5.961571 5.08 -3.609819
      vertex 5.961571 3.33 -3.609819
      vertex 6 5.08 -4
    endloop
  endfacet
  facet normal 0.995184845 0 0.0980159423
    outer loop
      vertex 6 5.08 -4
      vertex 5.961571 3.33 -3.609819
      vertex 6 3.33 -4
    endloop
  endfacet
  facet normal 0.995184845 0 -0.0980159423
    outer loop
      vertex 6 5.08 -4
      vertex 6 3.33 -4
      vertex 5.961571 5.08 -4.390181
    endloop
  endfacet
  facet normal 0.995184845 0 -0.0980159423
    outer loop
      vertex 5.961571 5.08 -4.390181
      vertex 6 3.33 -4
      vertex 5.961571 3.33 -4.390181
    endloop
  endfacet
  facet normal 0.956939931 0 -0.290286011
    outer loop
      vertex 5.961571 5.08 -4.390181
      vertex 5.961571 3.33 -4.390181
      vertex 5.847759 5.08 -4.765367
    endloop
  endfacet
  facet normal 0.956939931 0 -0.290286011
    outer loop
      vertex 5.847759 5.08 -4.765367
      vertex 5.961571 3.33 -4.390181
      vertex 5.847759 3.33 -4.765367
    endloop
  endfacet
  facet normal 0.881921321 0 -0.471396631
    outer loop
      vertex 5.847759 5.08 -4.765367
      vertex 5.847759 3.33 -4.765367
      vertex 5.662939 5.08 -5.111141
    endloop
  endfacet
  facet normal 0.881921321 0 -0.471396631
    outer loop
      vertex 5.662939 5.08 -5.111141
      vertex 5.847759 3.33 -4.765367
      vertex 5.662939 3.33 -5.111141
    endloop
  endfacet
  facet normal 0.773011183 0 -0.634392395
    outer loop
      vertex 5.662939 5.08 -5.111141
      vertex 5.662939 3.33 -5.111141
      vertex 5.414214 5.08 -5.414214
    endloop
  endfacet
  facet normal 0.773011183 0 -0.634392395
    outer loop
      vertex 5.414214 5.08 -5.414214
      vertex 5.662939 3.33 -5.111141
      vertex 5.414214 3.33 -5.414214
    endloop
  endfacet
  facet normal 0.634392395 0 -0.773011183
    outer loop
      vertex 5.414214 5.08 -5.414214
      vertex 5.414214 3.33 -5.414214
      vertex 5.111141 5.08 -5.662939
    endloop
  endfacet
  facet normal 0.634392395 0 -0.773011183
    outer loop
      vertex 5.111141 5.08 -5.662939
      vertex 5.414214 3.33 -5.414214
      vertex 5.111141 3.33 -5.662939
    endloop
  endfacet
  facet normal 0.471396631 0 -0.881921321
    outer loop
      vertex 5.111141 5.08 -5.662939
      vertex 5.111141 3.33 -5.662939
      vertex 4.765367 5.08 -5.847759
    endloop
  endfacet
  facet normal 0.471396631 0 -0.881921321
    outer loop
      vertex 4.765367 5.08 -5.847759
      vertex 5.111141 3.33 -5.662939
      vertex 4.765367 3.33 -5.847759
    endloop
  endfacet
  facet normal 0.290286011 0 -0.956939931
    outer loop
      vertex 4.765367 5.08 -5.847759
      vertex 4.765367 3.33 -5.847759
      vertex 4.390181 5.08 -5.961571
    endloop
  endfacet
  facet normal 0.290286011 0 -0.956939931
    outer loop
      vertex 4.390181 5.08 -5.961571
      vertex 4.765367 3.33 -5.847759
      vertex 4.390181 3.33 -5.961571
    endloop
  endfacet
  facet normal 0.0980159423 0 -0.995184845
    outer loop
      vertex 4.390181 5.08 -5.961571
      vertex 4.390181 3.33 -5.961571
      vertex 4 5.08 -6
    endloop
  endfacet
  facet normal 0.0980159423 0 -0.995184845
    outer loop
      vertex 4 5.08 -6
      vertex 4.390181 3.33 -5.961571
      vertex 4 3.33 -6
    endloop
  endfacet
  facet normal -0.0980159423 -0 -0.995184845
    outer loop
      vertex 4 5.08 -6
      vertex 4 3.33 -6
      vertex 3.609819 5.08 -5.961571
    endloop
  endfacet
  facet normal -0.0980159423 -0 -0.995184845
    outer loop
      vertex 3.609819 5.08 -5.961571
      vertex 4 3.33 -6
      vertex 3.609819 3.33 -5.961571
    endloop
  endfacet
  facet normal -0.290286011 -0 -0.956939931
    outer loop
      vertex 3.609819 5.08 -5.961571
      vertex 3.609819 3.33 -5.961571
      vertex 3.234633 5.08 -5.847759
    endloop
  endfacet
  facet normal -0.290286011 -0 -0.956939931
    outer loop
      vertex 3.234633 5.08 -5.847759
      vertex 3.609819 3.33 -5.961571
      vertex 3.234633 3.33 -5.847759
    endloop
  endfacet
  facet normal -0.471397691 -0 -0.881920754
    outer loop
      vertex 3.234633 5.08 -5.847759
      vertex 3.234633 3.33 -5.847759
      vertex 2.88886 5.08 -5.662939
    endloop
  endfacet
  facet normal -0.471397691 -0 -0.881920754
    outer loop
      vertex 2.88886 5.08 -5.662939
      vertex 3.234633 3.33 -5.847759
      vertex 2.88886 3.33 -5.662939
    endloop
  endfacet
  facet normal -0.634392395 -0 -0.773011183
    outer loop
      vertex 2.88886 5.08 -5.662939
      vertex 2.88886 3.33 -5.662939
      vertex 2.585787 5.08 -5.414214
    endloop
  endfacet
  facet normal -0.634392395 -0 -0.773011183
    outer loop
      vertex 2.585787 5.08 -5.414214
      vertex 2.88886 3.33 -5.662939
      vertex 2.585787 3.33 -5.414214
    endloop
  endfacet
  facet normal -0.773009932 -0 -0.634393919
    outer loop
      vertex 2.585787 5.08 -5.414214
      vertex 2.585787 3.33 -5.414214
      vertex 2.337061 5.08 -5.111141
    endloop
  endfacet
  facet normal -0.773009932 -0 -0.634393919
    outer loop
      vertex 2.337061 5.08 -5.111141
      vertex 2.585787 3.33 -5.414214
      vertex 2.337061 3.33 -5.111141
    endloop
  endfacet
  facet normal -0.881921321 -0 -0.471396631
    outer loop
      vertex 2.337061 5.08 -5.111141
      vertex 2.337061 3.33 -5.111141
      vertex 2.152241 5.08 -4.765367
    endloop
  endfacet
  facet normal -0.881921321 -0 -0.471396631
    outer loop
      vertex 2.152241 5.08 -4.765367
      vertex 2.337061 3.33 -5.111141
      vertex 2.152241 3.33 -4.765367
    endloop
  endfacet
  facet normal -0.956939931 -0 -0.290286011
    outer loop
      vertex 2.152241 5.08 -4.765367
      vertex 2.152241 3.33 -4.765367
      vertex 2.038429 5.08 -4.390181
    endloop
  endfacet
  facet normal -0.956939931 -0 -0.290286011
    outer loop
      vertex 2.038429 5.08 -4.390181
      vertex 2.152241 3.33 -4.765367
      vertex 2.038429 3.33 -4.390181
    endloop
  endfacet
  facet normal -0.995184845 -0 -0.0980159423
    outer loop
      vertex 2.038429 5.08 -4.390181
      vertex 2.038429 3.33 -4.390181
      vertex 2 5.08 -4
    endloop
  endfacet
  facet normal -0.995184845 -0 -0.0980159423
    outer loop
      vertex 2 5.08 -4
      vertex 2.038429 3.33 -4.390181
      vertex 2 3.33 -4
    endloop
  endfacet
  facet normal -0.995184845 0 0.0980159423
    outer loop
      vertex 2 5.08 -4
      vertex 2 3.33 -4
      vertex 2.038429 5.08 -3.609819
    endloop
  endfacet
  facet normal -0.995184845 0 0.0980159423
    outer loop
      vertex 2.038429 5.08 -3.609819
      vertex 2 3.33 -4
      vertex 2.038429 3.33 -3.609819
    endloop
  endfacet
  facet normal -0.956939931 0 0.290286011
    outer loop
      vertex 2.038429 5.08 -3.609819
      vertex 2.038429 3.33 -3.609819
      vertex 2.152241 5.08 -3.234633
    endloop
  endfacet
  facet normal -0.956939931 0 0.290286011
    outer loop
      vertex 2.152241 5.08 -3.234633
      vertex 2.038429 3.33 -3.609819
      vertex 2.152241 3.33 -3.234633
    endloop
  endfacet
  facet normal -0.881920754 0 0.471397691
    outer loop
      vertex 2.152241 5.08 -3.234633
      vertex 2.152241 3.33 -3.234633
      vertex 2.337061 5.08 -2.88886
    endloop
  endfacet
  facet normal -0.881920754 0 0.471397691
    outer loop
      vertex 2.337061 5.08 -2.88886
      vertex 2.152241 3.33 -3.234633
      vertex 2.337061 3.33 -2.88886
    endloop
  endfacet
  facet normal -0.773009932 0 0.634393919
    outer loop
      vertex 2.337061 5.08 -2.88886
      vertex 2.337061 3.33 -2.88886
      vertex 2.585787 5.08 -2.585787
    endloop
  endfacet
  facet normal -0.773009932 0 0.634393919
    outer loop
      vertex 2.585787 5.08 -2.585787
      vertex 2.337061 3.33 -2.88886
      vertex 2.585787 3.33 -2.585787
    endloop
  endfacet
  facet normal -0.634393919 0 0.773009932
    outer loop
      vertex 2.585787 5.08 -2.585787
      vertex 2.585787 3.33 -2.585787
      vertex 2.88886 5.08 -2.337061
    endloop
  endfacet
  facet normal -0.634393919 0 0.773009932
    outer loop
      vertex 2.88886 5.08 -2.337061
      vertex 2.585787 3.33 -2.585787
      vertex 2.88886 3.33 -2.337061
    endloop
  endfacet
  facet normal -0.471397691 0 0.881920754
    outer loop
      vertex 2.88886 5.08 -2.337061
      vertex 2.88886 3.33 -2.337061
      vertex 3.234633 5.08 -2.152241
    endloop
  endfacet
  facet normal -0.471397691 0 0.881920754
    outer loop
      vertex 3.234633 5.08 -2.152241
      vertex 2.88886 3.33 -2.337061
      vertex 3.234633 3.33 -2.152241
    endloop
  endfacet
  facet normal -0.290286011 0 0.956939931
    outer loop
      vertex 3.234633 5.08 -2.152241
      vertex 3.234633 3.33 -2.152241
      vertex 3.609819 5.08 -2.038429
    endloop
  endfacet
  facet normal -0.290286011 0 0.956939931
    outer loop
      vertex 3.609819 5.08 -2.038429
      vertex 3.234633 3.33 -2.152241
      vertex 3.609819 3.33 -2.038429
    endloop
  endfacet
  facet normal -0.935125918 0.250538936 0.250538936
    outer loop
      vertex 0 3.305 -0.025
      vertex 0.003349 3.305 -0.0125
      vertex 0.003349 3.3175 -0.025
    endloop
  endfacet
  facet normal -0.577350269 0.577350269 0.577350269
    outer loop
      vertex 0.003349 3.3175 -0.025
      vertex 0.003349 3.305 -0.0125
      vertex 0.0125 3.305 -0.003349
    endloop
  endfacet
  facet normal -0.577350269 0.577350269 0.577350269
    outer loop
      vertex 0.003349 3.3175 -0.025
      vertex 0.0125 3.305 -0.003349
      vertex 0.025 3.326651 -0.0125
    endloop
  endfacet
  facet normal -0.577350269 0.577350269 0.577350269
    outer loop
      vertex 0.025 3.326651 -0.0125
      vertex 0.0125 3.305 -0.003349
      vertex 0.025 3.3175 -0.003349
    endloop
  endfacet
  facet normal -0.250538936 0.250538936 0.935125918
    outer loop
      vertex 0.025 3.3175 -0.003349
      vertex 0.0125 3.305 -0.003349
      vertex 0.025 3.305 0
    endloop
  endfacet
  facet normal -0.250538936 0.935125918 0.250538936
    outer loop
      vertex 0.025 3.33 -0.025
      vertex 0.0125 3.326651 -0.025
      vertex 0.025 3.326651 -0.0125
    endloop
  endfacet
  facet normal -0.577350269 0.577350269 0.577350269
    outer loop
      vertex 0.025 3.326651 -0.0125
      vertex 0.0125 3.326651 -0.025
      vertex 0.003349 3.3175 -0.025
    endloop
  endfacet
  facet normal 0 1 0
    outer loop
      vertex 4 5.18 -2.1
      vertex 4.382467 5.18 -2.138893
      vertex 3.617533 5.18 -2.138893
    endloop
  endfacet
  facet normal -0 1 0
    outer loop
      vertex 3.617533 5.18 -2.138893
      vertex 4.382467 5.18 -2.138893
      vertex 4.749276 5.18 -2.25398
    endloop
  endfacet
  facet normal 0 1 0
    outer loop
      vertex 3.617533 5.18 -2.138893
      vertex 4.749276 5.18 -2.25398
      vertex 3.250724 5.18 -2.25398
    endloop
  endfacet
  facet normal -0 1 0
    outer loop
      vertex 3.250724 5.18 -2.25398
      vertex 4.749276 5.18 -2.25398
      vertex 5.08541 5.18 -2.440549
    endloop
  endfacet
  facet normal 0 1 0
    outer loop
      vertex 3.250724 5.18 -2.25398
      vertex 5.08541 5.18 -2.440549
      vertex 2.914591 5.18 -2.440549
    endloop
  endfacet
  facet normal -0 1 0
    outer loop
      vertex 2.914591 5.18 -2.440549
      vertex 5.08541 5.18 -2.440549
      vertex 5.377106 5.18 -2.690963
    endloop
  endfacet
  facet normal 0 1 0
    outer loop
      vertex 2.914591 5.18 -2.440549
      vertex 5.377106 5.18 -2.690963
      vertex 2.622894 5.18 -2.690963
    endloop
  endfacet
  facet normal -0 1 0
    outer loop
      vertex 2.622894 5.18 -2.690963
      vertex 5.377106 5.18 -2.690963
      vertex 5.612424 5.18 -2.994968
    endloop
  endfacet
  facet normal 0 1 0
    outer loop
      vertex 2.622894 5.18 -2.690963
      vertex 5.612424 5.18 -2.994968
      vertex 5.781729 5.18 -3.34012
    endloop
  endfacet
  facet normal 0 1 0
    outer loop
      vertex 5.781729 5.18 -3.34012
      vertex 5.87809 5.18 -3.712287
      vertex 2.622894 5.18 -2.690963
    endloop
  endfacet
  facet normal 0 1 0
    outer loop
      vertex 2.622894 5.18 -2.690963
      vertex 5.87809 5.18 -3.712287
      vertex 5.897561 5.18 -4.096234
    endloop
  endfacet
  facet normal 0 1 0
    outer loop
      vertex 2.622894 5.18 -2.690963
      vertex 5.897561 5.18 -4.096234
      vertex 5.839347 5.18 -4.47624
    endloop
  endfacet
  facet normal 0 1 0
    outer loop
      vertex 5.839347 5.18 -4.47624
      vertex 5.705829 5.18 -4.836749
      vertex 2.622894 5.18 -2.690963
    endloop
  endfacet
  facet normal 0 1 0
    outer loop
      vertex 2.622894 5.18 -2.690963
      vertex 5.705829 5.18 -4.836749
      vertex 5.502474 5.18 -5.163001
    endloop
  endfacet
  facet normal 0 1 0
    outer loop
      vertex 2.622894 5.18 -2.690963
      vertex 5.502474 5.18 -5.163001
      vertex 5.237608 5.18 -5.441641
    endloop
  endfacet
  facet normal 0 1 0
    outer loop
      vertex 5.237608 5.18 -5.441641
      vertex 4.922074 5.18 -5.661259
      vertex 2.622894 5.18 -2.690963
    endloop
  endfacet
  facet normal 0 1 0
    outer loop
      vertex 2.622894 5.18 -2.690963
      vertex 4.922074 5.18 -5.661259
      vertex 4.56879 5.18 -5.812864
    endloop
  endfacet
  facet normal 0 1 0
    outer loop
      vertex 2.622894 5.18 -2.690963
      vertex 4.56879 5.18 -5.812864
      vertex 4.19222 5.18 -5.890252
    endloop
  endfacet
  facet normal 0 1 0
    outer loop
      vertex 4.19222 5.18 -5.890252
      vertex 3.80778 5.18 -5.890252
      vertex 2.622894 5.18 -2.690963
    endloop
  endfacet
  facet normal 0 1 0
    outer loop
      vertex 2.622894 5.18 -2.690963
      vertex 3.80778 5.18 -5.890252
      vertex 3.43121 5.18 -5.812864
    endloop
  endfacet
  facet normal 0 1 0
    outer loop
      vertex 2.622894 5.18 -2.690963
      vertex 3.43121 5.18 -5.812864
      vertex 2.387576 5.18 -2.994968
    endloop
  endfacet
  facet normal 0 1 0
    outer loop
      vertex 2.387576 5.18 -2.994968
      vertex 3.43121 5.18 -5.812864
      vertex 3.077926 5.18 -5.661259
    endloop
  endfacet
  facet normal 0 1 0
    outer loop
      vertex 2.387576 5.18 -2.994968
      vertex 3.077926 5.18 -5.661259
      vertex 2.762392 5.18 -5.441641
    endloop
  endfacet
  facet normal 0 1 0
    outer loop
      vertex 2.762392 5.18 -5.441641
      vertex 2.497526 5.18 -5.163001
      vertex 2.387576 5.18 -2.994968
    endloop
  endfacet
  facet normal 0 1 0
    outer loop
      vertex 2.387576 5.18 -2.994968
      vertex 2.497526 5.18 -5.163001
      vertex 2.294171 5.18 -4.836749
    endloop
  endfacet
  facet normal 0 1 0
    outer loop
      vertex 2.387576 5.18 -2.994968
      vertex 2.294171 5.18 -4.836749
      vertex 2.218271 5.18 -3.34012
    endloop
  endfacet
  facet normal 0 1 0
    outer loop
      vertex 2.218271 5.18 -3.34012
      vertex 2.294171 5.18 -4.836749
      vertex 2.160653 5.18 -4.47624
    endloop
  endfacet
  facet normal 0 1 0
    outer loop
      vertex 2.218271 5.18 -3.34012
      vertex 2.160653 5.18 -4.47624
      vertex 2.12191 5.18 -3.712287
    endloop
  endfacet
  facet normal 0 1 0
    outer loop
      vertex 2.12191 5.18 -3.712287
      vertex 2.160653 5.18 -4.47624
      vertex 2.102439 5.18 -4.096234
    endloop
  endfacet
  facet normal 0 0.965948396 -0.258734798
    outer loop
      vertex 0.025 3.33 -79.974999
      vertex 7.975 3.33 -79.974999
      vertex 0.025 3.326651 -79.987502
    endloop
  endfacet
  facet normal 0 0.965948396 -0.258734798
    outer loop
      vertex 0.025 3.326651 -79.987502
      vertex 7.975 3.33 -79.974999
      vertex 7.975 3.326651 -79.987502
    endloop
  endfacet
  facet normal 0 0.707106781 -0.707106781
    outer loop
      vertex 0.025 3.326651 -79.987502
      vertex 7.975 3.326651 -79.987502
      vertex 0.025 3.3175 -79.996653
    endloop
  endfacet
  facet normal 0 0.707106781 -0.707106781
    outer loop
      vertex 0.025 3.3175 -79.996653
      vertex 7.975 3.326651 -79.987502
      vertex 7.975 3.3175 -79.996653
    endloop
  endfacet
  facet normal 0 0.258648529 -0.9659715
    outer loop
      vertex 0.025 3.3175 -79.996653
      vertex 7.975 3.3175 -79.996653
      vertex 0.025 3.305 -80
    endloop
  endfacet
  facet normal 0 0.258648529 -0.9659715
    outer loop
      vertex 0.025 3.305 -80
      vertex 7.975 3.3175 -79.996653
      vertex 7.975 3.305 -80
    endloop
  endfacet
  facet normal -0.258648529 -0 -0.9659715
    outer loop
      vertex 0.025 3.305 -80
      vertex 0.025 0.025 -80
      vertex 0.0125 3.305 -79.996653
    endloop
  endfacet
  facet normal -0.258648529 -0 -0.9659715
    outer loop
      vertex 0.0125 3.305 -79.996653
      vertex 0.025 0.025 -80
      vertex 0.0125 0.025 -79.996653
    endloop
  endfacet
  facet normal -0.707106781 -0 -0.707106781
    outer loop
      vertex 0.0125 3.305 -79.996653
      vertex 0.0125 0.025 -79.996653
      vertex 0.003349 3.305 -79.987502
    endloop
  endfacet
  facet normal -0.707106781 -0 -0.707106781
    outer loop
      vertex 0.003349 3.305 -79.987502
      vertex 0.0125 0.025 -79.996653
      vertex 0.003349 0.025 -79.987502
    endloop
  endfacet
  facet normal -0.965948396 -0 -0.258734798
    outer loop
      vertex 0.003349 3.305 -79.987502
      vertex 0.003349 0.025 -79.987502
      vertex 0 3.305 -79.974999
    endloop
  endfacet
  facet normal -0.965948396 -0 -0.258734798
    outer loop
      vertex 0 3.305 -79.974999
      vertex 0.003349 0.025 -79.987502
      vertex 0 0.025 -79.974999
    endloop
  endfacet
  facet normal 0.965913556 -0.258864833 0
    outer loop
      vertex 8 0.025 -79.974999
      vertex 8 0.025 -0.025
      vertex 7.99665 0.0125 -79.974999
    endloop
  endfacet
  facet normal 0.965913556 -0.258864833 0
    outer loop
      vertex 7.99665 0.0125 -79.974999
      vertex 8 0.025 -0.025
      vertex 7.99665 0.0125 -0.025
    endloop
  endfacet
  facet normal 0.707145418 -0.707068143 0
    outer loop
      vertex 7.99665 0.0125 -79.974999
      vertex 7.99665 0.0125 -0.025
      vertex 7.9875 0.003349 -79.974999
    endloop
  endfacet
  facet normal 0.707145418 -0.707068143 0
    outer loop
      vertex 7.9875 0.003349 -79.974999
      vertex 7.99665 0.0125 -0.025
      vertex 7.9875 0.003349 -0.025
    endloop
  endfacet
  facet normal 0.258792736 -0.965932875 0
    outer loop
      vertex 7.9875 0.003349 -79.974999
      vertex 7.9875 0.003349 -0.025
      vertex 7.975 0 -79.974999
    endloop
  endfacet
  facet normal 0.258792736 -0.965932875 0
    outer loop
      vertex 7.975 0 -79.974999
      vertex 7.9875 0.003349 -0.025
      vertex 7.975 0 -0.025
    endloop
  endfacet
  facet normal 0 0.965932875 0.258792736
    outer loop
      vertex 7.975 3.33 -0.025
      vertex 0.025 3.33 -0.025
      vertex 7.975 3.326651 -0.0125
    endloop
  endfacet
  facet normal 0 0.965932875 0.258792736
    outer loop
      vertex 7.975 3.326651 -0.0125
      vertex 0.025 3.33 -0.025
      vertex 0.025 3.326651 -0.0125
    endloop
  endfacet
  facet normal 0 0.707106781 0.707106781
    outer loop
      vertex 7.975 3.326651 -0.0125
      vertex 0.025 3.326651 -0.0125
      vertex 7.975 3.3175 -0.003349
    endloop
  endfacet
  facet normal 0 0.707106781 0.707106781
    outer loop
      vertex 7.975 3.3175 -0.003349
      vertex 0.025 3.326651 -0.0125
      vertex 0.025 3.3175 -0.003349
    endloop
  endfacet
  facet normal 0 0.258792736 0.965932875
    outer loop
      vertex 7.975 3.3175 -0.003349
      vertex 0.025 3.3175 -0.003349
      vertex 7.975 3.305 0
    endloop
  endfacet
  facet normal 0 0.258792736 0.965932875
    outer loop
      vertex 7.975 3.305 0
      vertex 0.025 3.3175 -0.003349
      vertex 0.025 3.305 0
    endloop
  endfacet
  facet normal 0.935104951 -0.250608127 -0.250547995
    outer loop
      vertex 8 0.025 -79.974999
      vertex 7.99665 0.0125 -79.974999
      vertex 7.99665 0.025 -79.987502
    endloop
  endfacet
  facet normal 0.577438509 -0.577375408 -0.577236871
    outer loop
      vertex 7.99665 0.025 -79.987502
      vertex 7.99665 0.0125 -79.974999
      vertex 7.9875 0.003349 -79.974999
    endloop
  endfacet
  facet normal 0.577372452 -0.577381899 -0.577296453
    outer loop
      vertex 7.99665 0.025 -79.987502
      vertex 7.9875 0.003349 -79.974999
      vertex 7.975 0.0125 -79.996653
    endloop
  endfacet
  facet normal 0.577442634 -0.577304081 -0.577304081
    outer loop
      vertex 7.975 0.0125 -79.996653
      vertex 7.9875 0.003349 -79.974999
      vertex 7.975 0.003349 -79.987502
    endloop
  endfacet
  facet normal 0.250542709 -0.935140001 -0.250482593
    outer loop
      vertex 7.975 0.003349 -79.987502
      vertex 7.9875 0.003349 -79.974999
      vertex 7.975 0 -79.974999
    endloop
  endfacet
  facet normal 0.5773713 -0.5773713 -0.577308206
    outer loop
      vertex 7.99665 0.025 -79.987502
      vertex 7.975 0.0125 -79.996653
      vertex 7.9875 0.025 -79.996653
    endloop
  endfacet
  facet normal 0.250408084 -0.250408084 -0.935196013
    outer loop
      vertex 7.9875 0.025 -79.996653
      vertex 7.975 0.0125 -79.996653
      vertex 7.975 0.025 -80
    endloop
  endfacet
  facet normal -0.965932875 0 0.258792736
    outer loop
      vertex 0 3.305 -0.025
      vertex 0 0.025 -0.025
      vertex 0.003349 3.305 -0.0125
    endloop
  endfacet
  facet normal -0.965932875 0 0.258792736
    outer loop
      vertex 0.003349 3.305 -0.0125
      vertex 0 0.025 -0.025
      vertex 0.003349 0.025 -0.0125
    endloop
  endfacet
  facet normal -0.707106781 0 0.707106781
    outer loop
      vertex 0.003349 3.305 -0.0125
      vertex 0.003349 0.025 -0.0125
      vertex 0.0125 3.305 -0.003349
    endloop
  endfacet
  facet normal -0.707106781 0 0.707106781
    outer loop
      vertex 0.0125 3.305 -0.003349
      vertex 0.003349 0.025 -0.0125
      vertex 0.0125 0.025 -0.003349
    endloop
  endfacet
  facet normal -0.258792736 0 0.965932875
    outer loop
      vertex 0.0125 3.305 -0.003349
      vertex 0.0125 0.025 -0.003349
      vertex 0.025 3.305 0
    endloop
  endfacet
  facet normal -0.258792736 0 0.965932875
    outer loop
      vertex 0.025 3.305 0
      vertex 0.0125 0.025 -0.003349
      vertex 0.025 0.025 0
    endloop
  endfacet
  facet normal 0.935090861 -0.250604351 0.250604351
    outer loop
      vertex 8 0.025 -0.025
      vertex 7.99665 0.025 -0.0125
      vertex 7.99665 0.0125 -0.025
    endloop
  endfacet
  facet normal 0.577392332 -0.577329236 0.577329236
    outer loop
      vertex 7.99665 0.0125 -0.025
      vertex 7.99665 0.025 -0.0125
      vertex 7.9875 0.025 -0.003349
    endloop
  endfacet
  facet normal 0.577366997 -0.577352088 0.577331722
    outer loop
      vertex 7.99665 0.0125 -0.025
      vertex 7.9875 0.025 -0.003349
      vertex 7.975 0.003349 -0.0125
    endloop
  endfacet
  facet normal 0.577350269 -0.577350269 0.577350269
    outer loop
      vertex 7.975 0.003349 -0.0125
      vertex 7.9875 0.025 -0.003349
      vertex 7.975 0.0125 -0.003349
    endloop
  endfacet
  facet normal 0.250538936 -0.250538936 0.935125918
    outer loop
      vertex 7.975 0.0125 -0.003349
      vertex 7.9875 0.025 -0.003349
      vertex 7.975 0.025 0
    endloop
  endfacet
  facet normal 0.250538936 -0.935125918 0.250538936
    outer loop
      vertex 7.975 0 -0.025
      vertex 7.9875 0.003349 -0.025
      vertex 7.975 0.003349 -0.0125
    endloop
  endfacet
  facet normal 0.5773713 -0.577308206 0.5773713
    outer loop
      vertex 7.975 0.003349 -0.0125
      vertex 7.9875 0.003349 -0.025
      vertex 7.99665 0.0125 -0.025
    endloop
  endfacet
  facet normal -1 0 0
    outer loop
      vertex 6.5 0 -78.499999
      vertex 6.5 0 -1.5
      vertex 6.5 1.83 -78.499999
    endloop
  endfacet
  facet normal -1 0 0
    outer loop
      vertex 6.5 1.83 -78.499999
      vertex 6.5 0 -1.5
      vertex 6.5 1.83 -1.5
    endloop
  endfacet
  facet normal 0 -1 0
    outer loop
      vertex 1.5 1.83 -78.499999
      vertex 2.525 1.83 -40.025001
      vertex 1.5 1.83 -1.5
    endloop
  endfacet
  facet normal 0 -1 0
    outer loop
      vertex 1.5 1.83 -1.5
      vertex 2.525 1.83 -40.025001
      vertex 2.525 1.83 -32.025001
    endloop
  endfacet
  facet normal 0 -1 0
    outer loop
      vertex 1.5 1.83 -1.5
      vertex 2.525 1.83 -32.025001
      vertex 2.525 1.83 -24.024999
    endloop
  endfacet
  facet normal 0 -1 0
    outer loop
      vertex 2.525 1.83 -24.024999
      vertex 2.525 1.83 -32.025001
      vertex 2.562608 1.83 -24.35878
    endloop
  endfacet
  facet normal 0 -1 -0
    outer loop
      vertex 2.562608 1.83 -24.35878
      vertex 2.525 1.83 -32.025001
      vertex 2.562608 1.83 -31.691217
    endloop
  endfacet
  facet normal 0 -1 0
    outer loop
      vertex 2.562608 1.83 -24.35878
      vertex 2.562608 1.83 -31.691217
      vertex 2.759114 1.83 -28.150671
    endloop
  endfacet
  facet normal 0 -1 0
    outer loop
      vertex 2.759114 1.83 -28.150671
      vertex 2.562608 1.83 -31.691217
      vertex 2.673547 1.83 -31.374176
    endloop
  endfacet
  facet normal 0 -1 -0
    outer loop
      vertex 2.759114 1.83 -28.150671
      vertex 2.673547 1.83 -31.374176
      vertex 2.852253 1.83 -31.089766
    endloop
  endfacet
  facet normal 0 -1 0
    outer loop
      vertex 6.5 1.83 -78.499999
      vertex 4 1.83 -77.249999
      vertex 1.5 1.83 -78.499999
    endloop
  endfacet
  facet normal 0 -1 0
    outer loop
      vertex 1.5 1.83 -78.499999
      vertex 4 1.83 -77.249999
      vertex 3.700855 1.83 -77.213678
    endloop
  endfacet
  facet normal 0 -1 0
    outer loop
      vertex 1.5 1.83 -78.499999
      vertex 3.700855 1.83 -77.213678
      vertex 3.419096 1.83 -77.106819
    endloop
  endfacet
  facet normal 0 -1 -0
    outer loop
      vertex 6.5 1.83 -1.5
      vertex 5.525 1.83 -40.025001
      vertex 6.5 1.83 -78.499999
    endloop
  endfacet
  facet normal 0 -1 0
    outer loop
      vertex 6.5 1.83 -78.499999
      vertex 5.525 1.83 -40.025001
      vertex 5.525 1.83 -48.024998
    endloop
  endfacet
  facet normal 0 -1 0
    outer loop
      vertex 6.5 1.83 -78.499999
      vertex 5.525 1.83 -48.024998
      vertex 5.525 1.83 -56.025
    endloop
  endfacet
  facet normal 0 -1 0
    outer loop
      vertex 5.525 1.83 -56.025
      vertex 5.525 1.83 -48.024998
      vertex 5.487392 1.83 -55.691218
    endloop
  endfacet
  facet normal 0 -1 0
    outer loop
      vertex 5.487392 1.83 -55.691218
      vertex 5.525 1.83 -48.024998
      vertex 5.487392 1.83 -48.358784
    endloop
  endfacet
  facet normal 0 -1 0
    outer loop
      vertex 5.487392 1.83 -55.691218
      vertex 5.487392 1.83 -48.358784
      vertex 5.376453 1.83 -55.374174
    endloop
  endfacet
  facet normal 0 -1 0
    outer loop
      vertex 5.376453 1.83 -55.374174
      vertex 5.487392 1.83 -48.358784
      vertex 5.376453 1.83 -48.675828
    endloop
  endfacet
  facet normal 0 -1 0
    outer loop
      vertex 5.376453 1.83 -55.374174
      vertex 5.376453 1.83 -48.675828
      vertex 5.240886 1.83 -52.150669
    endloop
  endfacet
  facet normal 0 -1 0
    outer loop
      vertex 5.240886 1.83 -52.150669
      vertex 5.376453 1.83 -48.675828
      vertex 5.240886 1.83 -51.849327
    endloop
  endfacet
  facet normal 0 -1 0
    outer loop
      vertex 5.240886 1.83 -51.849327
      vertex 5.376453 1.83 -48.675828
      vertex 5.197747 1.83 -48.960233
    endloop
  endfacet
  facet normal 0 -1 0
    outer loop
      vertex 5.240886 1.83 -51.849327
      vertex 5.197747 1.83 -48.960233
      vertex 5.168771 1.83 -51.556745
    endloop
  endfacet
  facet normal 0 -1 0
    outer loop
      vertex 5.168771 1.83 -51.556745
      vertex 5.197747 1.83 -48.960233
      vertex 5.02873 1.83 -51.289921
    endloop
  endfacet
  facet normal 0 -1 0
    outer loop
      vertex 5.02873 1.83 -51.289921
      vertex 5.197747 1.83 -48.960233
      vertex 4.960235 1.83 -49.197745
    endloop
  endfacet
  facet normal 0 -1 0
    outer loop
      vertex 5.02873 1.83 -51.289921
      vertex 4.960235 1.83 -49.197745
      vertex 4.828903 1.83 -51.064363
    endloop
  endfacet
  facet normal 0 -1 0
    outer loop
      vertex 4.828903 1.83 -51.064363
      vertex 4.960235 1.83 -49.197745
      vertex 4.675826 1.83 -49.376454
    endloop
  endfacet
  facet normal 0 -1 0
    outer loop
      vertex 4.828903 1.83 -51.064363
      vertex 4.675826 1.83 -49.376454
      vertex 4.580904 1.83 -50.893178
    endloop
  endfacet
  facet normal 0 -1 0
    outer loop
      vertex 4.580904 1.83 -50.893178
      vertex 4.675826 1.83 -49.376454
      vertex 4.358781 1.83 -49.487391
    endloop
  endfacet
  facet normal 0 -1 0
    outer loop
      vertex 4.580904 1.83 -50.893178
      vertex 4.358781 1.83 -49.487391
      vertex 4.299144 1.83 -50.786324
    endloop
  endfacet
  facet normal 0 -1 0
    outer loop
      vertex 4.299144 1.83 -50.786324
      vertex 4.358781 1.83 -49.487391
      vertex 4.025 1.83 -49.524999
    endloop
  endfacet
  facet normal 0 -1 0
    outer loop
      vertex 4.299144 1.83 -50.786324
      vertex 4.025 1.83 -49.524999
      vertex 4 1.83 -50.749998
    endloop
  endfacet
  facet normal 0 -1 0
    outer loop
      vertex 4 1.83 -50.749998
      vertex 4.025 1.83 -49.524999
      vertex 3.691218 1.83 -49.487391
    endloop
  endfacet
  facet normal -0 -1 0
    outer loop
      vertex 4 1.83 -50.749998
      vertex 3.691218 1.83 -49.487391
      vertex 3.700855 1.83 -50.786324
    endloop
  endfacet
  facet normal -0 -1 0
    outer loop
      vertex 3.700855 1.83 -50.786324
      vertex 3.691218 1.83 -49.487391
      vertex 3.419096 1.83 -50.893178
    endloop
  endfacet
  facet normal 0 -1 0
    outer loop
      vertex 3.419096 1.83 -50.893178
      vertex 3.691218 1.83 -49.487391
      vertex 3.374175 1.83 -49.376454
    endloop
  endfacet
  facet normal -0 -1 0
    outer loop
      vertex 3.419096 1.83 -50.893178
      vertex 3.374175 1.83 -49.376454
      vertex 3.171097 1.83 -51.064363
    endloop
  endfacet
  facet normal 0 -1 0
    outer loop
      vertex 3.171097 1.83 -51.064363
      vertex 3.374175 1.83 -49.376454
      vertex 3.089765 1.83 -49.197745
    endloop
  endfacet
  facet normal -0 -1 0
    outer loop
      vertex 3.171097 1.83 -51.064363
      vertex 3.089765 1.83 -49.197745
      vertex 2.97127 1.83 -51.289921
    endloop
  endfacet
  facet normal 0 -1 0
    outer loop
      vertex 2.97127 1.83 -51.289921
      vertex 3.089765 1.83 -49.197745
      vertex 2.852253 1.83 -48.960233
    endloop
  endfacet
  facet normal -0 -1 0
    outer loop
      vertex 2.97127 1.83 -51.289921
      vertex 2.852253 1.83 -48.960233
      vertex 2.83123 1.83 -51.556745
    endloop
  endfacet
  facet normal -0 -1 0
    outer loop
      vertex 2.83123 1.83 -51.556745
      vertex 2.852253 1.83 -48.960233
      vertex 2.759114 1.83 -51.849327
    endloop
  endfacet
  facet normal 0 -1 0
    outer loop
      vertex 2.759114 1.83 -51.849327
      vertex 2.852253 1.83 -48.960233
      vertex 2.673547 1.83 -48.675828
    endloop
  endfacet
  facet normal 0 -1 0
    outer loop
      vertex 2.759114 1.83 -51.849327
      vertex 2.673547 1.83 -48.675828
      vertex 2.562608 1.83 -48.358784
    endloop
  endfacet
  facet normal 0 -1 0
    outer loop
      vertex 1.5 1.83 -1.5
      vertex 4 1.83 -2.75
      vertex 6.5 1.83 -1.5
    endloop
  endfacet
  facet normal 0 -1 0
    outer loop
      vertex 6.5 1.83 -1.5
      vertex 4 1.83 -2.75
      vertex 4.299144 1.83 -2.786323
    endloop
  endfacet
  facet normal 0 -1 0
    outer loop
      vertex 6.5 1.83 -1.5
      vertex 4.299144 1.83 -2.786323
      vertex 4.580904 1.83 -2.89318
    endloop
  endfacet
  facet normal 0 -1 0
    outer loop
      vertex 3.691218 1.83 -73.487391
      vertex 4 1.83 -74.749999
      vertex 4.025 1.83 -73.525
    endloop
  endfacet
  facet normal 0 -1 -0
    outer loop
      vertex 4.025 1.83 -73.525
      vertex 4 1.83 -74.749999
      vertex 4.299144 1.83 -74.786325
    endloop
  endfacet
  facet normal 0 -1 0
    outer loop
      vertex 4.025 1.83 -73.525
      vertex 4.299144 1.83 -74.786325
      vertex 4.358781 1.83 -73.487391
    endloop
  endfacet
  facet normal 0 -1 -0
    outer loop
      vertex 4.358781 1.83 -73.487391
      vertex 4.299144 1.83 -74.786325
      vertex 4.580904 1.83 -74.893179
    endloop
  endfacet
  facet normal 0 -1 0
    outer loop
      vertex 4.358781 1.83 -73.487391
      vertex 4.580904 1.83 -74.893179
      vertex 4.675826 1.83 -73.376455
    endloop
  endfacet
  facet normal 0 -1 -0
    outer loop
      vertex 4.675826 1.83 -73.376455
      vertex 4.580904 1.83 -74.893179
      vertex 4.828903 1.83 -75.064363
    endloop
  endfacet
  facet normal 0 -1 0
    outer loop
      vertex 4.675826 1.83 -73.376455
      vertex 4.828903 1.83 -75.064363
      vertex 4.960235 1.83 -73.197746
    endloop
  endfacet
  facet normal 0 -1 -0
    outer loop
      vertex 4.960235 1.83 -73.197746
      vertex 4.828903 1.83 -75.064363
      vertex 5.02873 1.83 -75.289917
    endloop
  endfacet
  facet normal 0 -1 0
    outer loop
      vertex 4.960235 1.83 -73.197746
      vertex 5.02873 1.83 -75.289917
      vertex 5.197747 1.83 -72.960234
    endloop
  endfacet
  facet normal 0 -1 0
    outer loop
      vertex 5.197747 1.83 -72.960234
      vertex 5.02873 1.83 -75.289917
      vertex 5.168771 1.83 -75.556746
    endloop
  endfacet
  facet normal 0 -1 -0
    outer loop
      vertex 5.197747 1.83 -72.960234
      vertex 5.168771 1.83 -75.556746
      vertex 5.240886 1.83 -75.849328
    endloop
  endfacet
  facet normal 0 -1 0
    outer loop
      vertex 3.374175 1.83 -73.376455
      vertex 3.419096 1.83 -74.893179
      vertex 3.691218 1.83 -73.487391
    endloop
  endfacet
  facet normal 0 -1 -0
    outer loop
      vertex 3.691218 1.83 -73.487391
      vertex 3.419096 1.83 -74.893179
      vertex 3.700855 1.83 -74.786325
    endloop
  endfacet
  facet normal 0 -1 0
    outer loop
      vertex 3.691218 1.83 -73.487391
      vertex 3.700855 1.83 -74.786325
      vertex 4 1.83 -74.749999
    endloop
  endfacet
  facet normal -0 -1 0
    outer loop
      vertex 3.419096 1.83 -74.893179
      vertex 3.374175 1.83 -73.376455
      vertex 3.171097 1.83 -75.064363
    endloop
  endfacet
  facet normal 0 -1 0
    outer loop
      vertex 3.171097 1.83 -75.064363
      vertex 3.374175 1.83 -73.376455
      vertex 3.089765 1.83 -73.197746
    endloop
  endfacet
  facet normal -0 -1 0
    outer loop
      vertex 3.171097 1.83 -75.064363
      vertex 3.089765 1.83 -73.197746
      vertex 2.97127 1.83 -75.289917
    endloop
  endfacet
  facet normal 0 -1 0
    outer loop
      vertex 2.97127 1.83 -75.289917
      vertex 3.089765 1.83 -73.197746
      vertex 2.852253 1.83 -72.960234
    endloop
  endfacet
  facet normal -0 -1 0
    outer loop
      vertex 2.97127 1.83 -75.289917
      vertex 2.852253 1.83 -72.960234
      vertex 2.83123 1.83 -75.556746
    endloop
  endfacet
  facet normal -0 -1 0
    outer loop
      vertex 2.83123 1.83 -75.556746
      vertex 2.852253 1.83 -72.960234
      vertex 2.759114 1.83 -75.849328
    endloop
  endfacet
  facet normal 0 -1 0
    outer loop
      vertex 2.759114 1.83 -75.849328
      vertex 2.852253 1.83 -72.960234
      vertex 2.673547 1.83 -72.675824
    endloop
  endfacet
  facet normal 0 -1 0
    outer loop
      vertex 2.759114 1.83 -75.849328
      vertex 2.673547 1.83 -72.675824
      vertex 2.562608 1.83 -72.35878
    endloop
  endfacet
  facet normal -0 -1 -0
    outer loop
      vertex 2.759114 1.83 -75.849328
      vertex 2.562608 1.83 -72.35878
      vertex 2.759114 1.83 -76.15067
    endloop
  endfacet
  facet normal 0 -1 0
    outer loop
      vertex 2.759114 1.83 -76.15067
      vertex 2.562608 1.83 -72.35878
      vertex 2.525 1.83 -72.024999
    endloop
  endfacet
  facet normal -0 -1 0
    outer loop
      vertex 2.759114 1.83 -76.15067
      vertex 2.525 1.83 -72.024999
      vertex 1.5 1.83 -78.499999
    endloop
  endfacet
  facet normal 0 -1 0
    outer loop
      vertex 1.5 1.83 -78.499999
      vertex 2.525 1.83 -72.024999
      vertex 2.525 1.83 -64.025002
    endloop
  endfacet
  facet normal 0 -1 0
    outer loop
      vertex 1.5 1.83 -78.499999
      vertex 2.525 1.83 -64.025002
      vertex 2.525 1.83 -56.025
    endloop
  endfacet
  facet normal 0 -1 0
    outer loop
      vertex 2.525 1.83 -56.025
      vertex 2.525 1.83 -64.025002
      vertex 2.562608 1.83 -56.358781
    endloop
  endfacet
  facet normal 0 -1 -0
    outer loop
      vertex 2.562608 1.83 -56.358781
      vertex 2.525 1.83 -64.025002
      vertex 2.562608 1.83 -63.69122
    endloop
  endfacet
  facet normal 0 -1 0
    outer loop
      vertex 2.562608 1.83 -56.358781
      vertex 2.562608 1.83 -63.69122
      vertex 2.759114 1.83 -60.150671
    endloop
  endfacet
  facet normal 0 -1 0
    outer loop
      vertex 2.759114 1.83 -60.150671
      vertex 2.562608 1.83 -63.69122
      vertex 2.673547 1.83 -63.374176
    endloop
  endfacet
  facet normal 0 -1 -0
    outer loop
      vertex 2.759114 1.83 -60.150671
      vertex 2.673547 1.83 -63.374176
      vertex 2.852253 1.83 -63.089767
    endloop
  endfacet
  facet normal 0 -1 0
    outer loop
      vertex 2.525 1.83 -64.025002
      vertex 2.525 1.83 -72.024999
      vertex 2.562608 1.83 -64.358783
    endloop
  endfacet
  facet normal 0 -1 -0
    outer loop
      vertex 2.562608 1.83 -64.358783
      vertex 2.525 1.83 -72.024999
      vertex 2.562608 1.83 -71.691217
    endloop
  endfacet
  facet normal 0 -1 0
    outer loop
      vertex 2.562608 1.83 -64.358783
      vertex 2.562608 1.83 -71.691217
      vertex 2.759114 1.83 -68.150673
    endloop
  endfacet
  facet normal 0 -1 0
    outer loop
      vertex 2.759114 1.83 -68.150673
      vertex 2.562608 1.83 -71.691217
      vertex 2.673547 1.83 -71.374173
    endloop
  endfacet
  facet normal 0 -1 -0
    outer loop
      vertex 2.759114 1.83 -68.150673
      vertex 2.673547 1.83 -71.374173
      vertex 2.852253 1.83 -71.089764
    endloop
  endfacet
  facet normal -0 -1 0
    outer loop
      vertex 3.089765 1.83 -70.852251
      vertex 2.97127 1.83 -68.710079
      vertex 2.852253 1.83 -71.089764
    endloop
  endfacet
  facet normal 0 -1 0
    outer loop
      vertex 2.852253 1.83 -71.089764
      vertex 2.97127 1.83 -68.710079
      vertex 2.83123 1.83 -68.443255
    endloop
  endfacet
  facet normal 0 -1 0
    outer loop
      vertex 2.852253 1.83 -71.089764
      vertex 2.83123 1.83 -68.443255
      vertex 2.759114 1.83 -68.150673
    endloop
  endfacet
  facet normal 0 -1 0
    outer loop
      vertex 2.97127 1.83 -68.710079
      vertex 3.089765 1.83 -70.852251
      vertex 3.171097 1.83 -68.935637
    endloop
  endfacet
  facet normal 0 -1 -0
    outer loop
      vertex 3.171097 1.83 -68.935637
      vertex 3.089765 1.83 -70.852251
      vertex 3.374175 1.83 -70.673547
    endloop
  endfacet
  facet normal 0 -1 0
    outer loop
      vertex 3.171097 1.83 -68.935637
      vertex 3.374175 1.83 -70.673547
      vertex 3.419096 1.83 -69.106822
    endloop
  endfacet
  facet normal 0 -1 -0
    outer loop
      vertex 3.419096 1.83 -69.106822
      vertex 3.374175 1.83 -70.673547
      vertex 3.691218 1.83 -70.562606
    endloop
  endfacet
  facet normal 0 -1 0
    outer loop
      vertex 3.419096 1.83 -69.106822
      vertex 3.691218 1.83 -70.562606
      vertex 3.700855 1.83 -69.213676
    endloop
  endfacet
  facet normal 0 -1 -0
    outer loop
      vertex 3.700855 1.83 -69.213676
      vertex 3.691218 1.83 -70.562606
      vertex 4 1.83 -69.250002
    endloop
  endfacet
  facet normal 0 -1 -0
    outer loop
      vertex 4 1.83 -69.250002
      vertex 3.691218 1.83 -70.562606
      vertex 4.025 1.83 -70.524998
    endloop
  endfacet
  facet normal 0 -1 0
    outer loop
      vertex 4 1.83 -69.250002
      vertex 4.025 1.83 -70.524998
      vertex 4.299144 1.83 -69.213676
    endloop
  endfacet
  facet normal 0 -1 -0
    outer loop
      vertex 4.299144 1.83 -69.213676
      vertex 4.025 1.83 -70.524998
      vertex 4.358781 1.83 -70.562606
    endloop
  endfacet
  facet normal 0 -1 0
    outer loop
      vertex 4.299144 1.83 -69.213676
      vertex 4.358781 1.83 -70.562606
      vertex 4.580904 1.83 -69.106822
    endloop
  endfacet
  facet normal 0 -1 -0
    outer loop
      vertex 4.580904 1.83 -69.106822
      vertex 4.358781 1.83 -70.562606
      vertex 4.675826 1.83 -70.673547
    endloop
  endfacet
  facet normal 0 -1 0
    outer loop
      vertex 4.580904 1.83 -69.106822
      vertex 4.675826 1.83 -70.673547
      vertex 4.828903 1.83 -68.935637
    endloop
  endfacet
  facet normal 0 -1 -0
    outer loop
      vertex 4.828903 1.83 -68.935637
      vertex 4.675826 1.83 -70.673547
      vertex 4.960235 1.83 -70.852251
    endloop
  endfacet
  facet normal 0 -1 0
    outer loop
      vertex 4.828903 1.83 -68.935637
      vertex 4.960235 1.83 -70.852251
      vertex 5.02873 1.83 -68.710079
    endloop
  endfacet
  facet normal 0 -1 -0
    outer loop
      vertex 5.02873 1.83 -68.710079
      vertex 4.960235 1.83 -70.852251
      vertex 5.197747 1.83 -71.089764
    endloop
  endfacet
  facet normal 0 -1 0
    outer loop
      vertex 5.02873 1.83 -68.710079
      vertex 5.197747 1.83 -71.089764
      vertex 5.168771 1.83 -68.443255
    endloop
  endfacet
  facet normal 0 -1 0
    outer loop
      vertex 5.168771 1.83 -68.443255
      vertex 5.197747 1.83 -71.089764
      vertex 5.240886 1.83 -68.150673
    endloop
  endfacet
  facet normal 0 -1 -0
    outer loop
      vertex 5.240886 1.83 -68.150673
      vertex 5.197747 1.83 -71.089764
      vertex 5.376453 1.83 -71.374173
    endloop
  endfacet
  facet normal 0 -1 0
    outer loop
      vertex 5.240886 1.83 -68.150673
      vertex 5.376453 1.83 -71.374173
      vertex 5.376453 1.83 -64.675827
    endloop
  endfacet
  facet normal 0 -1 0
    outer loop
      vertex 5.376453 1.83 -64.675827
      vertex 5.376453 1.83 -71.374173
      vertex 5.487392 1.83 -64.358783
    endloop
  endfacet
  facet normal 0 -1 -0
    outer loop
      vertex 5.487392 1.83 -64.358783
      vertex 5.376453 1.83 -71.374173
      vertex 5.487392 1.83 -71.691217
    endloop
  endfacet
  facet normal 0 -1 0
    outer loop
      vertex 5.487392 1.83 -64.358783
      vertex 5.487392 1.83 -71.691217
      vertex 5.525 1.83 -64.025002
    endloop
  endfacet
  facet normal 0 -1 -0
    outer loop
      vertex 5.525 1.83 -64.025002
      vertex 5.487392 1.83 -71.691217
      vertex 5.525 1.83 -72.024999
    endloop
  endfacet
  facet normal 0 -1 0
    outer loop
      vertex 5.525 1.83 -64.025002
      vertex 5.525 1.83 -72.024999
      vertex 6.5 1.83 -78.499999
    endloop
  endfacet
  facet normal 0 -1 0
    outer loop
      vertex 6.5 1.83 -78.499999
      vertex 5.525 1.83 -72.024999
      vertex 5.487392 1.83 -72.35878
    endloop
  endfacet
  facet normal 0 -1 0
    outer loop
      vertex 6.5 1.83 -78.499999
      vertex 5.487392 1.83 -72.35878
      vertex 5.240886 1.83 -76.15067
    endloop
  endfacet
  facet normal 0 -1 0
    outer loop
      vertex 5.240886 1.83 -76.15067
      vertex 5.487392 1.83 -72.35878
      vertex 5.240886 1.83 -75.849328
    endloop
  endfacet
  facet normal 0 -1 0
    outer loop
      vertex 5.240886 1.83 -75.849328
      vertex 5.487392 1.83 -72.35878
      vertex 5.376453 1.83 -72.675824
    endloop
  endfacet
  facet normal 0 -1 0
    outer loop
      vertex 5.240886 1.83 -75.849328
      vertex 5.376453 1.83 -72.675824
      vertex 5.197747 1.83 -72.960234
    endloop
  endfacet
  facet normal 0 -1 0
    outer loop
      vertex 3.691218 1.83 -65.48739
      vertex 4 1.83 -66.750002
      vertex 4.025 1.83 -65.524998
    endloop
  endfacet
  facet normal 0 -1 -0
    outer loop
      vertex 4.025 1.83 -65.524998
      vertex 4 1.83 -66.750002
      vertex 4.299144 1.83 -66.786323
    endloop
  endfacet
  facet normal 0 -1 0
    outer loop
      vertex 4.025 1.83 -65.524998
      vertex 4.299144 1.83 -66.786323
      vertex 4.358781 1.83 -65.48739
    endloop
  endfacet
  facet normal 0 -1 -0
    outer loop
      vertex 4.358781 1.83 -65.48739
      vertex 4.299144 1.83 -66.786323
      vertex 4.580904 1.83 -66.893182
    endloop
  endfacet
  facet normal 0 -1 0
    outer loop
      vertex 4.358781 1.83 -65.48739
      vertex 4.580904 1.83 -66.893182
      vertex 4.675826 1.83 -65.376453
    endloop
  endfacet
  facet normal 0 -1 -0
    outer loop
      vertex 4.675826 1.83 -65.376453
      vertex 4.580904 1.83 -66.893182
      vertex 4.828903 1.83 -67.064362
    endloop
  endfacet
  facet normal 0 -1 0
    outer loop
      vertex 4.675826 1.83 -65.376453
      vertex 4.828903 1.83 -67.064362
      vertex 4.960235 1.83 -65.197749
    endloop
  endfacet
  facet normal 0 -1 -0
    outer loop
      vertex 4.960235 1.83 -65.197749
      vertex 4.828903 1.83 -67.064362
      vertex 5.02873 1.83 -67.28992
    endloop
  endfacet
  facet normal 0 -1 0
    outer loop
      vertex 4.960235 1.83 -65.197749
      vertex 5.02873 1.83 -67.28992
      vertex 5.197747 1.83 -64.960237
    endloop
  endfacet
  facet normal 0 -1 0
    outer loop
      vertex 5.197747 1.83 -64.960237
      vertex 5.02873 1.83 -67.28992
      vertex 5.168771 1.83 -67.556744
    endloop
  endfacet
  facet normal 0 -1 -0
    outer loop
      vertex 5.197747 1.83 -64.960237
      vertex 5.168771 1.83 -67.556744
      vertex 5.240886 1.83 -67.849331
    endloop
  endfacet
  facet normal 0 -1 0
    outer loop
      vertex 3.374175 1.83 -65.376453
      vertex 3.419096 1.83 -66.893182
      vertex 3.691218 1.83 -65.48739
    endloop
  endfacet
  facet normal 0 -1 -0
    outer loop
      vertex 3.691218 1.83 -65.48739
      vertex 3.419096 1.83 -66.893182
      vertex 3.700855 1.83 -66.786323
    endloop
  endfacet
  facet normal 0 -1 0
    outer loop
      vertex 3.691218 1.83 -65.48739
      vertex 3.700855 1.83 -66.786323
      vertex 4 1.83 -66.750002
    endloop
  endfacet
  facet normal -0 -1 0
    outer loop
      vertex 3.419096 1.83 -66.893182
      vertex 3.374175 1.83 -65.376453
      vertex 3.171097 1.83 -67.064362
    endloop
  endfacet
  facet normal 0 -1 0
    outer loop
      vertex 3.171097 1.83 -67.064362
      vertex 3.374175 1.83 -65.376453
      vertex 3.089765 1.83 -65.197749
    endloop
  endfacet
  facet normal -0 -1 0
    outer loop
      vertex 3.171097 1.83 -67.064362
      vertex 3.089765 1.83 -65.197749
      vertex 2.97127 1.83 -67.28992
    endloop
  endfacet
  facet normal 0 -1 0
    outer loop
      vertex 2.97127 1.83 -67.28992
      vertex 3.089765 1.83 -65.197749
      vertex 2.852253 1.83 -64.960237
    endloop
  endfacet
  facet normal -0 -1 0
    outer loop
      vertex 2.97127 1.83 -67.28992
      vertex 2.852253 1.83 -64.960237
      vertex 2.83123 1.83 -67.556744
    endloop
  endfacet
  facet normal -0 -1 0
    outer loop
      vertex 2.83123 1.83 -67.556744
      vertex 2.852253 1.83 -64.960237
      vertex 2.759114 1.83 -67.849331
    endloop
  endfacet
  facet normal 0 -1 0
    outer loop
      vertex 2.759114 1.83 -67.849331
      vertex 2.852253 1.83 -64.960237
      vertex 2.673547 1.83 -64.675827
    endloop
  endfacet
  facet normal 0 -1 0
    outer loop
      vertex 2.759114 1.83 -67.849331
      vertex 2.673547 1.83 -64.675827
      vertex 2.562608 1.83 -64.358783
    endloop
  endfacet
  facet normal -0 -1 0
    outer loop
      vertex 3.089765 1.83 -62.852254
      vertex 2.97127 1.83 -60.710082
      vertex 2.852253 1.83 -63.089767
    endloop
  endfacet
  facet normal 0 -1 0
    outer loop
      vertex 2.852253 1.83 -63.089767
      vertex 2.97127 1.83 -60.710082
      vertex 2.83123 1.83 -60.443258
    endloop
  endfacet
  facet normal 0 -1 0
    outer loop
      vertex 2.852253 1.83 -63.089767
      vertex 2.83123 1.83 -60.443258
      vertex 2.759114 1.83 -60.150671
    endloop
  endfacet
  facet normal 0 -1 0
    outer loop
      vertex 2.97127 1.83 -60.710082
      vertex 3.089765 1.83 -62.852254
      vertex 3.171097 1.83 -60.93564
    endloop
  endfacet
  facet normal 0 -1 -0
    outer loop
      vertex 3.171097 1.83 -60.93564
      vertex 3.089765 1.83 -62.852254
      vertex 3.374175 1.83 -62.673545
    endloop
  endfacet
  facet normal 0 -1 0
    outer loop
      vertex 3.171097 1.83 -60.93564
      vertex 3.374175 1.83 -62.673545
      vertex 3.419096 1.83 -61.10682
    endloop
  endfacet
  facet normal 0 -1 -0
    outer loop
      vertex 3.419096 1.83 -61.10682
      vertex 3.374175 1.83 -62.673545
      vertex 3.691218 1.83 -62.562609
    endloop
  endfacet
  facet normal 0 -1 0
    outer loop
      vertex 3.419096 1.83 -61.10682
      vertex 3.691218 1.83 -62.562609
      vertex 3.700855 1.83 -61.213679
    endloop
  endfacet
  facet normal 0 -1 -0
    outer loop
      vertex 3.700855 1.83 -61.213679
      vertex 3.691218 1.83 -62.562609
      vertex 4 1.83 -61.25
    endloop
  endfacet
  facet normal 0 -1 -0
    outer loop
      vertex 4 1.83 -61.25
      vertex 3.691218 1.83 -62.562609
      vertex 4.025 1.83 -62.525001
    endloop
  endfacet
  facet normal 0 -1 0
    outer loop
      vertex 4 1.83 -61.25
      vertex 4.025 1.83 -62.525001
      vertex 4.299144 1.83 -61.213679
    endloop
  endfacet
  facet normal 0 -1 -0
    outer loop
      vertex 4.299144 1.83 -61.213679
      vertex 4.025 1.83 -62.525001
      vertex 4.358781 1.83 -62.562609
    endloop
  endfacet
  facet normal 0 -1 0
    outer loop
      vertex 4.299144 1.83 -61.213679
      vertex 4.358781 1.83 -62.562609
      vertex 4.580904 1.83 -61.10682
    endloop
  endfacet
  facet normal 0 -1 -0
    outer loop
      vertex 4.580904 1.83 -61.10682
      vertex 4.358781 1.83 -62.562609
      vertex 4.675826 1.83 -62.673545
    endloop
  endfacet
  facet normal 0 -1 0
    outer loop
      vertex 4.580904 1.83 -61.10682
      vertex 4.675826 1.83 -62.673545
      vertex 4.828903 1.83 -60.93564
    endloop
  endfacet
  facet normal 0 -1 -0
    outer loop
      vertex 4.828903 1.83 -60.93564
      vertex 4.675826 1.83 -62.673545
      vertex 4.960235 1.83 -62.852254
    endloop
  endfacet
  facet normal 0 -1 0
    outer loop
      vertex 4.828903 1.83 -60.93564
      vertex 4.960235 1.83 -62.852254
      vertex 5.02873 1.83 -60.710082
    endloop
  endfacet
  facet normal 0 -1 -0
    outer loop
      vertex 5.02873 1.83 -60.710082
      vertex 4.960235 1.83 -62.852254
      vertex 5.197747 1.83 -63.089767
    endloop
  endfacet
  facet normal 0 -1 0
    outer loop
      vertex 5.02873 1.83 -60.710082
      vertex 5.197747 1.83 -63.089767
      vertex 5.168771 1.83 -60.443258
    endloop
  endfacet
  facet normal 0 -1 0
    outer loop
      vertex 5.168771 1.83 -60.443258
      vertex 5.197747 1.83 -63.089767
      vertex 5.240886 1.83 -60.150671
    endloop
  endfacet
  facet normal 0 -1 -0
    outer loop
      vertex 5.240886 1.83 -60.150671
      vertex 5.197747 1.83 -63.089767
      vertex 5.376453 1.83 -63.374176
    endloop
  endfacet
  facet normal 0 -1 0
    outer loop
      vertex 5.240886 1.83 -60.150671
      vertex 5.376453 1.83 -63.374176
      vertex 5.376453 1.83 -56.675825
    endloop
  endfacet
  facet normal 0 -1 0
    outer loop
      vertex 5.376453 1.83 -56.675825
      vertex 5.376453 1.83 -63.374176
      vertex 5.487392 1.83 -56.358781
    endloop
  endfacet
  facet normal 0 -1 -0
    outer loop
      vertex 5.487392 1.83 -56.358781
      vertex 5.376453 1.83 -63.374176
      vertex 5.487392 1.83 -63.69122
    endloop
  endfacet
  facet normal 0 -1 0
    outer loop
      vertex 5.487392 1.83 -56.358781
      vertex 5.487392 1.83 -63.69122
      vertex 5.525 1.83 -56.025
    endloop
  endfacet
  facet normal 0 -1 -0
    outer loop
      vertex 5.525 1.83 -56.025
      vertex 5.487392 1.83 -63.69122
      vertex 5.525 1.83 -64.025002
    endloop
  endfacet
  facet normal 0 -1 0
    outer loop
      vertex 5.525 1.83 -56.025
      vertex 5.525 1.83 -64.025002
      vertex 6.5 1.83 -78.499999
    endloop
  endfacet
  facet normal 0 -1 0
    outer loop
      vertex 5.240886 1.83 -68.150673
      vertex 5.376453 1.83 -64.675827
      vertex 5.240886 1.83 -67.849331
    endloop
  endfacet
  facet normal 0 -1 0
    outer loop
      vertex 5.240886 1.83 -67.849331
      vertex 5.376453 1.83 -64.675827
      vertex 5.197747 1.83 -64.960237
    endloop
  endfacet
  facet normal 0 -1 0
    outer loop
      vertex 3.691218 1.83 -57.487392
      vertex 4 1.83 -58.75
      vertex 4.025 1.83 -57.525001
    endloop
  endfacet
  facet normal 0 -1 -0
    outer loop
      vertex 4.025 1.83 -57.525001
      vertex 4 1.83 -58.75
      vertex 4.299144 1.83 -58.786321
    endloop
  endfacet
  facet normal 0 -1 0
    outer loop
      vertex 4.025 1.83 -57.525001
      vertex 4.299144 1.83 -58.786321
      vertex 4.358781 1.83 -57.487392
    endloop
  endfacet
  facet normal 0 -1 -0
    outer loop
      vertex 4.358781 1.83 -57.487392
      vertex 4.299144 1.83 -58.786321
      vertex 4.580904 1.83 -58.89318
    endloop
  endfacet
  facet normal 0 -1 0
    outer loop
      vertex 4.358781 1.83 -57.487392
      vertex 4.580904 1.83 -58.89318
      vertex 4.675826 1.83 -57.376451
    endloop
  endfacet
  facet normal 0 -1 -0
    outer loop
      vertex 4.675826 1.83 -57.376451
      vertex 4.580904 1.83 -58.89318
      vertex 4.828903 1.83 -59.06436
    endloop
  endfacet
  facet normal 0 -1 0
    outer loop
      vertex 4.675826 1.83 -57.376451
      vertex 4.828903 1.83 -59.06436
      vertex 4.960235 1.83 -57.197747
    endloop
  endfacet
  facet normal 0 -1 -0
    outer loop
      vertex 4.960235 1.83 -57.197747
      vertex 4.828903 1.83 -59.06436
      vertex 5.02873 1.83 -59.289918
    endloop
  endfacet
  facet normal 0 -1 0
    outer loop
      vertex 4.960235 1.83 -57.197747
      vertex 5.02873 1.83 -59.289918
      vertex 5.197747 1.83 -56.960235
    endloop
  endfacet
  facet normal 0 -1 0
    outer loop
      vertex 5.197747 1.83 -56.960235
      vertex 5.02873 1.83 -59.289918
      vertex 5.168771 1.83 -59.556742
    endloop
  endfacet
  facet normal 0 -1 -0
    outer loop
      vertex 5.197747 1.83 -56.960235
      vertex 5.168771 1.83 -59.556742
      vertex 5.240886 1.83 -59.849329
    endloop
  endfacet
  facet normal 0 -1 0
    outer loop
      vertex 3.374175 1.83 -57.376451
      vertex 3.419096 1.83 -58.89318
      vertex 3.691218 1.83 -57.487392
    endloop
  endfacet
  facet normal 0 -1 -0
    outer loop
      vertex 3.691218 1.83 -57.487392
      vertex 3.419096 1.83 -58.89318
      vertex 3.700855 1.83 -58.786321
    endloop
  endfacet
  facet normal 0 -1 0
    outer loop
      vertex 3.691218 1.83 -57.487392
      vertex 3.700855 1.83 -58.786321
      vertex 4 1.83 -58.75
    endloop
  endfacet
  facet normal -0 -1 0
    outer loop
      vertex 3.419096 1.83 -58.89318
      vertex 3.374175 1.83 -57.376451
      vertex 3.171097 1.83 -59.06436
    endloop
  endfacet
  facet normal 0 -1 0
    outer loop
      vertex 3.171097 1.83 -59.06436
      vertex 3.374175 1.83 -57.376451
      vertex 3.089765 1.83 -57.197747
    endloop
  endfacet
  facet normal -0 -1 0
    outer loop
      vertex 3.171097 1.83 -59.06436
      vertex 3.089765 1.83 -57.197747
      vertex 2.97127 1.83 -59.289918
    endloop
  endfacet
  facet normal 0 -1 0
    outer loop
      vertex 2.97127 1.83 -59.289918
      vertex 3.089765 1.83 -57.197747
      vertex 2.852253 1.83 -56.960235
    endloop
  endfacet
  facet normal -0 -1 0
    outer loop
      vertex 2.97127 1.83 -59.289918
      vertex 2.852253 1.83 -56.960235
      vertex 2.83123 1.83 -59.556742
    endloop
  endfacet
  facet normal -0 -1 0
    outer loop
      vertex 2.83123 1.83 -59.556742
      vertex 2.852253 1.83 -56.960235
      vertex 2.759114 1.83 -59.849329
    endloop
  endfacet
  facet normal 0 -1 0
    outer loop
      vertex 2.759114 1.83 -59.849329
      vertex 2.852253 1.83 -56.960235
      vertex 2.673547 1.83 -56.675825
    endloop
  endfacet
  facet normal 0 -1 0
    outer loop
      vertex 2.759114 1.83 -59.849329
      vertex 2.673547 1.83 -56.675825
      vertex 2.562608 1.83 -56.358781
    endloop
  endfacet
  facet normal -0 -1 0
    outer loop
      vertex 2.562608 1.83 -55.691218
      vertex 2.562608 1.83 -48.358784
      vertex 2.525 1.83 -56.025
    endloop
  endfacet
  facet normal 0 -1 0
    outer loop
      vertex 2.525 1.83 -56.025
      vertex 2.562608 1.83 -48.358784
      vertex 2.525 1.83 -48.024998
    endloop
  endfacet
  facet normal -0 -1 0
    outer loop
      vertex 2.525 1.83 -56.025
      vertex 2.525 1.83 -48.024998
      vertex 1.5 1.83 -78.499999
    endloop
  endfacet
  facet normal 0 -1 0
    outer loop
      vertex 1.5 1.83 -78.499999
      vertex 2.525 1.83 -48.024998
      vertex 2.525 1.83 -40.025001
    endloop
  endfacet
  facet normal 0 -1 0
    outer loop
      vertex 2.562608 1.83 -48.358784
      vertex 2.562608 1.83 -55.691218
      vertex 2.759114 1.83 -52.150669
    endloop
  endfacet
  facet normal 0 -1 0
    outer loop
      vertex 2.759114 1.83 -52.150669
      vertex 2.562608 1.83 -55.691218
      vertex 2.673547 1.83 -55.374174
    endloop
  endfacet
  facet normal 0 -1 -0
    outer loop
      vertex 2.759114 1.83 -52.150669
      vertex 2.673547 1.83 -55.374174
      vertex 2.852253 1.83 -55.089765
    endloop
  endfacet
  facet normal -0 -1 0
    outer loop
      vertex 3.089765 1.83 -54.852252
      vertex 2.97127 1.83 -52.71008
      vertex 2.852253 1.83 -55.089765
    endloop
  endfacet
  facet normal 0 -1 0
    outer loop
      vertex 2.852253 1.83 -55.089765
      vertex 2.97127 1.83 -52.71008
      vertex 2.83123 1.83 -52.443256
    endloop
  endfacet
  facet normal 0 -1 0
    outer loop
      vertex 2.852253 1.83 -55.089765
      vertex 2.83123 1.83 -52.443256
      vertex 2.759114 1.83 -52.150669
    endloop
  endfacet
  facet normal 0 -1 0
    outer loop
      vertex 2.97127 1.83 -52.71008
      vertex 3.089765 1.83 -54.852252
      vertex 3.171097 1.83 -52.935638
    endloop
  endfacet
  facet normal 0 -1 -0
    outer loop
      vertex 3.171097 1.83 -52.935638
      vertex 3.089765 1.83 -54.852252
      vertex 3.374175 1.83 -54.673548
    endloop
  endfacet
  facet normal 0 -1 0
    outer loop
      vertex 3.171097 1.83 -52.935638
      vertex 3.374175 1.83 -54.673548
      vertex 3.419096 1.83 -53.106818
    endloop
  endfacet
  facet normal 0 -1 -0
    outer loop
      vertex 3.419096 1.83 -53.106818
      vertex 3.374175 1.83 -54.673548
      vertex 3.691218 1.83 -54.562607
    endloop
  endfacet
  facet normal 0 -1 0
    outer loop
      vertex 3.419096 1.83 -53.106818
      vertex 3.691218 1.83 -54.562607
      vertex 3.700855 1.83 -53.213677
    endloop
  endfacet
  facet normal 0 -1 -0
    outer loop
      vertex 3.700855 1.83 -53.213677
      vertex 3.691218 1.83 -54.562607
      vertex 4 1.83 -53.249998
    endloop
  endfacet
  facet normal 0 -1 -0
    outer loop
      vertex 4 1.83 -53.249998
      vertex 3.691218 1.83 -54.562607
      vertex 4.025 1.83 -54.524999
    endloop
  endfacet
  facet normal 0 -1 0
    outer loop
      vertex 4 1.83 -53.249998
      vertex 4.025 1.83 -54.524999
      vertex 4.299144 1.83 -53.213677
    endloop
  endfacet
  facet normal 0 -1 -0
    outer loop
      vertex 4.299144 1.83 -53.213677
      vertex 4.025 1.83 -54.524999
      vertex 4.358781 1.83 -54.562607
    endloop
  endfacet
  facet normal 0 -1 0
    outer loop
      vertex 4.299144 1.83 -53.213677
      vertex 4.358781 1.83 -54.562607
      vertex 4.580904 1.83 -53.106818
    endloop
  endfacet
  facet normal 0 -1 -0
    outer loop
      vertex 4.580904 1.83 -53.106818
      vertex 4.358781 1.83 -54.562607
      vertex 4.675826 1.83 -54.673548
    endloop
  endfacet
  facet normal 0 -1 0
    outer loop
      vertex 4.580904 1.83 -53.106818
      vertex 4.675826 1.83 -54.673548
      vertex 4.828903 1.83 -52.935638
    endloop
  endfacet
  facet normal 0 -1 -0
    outer loop
      vertex 4.828903 1.83 -52.935638
      vertex 4.675826 1.83 -54.673548
      vertex 4.960235 1.83 -54.852252
    endloop
  endfacet
  facet normal 0 -1 0
    outer loop
      vertex 4.828903 1.83 -52.935638
      vertex 4.960235 1.83 -54.852252
      vertex 5.02873 1.83 -52.71008
    endloop
  endfacet
  facet normal 0 -1 -0
    outer loop
      vertex 5.02873 1.83 -52.71008
      vertex 4.960235 1.83 -54.852252
      vertex 5.197747 1.83 -55.089765
    endloop
  endfacet
  facet normal 0 -1 0
    outer loop
      vertex 5.02873 1.83 -52.71008
      vertex 5.197747 1.83 -55.089765
      vertex 5.168771 1.83 -52.443256
    endloop
  endfacet
  facet normal 0 -1 0
    outer loop
      vertex 5.168771 1.83 -52.443256
      vertex 5.197747 1.83 -55.089765
      vertex 5.240886 1.83 -52.150669
    endloop
  endfacet
  facet normal 0 -1 -0
    outer loop
      vertex 5.240886 1.83 -52.150669
      vertex 5.197747 1.83 -55.089765
      vertex 5.376453 1.83 -55.374174
    endloop
  endfacet
  facet normal 0 -1 0
    outer loop
      vertex 5.240886 1.83 -60.150671
      vertex 5.376453 1.83 -56.675825
      vertex 5.240886 1.83 -59.849329
    endloop
  endfacet
  facet normal 0 -1 0
    outer loop
      vertex 5.240886 1.83 -59.849329
      vertex 5.376453 1.83 -56.675825
      vertex 5.197747 1.83 -56.960235
    endloop
  endfacet
  facet normal 0 -1 0
    outer loop
      vertex 2.525 1.83 -40.025001
      vertex 2.525 1.83 -48.024998
      vertex 2.562608 1.83 -40.358782
    endloop
  endfacet
  facet normal 0 -1 -0
    outer loop
      vertex 2.562608 1.83 -40.358782
      vertex 2.525 1.83 -48.024998
      vertex 2.562608 1.83 -47.691216
    endloop
  endfacet
  facet normal 0 -1 0
    outer loop
      vertex 2.562608 1.83 -40.358782
      vertex 2.562608 1.83 -47.691216
      vertex 2.759114 1.83 -44.150672
    endloop
  endfacet
  facet normal 0 -1 0
    outer loop
      vertex 2.759114 1.83 -44.150672
      vertex 2.562608 1.83 -47.691216
      vertex 2.673547 1.83 -47.374172
    endloop
  endfacet
  facet normal 0 -1 -0
    outer loop
      vertex 2.759114 1.83 -44.150672
      vertex 2.673547 1.83 -47.374172
      vertex 2.852253 1.83 -47.089767
    endloop
  endfacet
  facet normal -0 -1 0
    outer loop
      vertex 3.089765 1.83 -46.852255
      vertex 2.97127 1.83 -44.710083
      vertex 2.852253 1.83 -47.089767
    endloop
  endfacet
  facet normal 0 -1 0
    outer loop
      vertex 2.852253 1.83 -47.089767
      vertex 2.97127 1.83 -44.710083
      vertex 2.83123 1.83 -44.443254
    endloop
  endfacet
  facet normal 0 -1 0
    outer loop
      vertex 2.852253 1.83 -47.089767
      vertex 2.83123 1.83 -44.443254
      vertex 2.759114 1.83 -44.150672
    endloop
  endfacet
  facet normal 0 -1 0
    outer loop
      vertex 2.97127 1.83 -44.710083
      vertex 3.089765 1.83 -46.852255
      vertex 3.171097 1.83 -44.935637
    endloop
  endfacet
  facet normal 0 -1 -0
    outer loop
      vertex 3.171097 1.83 -44.935637
      vertex 3.089765 1.83 -46.852255
      vertex 3.374175 1.83 -46.673546
    endloop
  endfacet
  facet normal 0 -1 0
    outer loop
      vertex 3.171097 1.83 -44.935637
      vertex 3.374175 1.83 -46.673546
      vertex 3.419096 1.83 -45.106821
    endloop
  endfacet
  facet normal 0 -1 -0
    outer loop
      vertex 3.419096 1.83 -45.106821
      vertex 3.374175 1.83 -46.673546
      vertex 3.691218 1.83 -46.56261
    endloop
  endfacet
  facet normal 0 -1 0
    outer loop
      vertex 3.419096 1.83 -45.106821
      vertex 3.691218 1.83 -46.56261
      vertex 3.700855 1.83 -45.213675
    endloop
  endfacet
  facet normal 0 -1 -0
    outer loop
      vertex 3.700855 1.83 -45.213675
      vertex 3.691218 1.83 -46.56261
      vertex 4 1.83 -45.250001
    endloop
  endfacet
  facet normal 0 -1 -0
    outer loop
      vertex 4 1.83 -45.250001
      vertex 3.691218 1.83 -46.56261
      vertex 4.025 1.83 -46.525002
    endloop
  endfacet
  facet normal 0 -1 0
    outer loop
      vertex 4 1.83 -45.250001
      vertex 4.025 1.83 -46.525002
      vertex 4.299144 1.83 -45.213675
    endloop
  endfacet
  facet normal 0 -1 -0
    outer loop
      vertex 4.299144 1.83 -45.213675
      vertex 4.025 1.83 -46.525002
      vertex 4.358781 1.83 -46.56261
    endloop
  endfacet
  facet normal 0 -1 0
    outer loop
      vertex 4.299144 1.83 -45.213675
      vertex 4.358781 1.83 -46.56261
      vertex 4.580904 1.83 -45.106821
    endloop
  endfacet
  facet normal 0 -1 -0
    outer loop
      vertex 4.580904 1.83 -45.106821
      vertex 4.358781 1.83 -46.56261
      vertex 4.675826 1.83 -46.673546
    endloop
  endfacet
  facet normal 0 -1 0
    outer loop
      vertex 4.580904 1.83 -45.106821
      vertex 4.675826 1.83 -46.673546
      vertex 4.828903 1.83 -44.935637
    endloop
  endfacet
  facet normal 0 -1 -0
    outer loop
      vertex 4.828903 1.83 -44.935637
      vertex 4.675826 1.83 -46.673546
      vertex 4.960235 1.83 -46.852255
    endloop
  endfacet
  facet normal 0 -1 0
    outer loop
      vertex 4.828903 1.83 -44.935637
      vertex 4.960235 1.83 -46.852255
      vertex 5.02873 1.83 -44.710083
    endloop
  endfacet
  facet normal 0 -1 -0
    outer loop
      vertex 5.02873 1.83 -44.710083
      vertex 4.960235 1.83 -46.852255
      vertex 5.197747 1.83 -47.089767
    endloop
  endfacet
  facet normal 0 -1 0
    outer loop
      vertex 5.02873 1.83 -44.710083
      vertex 5.197747 1.83 -47.089767
      vertex 5.168771 1.83 -44.443254
    endloop
  endfacet
  facet normal 0 -1 0
    outer loop
      vertex 5.168771 1.83 -44.443254
      vertex 5.197747 1.83 -47.089767
      vertex 5.240886 1.83 -44.150672
    endloop
  endfacet
  facet normal 0 -1 -0
    outer loop
      vertex 5.240886 1.83 -44.150672
      vertex 5.197747 1.83 -47.089767
      vertex 5.376453 1.83 -47.374172
    endloop
  endfacet
  facet normal 0 -1 0
    outer loop
      vertex 5.240886 1.83 -44.150672
      vertex 5.376453 1.83 -47.374172
      vertex 5.376453 1.83 -40.675826
    endloop
  endfacet
  facet normal 0 -1 0
    outer loop
      vertex 5.376453 1.83 -40.675826
      vertex 5.376453 1.83 -47.374172
      vertex 5.487392 1.83 -40.358782
    endloop
  endfacet
  facet normal 0 -1 -0
    outer loop
      vertex 5.487392 1.83 -40.358782
      vertex 5.376453 1.83 -47.374172
      vertex 5.487392 1.83 -47.691216
    endloop
  endfacet
  facet normal 0 -1 0
    outer loop
      vertex 5.487392 1.83 -40.358782
      vertex 5.487392 1.83 -47.691216
      vertex 5.525 1.83 -40.025001
    endloop
  endfacet
  facet normal 0 -1 -0
    outer loop
      vertex 5.525 1.83 -40.025001
      vertex 5.487392 1.83 -47.691216
      vertex 5.525 1.83 -48.024998
    endloop
  endfacet
  facet normal 0 -1 0
    outer loop
      vertex 3.691218 1.83 -41.487393
      vertex 4 1.83 -42.750001
      vertex 4.025 1.83 -41.525002
    endloop
  endfacet
  facet normal 0 -1 -0
    outer loop
      vertex 4.025 1.83 -41.525002
      vertex 4 1.83 -42.750001
      vertex 4.299144 1.83 -42.786322
    endloop
  endfacet
  facet normal 0 -1 0
    outer loop
      vertex 4.025 1.83 -41.525002
      vertex 4.299144 1.83 -42.786322
      vertex 4.358781 1.83 -41.487393
    endloop
  endfacet
  facet normal 0 -1 -0
    outer loop
      vertex 4.358781 1.83 -41.487393
      vertex 4.299144 1.83 -42.786322
      vertex 4.580904 1.83 -42.893181
    endloop
  endfacet
  facet normal 0 -1 0
    outer loop
      vertex 4.358781 1.83 -41.487393
      vertex 4.580904 1.83 -42.893181
      vertex 4.675826 1.83 -41.376452
    endloop
  endfacet
  facet normal 0 -1 -0
    outer loop
      vertex 4.675826 1.83 -41.376452
      vertex 4.580904 1.83 -42.893181
      vertex 4.828903 1.83 -43.064361
    endloop
  endfacet
  facet normal 0 -1 0
    outer loop
      vertex 4.675826 1.83 -41.376452
      vertex 4.828903 1.83 -43.064361
      vertex 4.960235 1.83 -41.197748
    endloop
  endfacet
  facet normal 0 -1 -0
    outer loop
      vertex 4.960235 1.83 -41.197748
      vertex 4.828903 1.83 -43.064361
      vertex 5.02873 1.83 -43.289919
    endloop
  endfacet
  facet normal 0 -1 0
    outer loop
      vertex 4.960235 1.83 -41.197748
      vertex 5.02873 1.83 -43.289919
      vertex 5.197747 1.83 -40.960236
    endloop
  endfacet
  facet normal 0 -1 0
    outer loop
      vertex 5.197747 1.83 -40.960236
      vertex 5.02873 1.83 -43.289919
      vertex 5.168771 1.83 -43.556743
    endloop
  endfacet
  facet normal 0 -1 -0
    outer loop
      vertex 5.197747 1.83 -40.960236
      vertex 5.168771 1.83 -43.556743
      vertex 5.240886 1.83 -43.84933
    endloop
  endfacet
  facet normal 0 -1 0
    outer loop
      vertex 3.374175 1.83 -41.376452
      vertex 3.419096 1.83 -42.893181
      vertex 3.691218 1.83 -41.487393
    endloop
  endfacet
  facet normal 0 -1 -0
    outer loop
      vertex 3.691218 1.83 -41.487393
      vertex 3.419096 1.83 -42.893181
      vertex 3.700855 1.83 -42.786322
    endloop
  endfacet
  facet normal 0 -1 0
    outer loop
      vertex 3.691218 1.83 -41.487393
      vertex 3.700855 1.83 -42.786322
      vertex 4 1.83 -42.750001
    endloop
  endfacet
  facet normal -0 -1 0
    outer loop
      vertex 3.419096 1.83 -42.893181
      vertex 3.374175 1.83 -41.376452
      vertex 3.171097 1.83 -43.064361
    endloop
  endfacet
  facet normal 0 -1 0
    outer loop
      vertex 3.171097 1.83 -43.064361
      vertex 3.374175 1.83 -41.376452
      vertex 3.089765 1.83 -41.197748
    endloop
  endfacet
  facet normal -0 -1 0
    outer loop
      vertex 3.171097 1.83 -43.064361
      vertex 3.089765 1.83 -41.197748
      vertex 2.97127 1.83 -43.289919
    endloop
  endfacet
  facet normal 0 -1 0
    outer loop
      vertex 2.97127 1.83 -43.289919
      vertex 3.089765 1.83 -41.197748
      vertex 2.852253 1.83 -40.960236
    endloop
  endfacet
  facet normal -0 -1 0
    outer loop
      vertex 2.97127 1.83 -43.289919
      vertex 2.852253 1.83 -40.960236
      vertex 2.83123 1.83 -43.556743
    endloop
  endfacet
  facet normal -0 -1 0
    outer loop
      vertex 2.83123 1.83 -43.556743
      vertex 2.852253 1.83 -40.960236
      vertex 2.759114 1.83 -43.84933
    endloop
  endfacet
  facet normal 0 -1 0
    outer loop
      vertex 2.759114 1.83 -43.84933
      vertex 2.852253 1.83 -40.960236
      vertex 2.673547 1.83 -40.675826
    endloop
  endfacet
  facet normal 0 -1 0
    outer loop
      vertex 2.759114 1.83 -43.84933
      vertex 2.673547 1.83 -40.675826
      vertex 2.562608 1.83 -40.358782
    endloop
  endfacet
  facet normal 0 -1 0
    outer loop
      vertex 2.525 1.83 -32.025001
      vertex 2.525 1.83 -40.025001
      vertex 2.562608 1.83 -32.358782
    endloop
  endfacet
  facet normal 0 -1 -0
    outer loop
      vertex 2.562608 1.83 -32.358782
      vertex 2.525 1.83 -40.025001
      vertex 2.562608 1.83 -39.691219
    endloop
  endfacet
  facet normal 0 -1 0
    outer loop
      vertex 2.562608 1.83 -32.358782
      vertex 2.562608 1.83 -39.691219
      vertex 2.759114 1.83 -36.15067
    endloop
  endfacet
  facet normal 0 -1 0
    outer loop
      vertex 2.759114 1.83 -36.15067
      vertex 2.562608 1.83 -39.691219
      vertex 2.673547 1.83 -39.374175
    endloop
  endfacet
  facet normal 0 -1 -0
    outer loop
      vertex 2.759114 1.83 -36.15067
      vertex 2.673547 1.83 -39.374175
      vertex 2.852253 1.83 -39.089766
    endloop
  endfacet
  facet normal -0 -1 0
    outer loop
      vertex 3.089765 1.83 -38.852253
      vertex 2.97127 1.83 -36.710081
      vertex 2.852253 1.83 -39.089766
    endloop
  endfacet
  facet normal 0 -1 0
    outer loop
      vertex 2.852253 1.83 -39.089766
      vertex 2.97127 1.83 -36.710081
      vertex 2.83123 1.83 -36.443255
    endloop
  endfacet
  facet normal 0 -1 0
    outer loop
      vertex 2.852253 1.83 -39.089766
      vertex 2.83123 1.83 -36.443255
      vertex 2.759114 1.83 -36.15067
    endloop
  endfacet
  facet normal 0 -1 0
    outer loop
      vertex 2.97127 1.83 -36.710081
      vertex 3.089765 1.83 -38.852253
      vertex 3.171097 1.83 -36.935639
    endloop
  endfacet
  facet normal 0 -1 -0
    outer loop
      vertex 3.171097 1.83 -36.935639
      vertex 3.089765 1.83 -38.852253
      vertex 3.374175 1.83 -38.673546
    endloop
  endfacet
  facet normal 0 -1 0
    outer loop
      vertex 3.171097 1.83 -36.935639
      vertex 3.374175 1.83 -38.673546
      vertex 3.419096 1.83 -37.106819
    endloop
  endfacet
  facet normal 0 -1 -0
    outer loop
      vertex 3.419096 1.83 -37.106819
      vertex 3.374175 1.83 -38.673546
      vertex 3.691218 1.83 -38.562608
    endloop
  endfacet
  facet normal 0 -1 0
    outer loop
      vertex 3.419096 1.83 -37.106819
      vertex 3.691218 1.83 -38.562608
      vertex 3.700855 1.83 -37.213678
    endloop
  endfacet
  facet normal 0 -1 -0
    outer loop
      vertex 3.700855 1.83 -37.213678
      vertex 3.691218 1.83 -38.562608
      vertex 4 1.83 -37.249999
    endloop
  endfacet
  facet normal 0 -1 -0
    outer loop
      vertex 4 1.83 -37.249999
      vertex 3.691218 1.83 -38.562608
      vertex 4.025 1.83 -38.525
    endloop
  endfacet
  facet normal 0 -1 0
    outer loop
      vertex 4 1.83 -37.249999
      vertex 4.025 1.83 -38.525
      vertex 4.299144 1.83 -37.213678
    endloop
  endfacet
  facet normal 0 -1 -0
    outer loop
      vertex 4.299144 1.83 -37.213678
      vertex 4.025 1.83 -38.525
      vertex 4.358781 1.83 -38.562608
    endloop
  endfacet
  facet normal 0 -1 0
    outer loop
      vertex 4.299144 1.83 -37.213678
      vertex 4.358781 1.83 -38.562608
      vertex 4.580904 1.83 -37.106819
    endloop
  endfacet
  facet normal 0 -1 -0
    outer loop
      vertex 4.580904 1.83 -37.106819
      vertex 4.358781 1.83 -38.562608
      vertex 4.675826 1.83 -38.673546
    endloop
  endfacet
  facet normal 0 -1 0
    outer loop
      vertex 4.580904 1.83 -37.106819
      vertex 4.675826 1.83 -38.673546
      vertex 4.828903 1.83 -36.935639
    endloop
  endfacet
  facet normal 0 -1 -0
    outer loop
      vertex 4.828903 1.83 -36.935639
      vertex 4.675826 1.83 -38.673546
      vertex 4.960235 1.83 -38.852253
    endloop
  endfacet
  facet normal 0 -1 0
    outer loop
      vertex 4.828903 1.83 -36.935639
      vertex 4.960235 1.83 -38.852253
      vertex 5.02873 1.83 -36.710081
    endloop
  endfacet
  facet normal 0 -1 -0
    outer loop
      vertex 5.02873 1.83 -36.710081
      vertex 4.960235 1.83 -38.852253
      vertex 5.197747 1.83 -39.089766
    endloop
  endfacet
  facet normal 0 -1 0
    outer loop
      vertex 5.02873 1.83 -36.710081
      vertex 5.197747 1.83 -39.089766
      vertex 5.168771 1.83 -36.443255
    endloop
  endfacet
  facet normal 0 -1 0
    outer loop
      vertex 5.168771 1.83 -36.443255
      vertex 5.197747 1.83 -39.089766
      vertex 5.240886 1.83 -36.15067
    endloop
  endfacet
  facet normal 0 -1 -0
    outer loop
      vertex 5.240886 1.83 -36.15067
      vertex 5.197747 1.83 -39.089766
      vertex 5.376453 1.83 -39.374175
    endloop
  endfacet
  facet normal 0 -1 0
    outer loop
      vertex 5.240886 1.83 -36.15067
      vertex 5.376453 1.83 -39.374175
      vertex 5.376453 1.83 -32.675827
    endloop
  endfacet
  facet normal 0 -1 0
    outer loop
      vertex 5.376453 1.83 -32.675827
      vertex 5.376453 1.83 -39.374175
      vertex 5.487392 1.83 -32.358782
    endloop
  endfacet
  facet normal 0 -1 -0
    outer loop
      vertex 5.487392 1.83 -32.358782
      vertex 5.376453 1.83 -39.374175
      vertex 5.487392 1.83 -39.691219
    endloop
  endfacet
  facet normal 0 -1 0
    outer loop
      vertex 5.487392 1.83 -32.358782
      vertex 5.487392 1.83 -39.691219
      vertex 5.525 1.83 -32.025001
    endloop
  endfacet
  facet normal 0 -1 -0
    outer loop
      vertex 5.525 1.83 -32.025001
      vertex 5.487392 1.83 -39.691219
      vertex 5.525 1.83 -40.025001
    endloop
  endfacet
  facet normal 0 -1 0
    outer loop
      vertex 5.525 1.83 -32.025001
      vertex 5.525 1.83 -40.025001
      vertex 6.5 1.83 -1.5
    endloop
  endfacet
  facet normal 0 -1 0
    outer loop
      vertex 5.240886 1.83 -44.150672
      vertex 5.376453 1.83 -40.675826
      vertex 5.240886 1.83 -43.84933
    endloop
  endfacet
  facet normal 0 -1 0
    outer loop
      vertex 5.240886 1.83 -43.84933
      vertex 5.376453 1.83 -40.675826
      vertex 5.197747 1.83 -40.960236
    endloop
  endfacet
  facet normal 0 -1 0
    outer loop
      vertex 3.691218 1.83 -33.487391
      vertex 4 1.83 -34.749999
      vertex 4.025 1.83 -33.525
    endloop
  endfacet
  facet normal 0 -1 -0
    outer loop
      vertex 4.025 1.83 -33.525
      vertex 4 1.83 -34.749999
      vertex 4.299144 1.83 -34.786322
    endloop
  endfacet
  facet normal 0 -1 0
    outer loop
      vertex 4.025 1.83 -33.525
      vertex 4.299144 1.83 -34.786322
      vertex 4.358781 1.83 -33.487391
    endloop
  endfacet
  facet normal 0 -1 -0
    outer loop
      vertex 4.358781 1.83 -33.487391
      vertex 4.299144 1.83 -34.786322
      vertex 4.580904 1.83 -34.893179
    endloop
  endfacet
  facet normal 0 -1 0
    outer loop
      vertex 4.358781 1.83 -33.487391
      vertex 4.580904 1.83 -34.893179
      vertex 4.675826 1.83 -33.376453
    endloop
  endfacet
  facet normal 0 -1 -0
    outer loop
      vertex 4.675826 1.83 -33.376453
      vertex 4.580904 1.83 -34.893179
      vertex 4.828903 1.83 -35.064361
    endloop
  endfacet
  facet normal 0 -1 0
    outer loop
      vertex 4.675826 1.83 -33.376453
      vertex 4.828903 1.83 -35.064361
      vertex 4.960235 1.83 -33.197746
    endloop
  endfacet
  facet normal 0 -1 -0
    outer loop
      vertex 4.960235 1.83 -33.197746
      vertex 4.828903 1.83 -35.064361
      vertex 5.02873 1.83 -35.289919
    endloop
  endfacet
  facet normal 0 -1 0
    outer loop
      vertex 4.960235 1.83 -33.197746
      vertex 5.02873 1.83 -35.289919
      vertex 5.197747 1.83 -32.960234
    endloop
  endfacet
  facet normal 0 -1 0
    outer loop
      vertex 5.197747 1.83 -32.960234
      vertex 5.02873 1.83 -35.289919
      vertex 5.168771 1.83 -35.556743
    endloop
  endfacet
  facet normal 0 -1 -0
    outer loop
      vertex 5.197747 1.83 -32.960234
      vertex 5.168771 1.83 -35.556743
      vertex 5.240886 1.83 -35.849328
    endloop
  endfacet
  facet normal 0 -1 0
    outer loop
      vertex 3.374175 1.83 -33.376453
      vertex 3.419096 1.83 -34.893179
      vertex 3.691218 1.83 -33.487391
    endloop
  endfacet
  facet normal 0 -1 -0
    outer loop
      vertex 3.691218 1.83 -33.487391
      vertex 3.419096 1.83 -34.893179
      vertex 3.700855 1.83 -34.786322
    endloop
  endfacet
  facet normal 0 -1 0
    outer loop
      vertex 3.691218 1.83 -33.487391
      vertex 3.700855 1.83 -34.786322
      vertex 4 1.83 -34.749999
    endloop
  endfacet
  facet normal -0 -1 0
    outer loop
      vertex 3.419096 1.83 -34.893179
      vertex 3.374175 1.83 -33.376453
      vertex 3.171097 1.83 -35.064361
    endloop
  endfacet
  facet normal 0 -1 0
    outer loop
      vertex 3.171097 1.83 -35.064361
      vertex 3.374175 1.83 -33.376453
      vertex 3.089765 1.83 -33.197746
    endloop
  endfacet
  facet normal -0 -1 0
    outer loop
      vertex 3.171097 1.83 -35.064361
      vertex 3.089765 1.83 -33.197746
      vertex 2.97127 1.83 -35.289919
    endloop
  endfacet
  facet normal 0 -1 0
    outer loop
      vertex 2.97127 1.83 -35.289919
      vertex 3.089765 1.83 -33.197746
      vertex 2.852253 1.83 -32.960234
    endloop
  endfacet
  facet normal -0 -1 0
    outer loop
      vertex 2.97127 1.83 -35.289919
      vertex 2.852253 1.83 -32.960234
      vertex 2.83123 1.83 -35.556743
    endloop
  endfacet
  facet normal -0 -1 0
    outer loop
      vertex 2.83123 1.83 -35.556743
      vertex 2.852253 1.83 -32.960234
      vertex 2.759114 1.83 -35.849328
    endloop
  endfacet
  facet normal 0 -1 0
    outer loop
      vertex 2.759114 1.83 -35.849328
      vertex 2.852253 1.83 -32.960234
      vertex 2.673547 1.83 -32.675827
    endloop
  endfacet
  facet normal 0 -1 0
    outer loop
      vertex 2.759114 1.83 -35.849328
      vertex 2.673547 1.83 -32.675827
      vertex 2.562608 1.83 -32.358782
    endloop
  endfacet
  facet normal -0 -1 0
    outer loop
      vertex 3.089765 1.83 -30.852253
      vertex 2.97127 1.83 -28.710082
      vertex 2.852253 1.83 -31.089766
    endloop
  endfacet
  facet normal 0 -1 0
    outer loop
      vertex 2.852253 1.83 -31.089766
      vertex 2.97127 1.83 -28.710082
      vertex 2.83123 1.83 -28.443255
    endloop
  endfacet
  facet normal 0 -1 0
    outer loop
      vertex 2.852253 1.83 -31.089766
      vertex 2.83123 1.83 -28.443255
      vertex 2.759114 1.83 -28.150671
    endloop
  endfacet
  facet normal 0 -1 0
    outer loop
      vertex 2.97127 1.83 -28.710082
      vertex 3.089765 1.83 -30.852253
      vertex 3.171097 1.83 -28.935637
    endloop
  endfacet
  facet normal 0 -1 -0
    outer loop
      vertex 3.171097 1.83 -28.935637
      vertex 3.089765 1.83 -30.852253
      vertex 3.374175 1.83 -30.673547
    endloop
  endfacet
  facet normal 0 -1 0
    outer loop
      vertex 3.171097 1.83 -28.935637
      vertex 3.374175 1.83 -30.673547
      vertex 3.419096 1.83 -29.10682
    endloop
  endfacet
  facet normal 0 -1 -0
    outer loop
      vertex 3.419096 1.83 -29.10682
      vertex 3.374175 1.83 -30.673547
      vertex 3.691218 1.83 -30.562608
    endloop
  endfacet
  facet normal 0 -1 0
    outer loop
      vertex 3.419096 1.83 -29.10682
      vertex 3.691218 1.83 -30.562608
      vertex 3.700855 1.83 -29.213676
    endloop
  endfacet
  facet normal 0 -1 -0
    outer loop
      vertex 3.700855 1.83 -29.213676
      vertex 3.691218 1.83 -30.562608
      vertex 4 1.83 -29.25
    endloop
  endfacet
  facet normal 0 -1 -0
    outer loop
      vertex 4 1.83 -29.25
      vertex 3.691218 1.83 -30.562608
      vertex 4.025 1.83 -30.525
    endloop
  endfacet
  facet normal 0 -1 0
    outer loop
      vertex 4 1.83 -29.25
      vertex 4.025 1.83 -30.525
      vertex 4.299144 1.83 -29.213676
    endloop
  endfacet
  facet normal 0 -1 -0
    outer loop
      vertex 4.299144 1.83 -29.213676
      vertex 4.025 1.83 -30.525
      vertex 4.358781 1.83 -30.562608
    endloop
  endfacet
  facet normal 0 -1 0
    outer loop
      vertex 4.299144 1.83 -29.213676
      vertex 4.358781 1.83 -30.562608
      vertex 4.580904 1.83 -29.10682
    endloop
  endfacet
  facet normal 0 -1 -0
    outer loop
      vertex 4.580904 1.83 -29.10682
      vertex 4.358781 1.83 -30.562608
      vertex 4.675826 1.83 -30.673547
    endloop
  endfacet
  facet normal 0 -1 0
    outer loop
      vertex 4.580904 1.83 -29.10682
      vertex 4.675826 1.83 -30.673547
      vertex 4.828903 1.83 -28.935637
    endloop
  endfacet
  facet normal 0 -1 -0
    outer loop
      vertex 4.828903 1.83 -28.935637
      vertex 4.675826 1.83 -30.673547
      vertex 4.960235 1.83 -30.852253
    endloop
  endfacet
  facet normal 0 -1 0
    outer loop
      vertex 4.828903 1.83 -28.935637
      vertex 4.960235 1.83 -30.852253
      vertex 5.02873 1.83 -28.710082
    endloop
  endfacet
  facet normal 0 -1 -0
    outer loop
      vertex 5.02873 1.83 -28.710082
      vertex 4.960235 1.83 -30.852253
      vertex 5.197747 1.83 -31.089766
    endloop
  endfacet
  facet normal 0 -1 0
    outer loop
      vertex 5.02873 1.83 -28.710082
      vertex 5.197747 1.83 -31.089766
      vertex 5.168771 1.83 -28.443255
    endloop
  endfacet
  facet normal 0 -1 0
    outer loop
      vertex 5.168771 1.83 -28.443255
      vertex 5.197747 1.83 -31.089766
      vertex 5.240886 1.83 -28.150671
    endloop
  endfacet
  facet normal 0 -1 -0
    outer loop
      vertex 5.240886 1.83 -28.150671
      vertex 5.197747 1.83 -31.089766
      vertex 5.376453 1.83 -31.374176
    endloop
  endfacet
  facet normal 0 -1 0
    outer loop
      vertex 5.240886 1.83 -28.150671
      vertex 5.376453 1.83 -31.374176
      vertex 5.376453 1.83 -24.675825
    endloop
  endfacet
  facet normal 0 -1 0
    outer loop
      vertex 5.376453 1.83 -24.675825
      vertex 5.376453 1.83 -31.374176
      vertex 5.487392 1.83 -24.35878
    endloop
  endfacet
  facet normal 0 -1 -0
    outer loop
      vertex 5.487392 1.83 -24.35878
      vertex 5.376453 1.83 -31.374176
      vertex 5.487392 1.83 -31.691217
    endloop
  endfacet
  facet normal 0 -1 0
    outer loop
      vertex 5.487392 1.83 -24.35878
      vertex 5.487392 1.83 -31.691217
      vertex 5.525 1.83 -24.024999
    endloop
  endfacet
  facet normal 0 -1 -0
    outer loop
      vertex 5.525 1.83 -24.024999
      vertex 5.487392 1.83 -31.691217
      vertex 5.525 1.83 -32.025001
    endloop
  endfacet
  facet normal 0 -1 0
    outer loop
      vertex 5.525 1.83 -24.024999
      vertex 5.525 1.83 -32.025001
      vertex 6.5 1.83 -1.5
    endloop
  endfacet
  facet normal 0 -1 0
    outer loop
      vertex 5.240886 1.83 -36.15067
      vertex 5.376453 1.83 -32.675827
      vertex 5.240886 1.83 -35.849328
    endloop
  endfacet
  facet normal 0 -1 0
    outer loop
      vertex 5.240886 1.83 -35.849328
      vertex 5.376453 1.83 -32.675827
      vertex 5.197747 1.83 -32.960234
    endloop
  endfacet
  facet normal 0 -1 0
    outer loop
      vertex 3.691218 1.83 -25.487392
      vertex 4 1.83 -26.75
      vertex 4.025 1.83 -25.525
    endloop
  endfacet
  facet normal 0 -1 -0
    outer loop
      vertex 4.025 1.83 -25.525
      vertex 4 1.83 -26.75
      vertex 4.299144 1.83 -26.786323
    endloop
  endfacet
  facet normal 0 -1 0
    outer loop
      vertex 4.025 1.83 -25.525
      vertex 4.299144 1.83 -26.786323
      vertex 4.358781 1.83 -25.487392
    endloop
  endfacet
  facet normal 0 -1 -0
    outer loop
      vertex 4.358781 1.83 -25.487392
      vertex 4.299144 1.83 -26.786323
      vertex 4.580904 1.83 -26.893179
    endloop
  endfacet
  facet normal 0 -1 0
    outer loop
      vertex 4.358781 1.83 -25.487392
      vertex 4.580904 1.83 -26.893179
      vertex 4.675826 1.83 -25.376453
    endloop
  endfacet
  facet normal 0 -1 -0
    outer loop
      vertex 4.675826 1.83 -25.376453
      vertex 4.580904 1.83 -26.893179
      vertex 4.828903 1.83 -27.064362
    endloop
  endfacet
  facet normal 0 -1 0
    outer loop
      vertex 4.675826 1.83 -25.376453
      vertex 4.828903 1.83 -27.064362
      vertex 4.960235 1.83 -25.197747
    endloop
  endfacet
  facet normal 0 -1 -0
    outer loop
      vertex 4.960235 1.83 -25.197747
      vertex 4.828903 1.83 -27.064362
      vertex 5.02873 1.83 -27.28992
    endloop
  endfacet
  facet normal 0 -1 0
    outer loop
      vertex 4.960235 1.83 -25.197747
      vertex 5.02873 1.83 -27.28992
      vertex 5.197747 1.83 -24.960234
    endloop
  endfacet
  facet normal 0 -1 0
    outer loop
      vertex 5.197747 1.83 -24.960234
      vertex 5.02873 1.83 -27.28992
      vertex 5.168771 1.83 -27.556744
    endloop
  endfacet
  facet normal 0 -1 -0
    outer loop
      vertex 5.197747 1.83 -24.960234
      vertex 5.168771 1.83 -27.556744
      vertex 5.240886 1.83 -27.849329
    endloop
  endfacet
  facet normal 0 -1 0
    outer loop
      vertex 3.374175 1.83 -25.376453
      vertex 3.419096 1.83 -26.893179
      vertex 3.691218 1.83 -25.487392
    endloop
  endfacet
  facet normal 0 -1 -0
    outer loop
      vertex 3.691218 1.83 -25.487392
      vertex 3.419096 1.83 -26.893179
      vertex 3.700855 1.83 -26.786323
    endloop
  endfacet
  facet normal 0 -1 0
    outer loop
      vertex 3.691218 1.83 -25.487392
      vertex 3.700855 1.83 -26.786323
      vertex 4 1.83 -26.75
    endloop
  endfacet
  facet normal -0 -1 0
    outer loop
      vertex 3.419096 1.83 -26.893179
      vertex 3.374175 1.83 -25.376453
      vertex 3.171097 1.83 -27.064362
    endloop
  endfacet
  facet normal 0 -1 0
    outer loop
      vertex 3.171097 1.83 -27.064362
      vertex 3.374175 1.83 -25.376453
      vertex 3.089765 1.83 -25.197747
    endloop
  endfacet
  facet normal -0 -1 0
    outer loop
      vertex 3.171097 1.83 -27.064362
      vertex 3.089765 1.83 -25.197747
      vertex 2.97127 1.83 -27.28992
    endloop
  endfacet
  facet normal 0 -1 0
    outer loop
      vertex 2.97127 1.83 -27.28992
      vertex 3.089765 1.83 -25.197747
      vertex 2.852253 1.83 -24.960234
    endloop
  endfacet
  facet normal -0 -1 0
    outer loop
      vertex 2.97127 1.83 -27.28992
      vertex 2.852253 1.83 -24.960234
      vertex 2.83123 1.83 -27.556744
    endloop
  endfacet
  facet normal -0 -1 0
    outer loop
      vertex 2.83123 1.83 -27.556744
      vertex 2.852253 1.83 -24.960234
      vertex 2.759114 1.83 -27.849329
    endloop
  endfacet
  facet normal 0 -1 0
    outer loop
      vertex 2.759114 1.83 -27.849329
      vertex 2.852253 1.83 -24.960234
      vertex 2.673547 1.83 -24.675825
    endloop
  endfacet
  facet normal 0 -1 0
    outer loop
      vertex 2.759114 1.83 -27.849329
      vertex 2.673547 1.83 -24.675825
      vertex 2.562608 1.83 -24.35878
    endloop
  endfacet
  facet normal -0 -1 0
    outer loop
      vertex 2.562608 1.83 -23.691218
      vertex 2.562608 1.83 -16.358781
      vertex 2.525 1.83 -24.024999
    endloop
  endfacet
  facet normal 0 -1 0
    outer loop
      vertex 2.525 1.83 -24.024999
      vertex 2.562608 1.83 -16.358781
      vertex 2.525 1.83 -16.025
    endloop
  endfacet
  facet normal 0 -1 0
    outer loop
      vertex 2.525 1.83 -24.024999
      vertex 2.525 1.83 -16.025
      vertex 1.5 1.83 -1.5
    endloop
  endfacet
  facet normal 0 -1 0
    outer loop
      vertex 1.5 1.83 -1.5
      vertex 2.525 1.83 -16.025
      vertex 2.525 1.83 -8.025
    endloop
  endfacet
  facet normal 0 -1 0
    outer loop
      vertex 1.5 1.83 -1.5
      vertex 2.525 1.83 -8.025
      vertex 2.759114 1.83 -3.849329
    endloop
  endfacet
  facet normal 0 -1 0
    outer loop
      vertex 2.759114 1.83 -3.849329
      vertex 2.525 1.83 -8.025
      vertex 2.562608 1.83 -7.691219
    endloop
  endfacet
  facet normal 0 -1 -0
    outer loop
      vertex 2.759114 1.83 -3.849329
      vertex 2.562608 1.83 -7.691219
      vertex 2.759114 1.83 -4.150671
    endloop
  endfacet
  facet normal 0 -1 0
    outer loop
      vertex 2.759114 1.83 -4.150671
      vertex 2.562608 1.83 -7.691219
      vertex 2.673547 1.83 -7.374175
    endloop
  endfacet
  facet normal 0 -1 -0
    outer loop
      vertex 2.759114 1.83 -4.150671
      vertex 2.673547 1.83 -7.374175
      vertex 2.852253 1.83 -7.089765
    endloop
  endfacet
  facet normal 0 -1 0
    outer loop
      vertex 2.562608 1.83 -16.358781
      vertex 2.562608 1.83 -23.691218
      vertex 2.759114 1.83 -20.150671
    endloop
  endfacet
  facet normal 0 -1 0
    outer loop
      vertex 2.759114 1.83 -20.150671
      vertex 2.562608 1.83 -23.691218
      vertex 2.673547 1.83 -23.374174
    endloop
  endfacet
  facet normal 0 -1 -0
    outer loop
      vertex 2.759114 1.83 -20.150671
      vertex 2.673547 1.83 -23.374174
      vertex 2.852253 1.83 -23.089764
    endloop
  endfacet
  facet normal -0 -1 0
    outer loop
      vertex 3.089765 1.83 -22.852254
      vertex 2.97127 1.83 -20.710082
      vertex 2.852253 1.83 -23.089764
    endloop
  endfacet
  facet normal 0 -1 0
    outer loop
      vertex 2.852253 1.83 -23.089764
      vertex 2.97127 1.83 -20.710082
      vertex 2.83123 1.83 -20.443256
    endloop
  endfacet
  facet normal 0 -1 0
    outer loop
      vertex 2.852253 1.83 -23.089764
      vertex 2.83123 1.83 -20.443256
      vertex 2.759114 1.83 -20.150671
    endloop
  endfacet
  facet normal 0 -1 0
    outer loop
      vertex 2.97127 1.83 -20.710082
      vertex 3.089765 1.83 -22.852254
      vertex 3.171097 1.83 -20.935638
    endloop
  endfacet
  facet normal 0 -1 -0
    outer loop
      vertex 3.171097 1.83 -20.935638
      vertex 3.089765 1.83 -22.852254
      vertex 3.374175 1.83 -22.673547
    endloop
  endfacet
  facet normal 0 -1 0
    outer loop
      vertex 3.171097 1.83 -20.935638
      vertex 3.374175 1.83 -22.673547
      vertex 3.419096 1.83 -21.10682
    endloop
  endfacet
  facet normal 0 -1 -0
    outer loop
      vertex 3.419096 1.83 -21.10682
      vertex 3.374175 1.83 -22.673547
      vertex 3.691218 1.83 -22.562609
    endloop
  endfacet
  facet normal 0 -1 0
    outer loop
      vertex 3.419096 1.83 -21.10682
      vertex 3.691218 1.83 -22.562609
      vertex 3.700855 1.83 -21.213677
    endloop
  endfacet
  facet normal 0 -1 -0
    outer loop
      vertex 3.700855 1.83 -21.213677
      vertex 3.691218 1.83 -22.562609
      vertex 4 1.83 -21.25
    endloop
  endfacet
  facet normal 0 -1 -0
    outer loop
      vertex 4 1.83 -21.25
      vertex 3.691218 1.83 -22.562609
      vertex 4.025 1.83 -22.525001
    endloop
  endfacet
  facet normal 0 -1 0
    outer loop
      vertex 4 1.83 -21.25
      vertex 4.025 1.83 -22.525001
      vertex 4.299144 1.83 -21.213677
    endloop
  endfacet
  facet normal 0 -1 -0
    outer loop
      vertex 4.299144 1.83 -21.213677
      vertex 4.025 1.83 -22.525001
      vertex 4.358781 1.83 -22.562609
    endloop
  endfacet
  facet normal 0 -1 0
    outer loop
      vertex 4.299144 1.83 -21.213677
      vertex 4.358781 1.83 -22.562609
      vertex 4.580904 1.83 -21.10682
    endloop
  endfacet
  facet normal 0 -1 -0
    outer loop
      vertex 4.580904 1.83 -21.10682
      vertex 4.358781 1.83 -22.562609
      vertex 4.675826 1.83 -22.673547
    endloop
  endfacet
  facet normal 0 -1 0
    outer loop
      vertex 4.580904 1.83 -21.10682
      vertex 4.675826 1.83 -22.673547
      vertex 4.828903 1.83 -20.935638
    endloop
  endfacet
  facet normal 0 -1 -0
    outer loop
      vertex 4.828903 1.83 -20.935638
      vertex 4.675826 1.83 -22.673547
      vertex 4.960235 1.83 -22.852254
    endloop
  endfacet
  facet normal 0 -1 0
    outer loop
      vertex 4.828903 1.83 -20.935638
      vertex 4.960235 1.83 -22.852254
      vertex 5.02873 1.83 -20.710082
    endloop
  endfacet
  facet normal 0 -1 -0
    outer loop
      vertex 5.02873 1.83 -20.710082
      vertex 4.960235 1.83 -22.852254
      vertex 5.197747 1.83 -23.089764
    endloop
  endfacet
  facet normal 0 -1 0
    outer loop
      vertex 5.02873 1.83 -20.710082
      vertex 5.197747 1.83 -23.089764
      vertex 5.168771 1.83 -20.443256
    endloop
  endfacet
  facet normal 0 -1 0
    outer loop
      vertex 5.168771 1.83 -20.443256
      vertex 5.197747 1.83 -23.089764
      vertex 5.240886 1.83 -20.150671
    endloop
  endfacet
  facet normal 0 -1 -0
    outer loop
      vertex 5.240886 1.83 -20.150671
      vertex 5.197747 1.83 -23.089764
      vertex 5.376453 1.83 -23.374174
    endloop
  endfacet
  facet normal 0 -1 0
    outer loop
      vertex 5.240886 1.83 -20.150671
      vertex 5.376453 1.83 -23.374174
      vertex 5.376453 1.83 -16.675825
    endloop
  endfacet
  facet normal 0 -1 0
    outer loop
      vertex 5.376453 1.83 -16.675825
      vertex 5.376453 1.83 -23.374174
      vertex 5.487392 1.83 -16.358781
    endloop
  endfacet
  facet normal 0 -1 -0
    outer loop
      vertex 5.487392 1.83 -16.358781
      vertex 5.376453 1.83 -23.374174
      vertex 5.487392 1.83 -23.691218
    endloop
  endfacet
  facet normal 0 -1 0
    outer loop
      vertex 5.487392 1.83 -16.358781
      vertex 5.487392 1.83 -23.691218
      vertex 5.525 1.83 -16.025
    endloop
  endfacet
  facet normal 0 -1 -0
    outer loop
      vertex 5.525 1.83 -16.025
      vertex 5.487392 1.83 -23.691218
      vertex 5.525 1.83 -24.024999
    endloop
  endfacet
  facet normal 0 -1 0
    outer loop
      vertex 5.525 1.83 -16.025
      vertex 5.525 1.83 -24.024999
      vertex 6.5 1.83 -1.5
    endloop
  endfacet
  facet normal 0 -1 0
    outer loop
      vertex 5.240886 1.83 -28.150671
      vertex 5.376453 1.83 -24.675825
      vertex 5.240886 1.83 -27.849329
    endloop
  endfacet
  facet normal 0 -1 0
    outer loop
      vertex 5.240886 1.83 -27.849329
      vertex 5.376453 1.83 -24.675825
      vertex 5.197747 1.83 -24.960234
    endloop
  endfacet
  facet normal 0 -1 0
    outer loop
      vertex 3.691218 1.83 -17.487392
      vertex 4 1.83 -18.75
      vertex 4.025 1.83 -17.525001
    endloop
  endfacet
  facet normal 0 -1 -0
    outer loop
      vertex 4.025 1.83 -17.525001
      vertex 4 1.83 -18.75
      vertex 4.299144 1.83 -18.786323
    endloop
  endfacet
  facet normal 0 -1 0
    outer loop
      vertex 4.025 1.83 -17.525001
      vertex 4.299144 1.83 -18.786323
      vertex 4.358781 1.83 -17.487392
    endloop
  endfacet
  facet normal 0 -1 -0
    outer loop
      vertex 4.358781 1.83 -17.487392
      vertex 4.299144 1.83 -18.786323
      vertex 4.580904 1.83 -18.89318
    endloop
  endfacet
  facet normal 0 -1 0
    outer loop
      vertex 4.358781 1.83 -17.487392
      vertex 4.580904 1.83 -18.89318
      vertex 4.675826 1.83 -17.376454
    endloop
  endfacet
  facet normal 0 -1 -0
    outer loop
      vertex 4.675826 1.83 -17.376454
      vertex 4.580904 1.83 -18.89318
      vertex 4.828903 1.83 -19.064362
    endloop
  endfacet
  facet normal 0 -1 0
    outer loop
      vertex 4.675826 1.83 -17.376454
      vertex 4.828903 1.83 -19.064362
      vertex 4.960235 1.83 -17.197747
    endloop
  endfacet
  facet normal 0 -1 -0
    outer loop
      vertex 4.960235 1.83 -17.197747
      vertex 4.828903 1.83 -19.064362
      vertex 5.02873 1.83 -19.289919
    endloop
  endfacet
  facet normal 0 -1 0
    outer loop
      vertex 4.960235 1.83 -17.197747
      vertex 5.02873 1.83 -19.289919
      vertex 5.197747 1.83 -16.960235
    endloop
  endfacet
  facet normal 0 -1 0
    outer loop
      vertex 5.197747 1.83 -16.960235
      vertex 5.02873 1.83 -19.289919
      vertex 5.168771 1.83 -19.556744
    endloop
  endfacet
  facet normal 0 -1 -0
    outer loop
      vertex 5.197747 1.83 -16.960235
      vertex 5.168771 1.83 -19.556744
      vertex 5.240886 1.83 -19.849329
    endloop
  endfacet
  facet normal 0 -1 0
    outer loop
      vertex 3.374175 1.83 -17.376454
      vertex 3.419096 1.83 -18.89318
      vertex 3.691218 1.83 -17.487392
    endloop
  endfacet
  facet normal 0 -1 -0
    outer loop
      vertex 3.691218 1.83 -17.487392
      vertex 3.419096 1.83 -18.89318
      vertex 3.700855 1.83 -18.786323
    endloop
  endfacet
  facet normal 0 -1 0
    outer loop
      vertex 3.691218 1.83 -17.487392
      vertex 3.700855 1.83 -18.786323
      vertex 4 1.83 -18.75
    endloop
  endfacet
  facet normal -0 -1 0
    outer loop
      vertex 3.419096 1.83 -18.89318
      vertex 3.374175 1.83 -17.376454
      vertex 3.171097 1.83 -19.064362
    endloop
  endfacet
  facet normal 0 -1 0
    outer loop
      vertex 3.171097 1.83 -19.064362
      vertex 3.374175 1.83 -17.376454
      vertex 3.089765 1.83 -17.197747
    endloop
  endfacet
  facet normal -0 -1 0
    outer loop
      vertex 3.171097 1.83 -19.064362
      vertex 3.089765 1.83 -17.197747
      vertex 2.97127 1.83 -19.289919
    endloop
  endfacet
  facet normal 0 -1 0
    outer loop
      vertex 2.97127 1.83 -19.289919
      vertex 3.089765 1.83 -17.197747
      vertex 2.852253 1.83 -16.960235
    endloop
  endfacet
  facet normal -0 -1 0
    outer loop
      vertex 2.97127 1.83 -19.289919
      vertex 2.852253 1.83 -16.960235
      vertex 2.83123 1.83 -19.556744
    endloop
  endfacet
  facet normal -0 -1 0
    outer loop
      vertex 2.83123 1.83 -19.556744
      vertex 2.852253 1.83 -16.960235
      vertex 2.759114 1.83 -19.849329
    endloop
  endfacet
  facet normal 0 -1 0
    outer loop
      vertex 2.759114 1.83 -19.849329
      vertex 2.852253 1.83 -16.960235
      vertex 2.673547 1.83 -16.675825
    endloop
  endfacet
  facet normal 0 -1 0
    outer loop
      vertex 2.759114 1.83 -19.849329
      vertex 2.673547 1.83 -16.675825
      vertex 2.562608 1.83 -16.358781
    endloop
  endfacet
  facet normal 0 -1 0
    outer loop
      vertex 2.525 1.83 -8.025
      vertex 2.525 1.83 -16.025
      vertex 2.562608 1.83 -8.358781
    endloop
  endfacet
  facet normal 0 -1 -0
    outer loop
      vertex 2.562608 1.83 -8.358781
      vertex 2.525 1.83 -16.025
      vertex 2.562608 1.83 -15.691218
    endloop
  endfacet
  facet normal 0 -1 0
    outer loop
      vertex 2.562608 1.83 -8.358781
      vertex 2.562608 1.83 -15.691218
      vertex 2.759114 1.83 -12.15067
    endloop
  endfacet
  facet normal 0 -1 0
    outer loop
      vertex 2.759114 1.83 -12.15067
      vertex 2.562608 1.83 -15.691218
      vertex 2.673547 1.83 -15.374174
    endloop
  endfacet
  facet normal 0 -1 -0
    outer loop
      vertex 2.759114 1.83 -12.15067
      vertex 2.673547 1.83 -15.374174
      vertex 2.852253 1.83 -15.089766
    endloop
  endfacet
  facet normal -0 -1 0
    outer loop
      vertex 3.089765 1.83 -14.852253
      vertex 2.97127 1.83 -12.710081
      vertex 2.852253 1.83 -15.089766
    endloop
  endfacet
  facet normal 0 -1 0
    outer loop
      vertex 2.852253 1.83 -15.089766
      vertex 2.97127 1.83 -12.710081
      vertex 2.83123 1.83 -12.443256
    endloop
  endfacet
  facet normal 0 -1 0
    outer loop
      vertex 2.852253 1.83 -15.089766
      vertex 2.83123 1.83 -12.443256
      vertex 2.759114 1.83 -12.15067
    endloop
  endfacet
  facet normal 0 -1 0
    outer loop
      vertex 2.97127 1.83 -12.710081
      vertex 3.089765 1.83 -14.852253
      vertex 3.171097 1.83 -12.935638
    endloop
  endfacet
  facet normal 0 -1 -0
    outer loop
      vertex 3.171097 1.83 -12.935638
      vertex 3.089765 1.83 -14.852253
      vertex 3.374175 1.83 -14.673547
    endloop
  endfacet
  facet normal 0 -1 0
    outer loop
      vertex 3.171097 1.83 -12.935638
      vertex 3.374175 1.83 -14.673547
      vertex 3.419096 1.83 -13.106821
    endloop
  endfacet
  facet normal 0 -1 -0
    outer loop
      vertex 3.419096 1.83 -13.106821
      vertex 3.374175 1.83 -14.673547
      vertex 3.691218 1.83 -14.562608
    endloop
  endfacet
  facet normal 0 -1 0
    outer loop
      vertex 3.419096 1.83 -13.106821
      vertex 3.691218 1.83 -14.562608
      vertex 3.700855 1.83 -13.213677
    endloop
  endfacet
  facet normal 0 -1 -0
    outer loop
      vertex 3.700855 1.83 -13.213677
      vertex 3.691218 1.83 -14.562608
      vertex 4 1.83 -13.25
    endloop
  endfacet
  facet normal 0 -1 -0
    outer loop
      vertex 4 1.83 -13.25
      vertex 3.691218 1.83 -14.562608
      vertex 4.025 1.83 -14.525
    endloop
  endfacet
  facet normal 0 -1 0
    outer loop
      vertex 4 1.83 -13.25
      vertex 4.025 1.83 -14.525
      vertex 4.299144 1.83 -13.213677
    endloop
  endfacet
  facet normal 0 -1 -0
    outer loop
      vertex 4.299144 1.83 -13.213677
      vertex 4.025 1.83 -14.525
      vertex 4.358781 1.83 -14.562608
    endloop
  endfacet
  facet normal 0 -1 0
    outer loop
      vertex 4.299144 1.83 -13.213677
      vertex 4.358781 1.83 -14.562608
      vertex 4.580904 1.83 -13.106821
    endloop
  endfacet
  facet normal 0 -1 -0
    outer loop
      vertex 4.580904 1.83 -13.106821
      vertex 4.358781 1.83 -14.562608
      vertex 4.675826 1.83 -14.673547
    endloop
  endfacet
  facet normal 0 -1 0
    outer loop
      vertex 4.580904 1.83 -13.106821
      vertex 4.675826 1.83 -14.673547
      vertex 4.828903 1.83 -12.935638
    endloop
  endfacet
  facet normal 0 -1 -0
    outer loop
      vertex 4.828903 1.83 -12.935638
      vertex 4.675826 1.83 -14.673547
      vertex 4.960235 1.83 -14.852253
    endloop
  endfacet
  facet normal 0 -1 0
    outer loop
      vertex 4.828903 1.83 -12.935638
      vertex 4.960235 1.83 -14.852253
      vertex 5.02873 1.83 -12.710081
    endloop
  endfacet
  facet normal 0 -1 -0
    outer loop
      vertex 5.02873 1.83 -12.710081
      vertex 4.960235 1.83 -14.852253
      vertex 5.197747 1.83 -15.089766
    endloop
  endfacet
  facet normal 0 -1 0
    outer loop
      vertex 5.02873 1.83 -12.710081
      vertex 5.197747 1.83 -15.089766
      vertex 5.168771 1.83 -12.443256
    endloop
  endfacet
  facet normal 0 -1 0
    outer loop
      vertex 5.168771 1.83 -12.443256
      vertex 5.197747 1.83 -15.089766
      vertex 5.240886 1.83 -12.15067
    endloop
  endfacet
  facet normal 0 -1 -0
    outer loop
      vertex 5.240886 1.83 -12.15067
      vertex 5.197747 1.83 -15.089766
      vertex 5.376453 1.83 -15.374174
    endloop
  endfacet
  facet normal 0 -1 0
    outer loop
      vertex 5.240886 1.83 -12.15067
      vertex 5.376453 1.83 -15.374174
      vertex 5.376453 1.83 -8.675826
    endloop
  endfacet
  facet normal 0 -1 0
    outer loop
      vertex 5.376453 1.83 -8.675826
      vertex 5.376453 1.83 -15.374174
      vertex 5.487392 1.83 -8.358781
    endloop
  endfacet
  facet normal 0 -1 -0
    outer loop
      vertex 5.487392 1.83 -8.358781
      vertex 5.376453 1.83 -15.374174
      vertex 5.487392 1.83 -15.691218
    endloop
  endfacet
  facet normal 0 -1 0
    outer loop
      vertex 5.487392 1.83 -8.358781
      vertex 5.487392 1.83 -15.691218
      vertex 5.525 1.83 -8.025
    endloop
  endfacet
  facet normal 0 -1 -0
    outer loop
      vertex 5.525 1.83 -8.025
      vertex 5.487392 1.83 -15.691218
      vertex 5.525 1.83 -16.025
    endloop
  endfacet
  facet normal 0 -1 0
    outer loop
      vertex 5.525 1.83 -8.025
      vertex 5.525 1.83 -16.025
      vertex 6.5 1.83 -1.5
    endloop
  endfacet
  facet normal 0 -1 0
    outer loop
      vertex 5.240886 1.83 -20.150671
      vertex 5.376453 1.83 -16.675825
      vertex 5.240886 1.83 -19.849329
    endloop
  endfacet
  facet normal 0 -1 0
    outer loop
      vertex 5.240886 1.83 -19.849329
      vertex 5.376453 1.83 -16.675825
      vertex 5.197747 1.83 -16.960235
    endloop
  endfacet
  facet normal 0 -1 0
    outer loop
      vertex 3.691218 1.83 -9.487392
      vertex 4 1.83 -10.75
      vertex 4.025 1.83 -9.525
    endloop
  endfacet
  facet normal 0 -1 -0
    outer loop
      vertex 4.025 1.83 -9.525
      vertex 4 1.83 -10.75
      vertex 4.299144 1.83 -10.786322
    endloop
  endfacet
  facet normal 0 -1 0
    outer loop
      vertex 4.025 1.83 -9.525
      vertex 4.299144 1.83 -10.786322
      vertex 4.358781 1.83 -9.487392
    endloop
  endfacet
  facet normal 0 -1 -0
    outer loop
      vertex 4.358781 1.83 -9.487392
      vertex 4.299144 1.83 -10.786322
      vertex 4.580904 1.83 -10.89318
    endloop
  endfacet
  facet normal 0 -1 0
    outer loop
      vertex 4.358781 1.83 -9.487392
      vertex 4.580904 1.83 -10.89318
      vertex 4.675826 1.83 -9.376453
    endloop
  endfacet
  facet normal 0 -1 -0
    outer loop
      vertex 4.675826 1.83 -9.376453
      vertex 4.580904 1.83 -10.89318
      vertex 4.828903 1.83 -11.064361
    endloop
  endfacet
  facet normal 0 -1 0
    outer loop
      vertex 4.675826 1.83 -9.376453
      vertex 4.828903 1.83 -11.064361
      vertex 4.960235 1.83 -9.197747
    endloop
  endfacet
  facet normal 0 -1 -0
    outer loop
      vertex 4.960235 1.83 -9.197747
      vertex 4.828903 1.83 -11.064361
      vertex 5.02873 1.83 -11.28992
    endloop
  endfacet
  facet normal 0 -1 0
    outer loop
      vertex 4.960235 1.83 -9.197747
      vertex 5.02873 1.83 -11.28992
      vertex 5.197747 1.83 -8.960235
    endloop
  endfacet
  facet normal 0 -1 0
    outer loop
      vertex 5.197747 1.83 -8.960235
      vertex 5.02873 1.83 -11.28992
      vertex 5.168771 1.83 -11.556743
    endloop
  endfacet
  facet normal 0 -1 -0
    outer loop
      vertex 5.197747 1.83 -8.960235
      vertex 5.168771 1.83 -11.556743
      vertex 5.240886 1.83 -11.849329
    endloop
  endfacet
  facet normal 0 -1 0
    outer loop
      vertex 3.374175 1.83 -9.376453
      vertex 3.419096 1.83 -10.89318
      vertex 3.691218 1.83 -9.487392
    endloop
  endfacet
  facet normal 0 -1 -0
    outer loop
      vertex 3.691218 1.83 -9.487392
      vertex 3.419096 1.83 -10.89318
      vertex 3.700855 1.83 -10.786322
    endloop
  endfacet
  facet normal 0 -1 0
    outer loop
      vertex 3.691218 1.83 -9.487392
      vertex 3.700855 1.83 -10.786322
      vertex 4 1.83 -10.75
    endloop
  endfacet
  facet normal -0 -1 0
    outer loop
      vertex 3.419096 1.83 -10.89318
      vertex 3.374175 1.83 -9.376453
      vertex 3.171097 1.83 -11.064361
    endloop
  endfacet
  facet normal 0 -1 0
    outer loop
      vertex 3.171097 1.83 -11.064361
      vertex 3.374175 1.83 -9.376453
      vertex 3.089765 1.83 -9.197747
    endloop
  endfacet
  facet normal -0 -1 0
    outer loop
      vertex 3.171097 1.83 -11.064361
      vertex 3.089765 1.83 -9.197747
      vertex 2.97127 1.83 -11.28992
    endloop
  endfacet
  facet normal 0 -1 0
    outer loop
      vertex 2.97127 1.83 -11.28992
      vertex 3.089765 1.83 -9.197747
      vertex 2.852253 1.83 -8.960235
    endloop
  endfacet
  facet normal -0 -1 0
    outer loop
      vertex 2.97127 1.83 -11.28992
      vertex 2.852253 1.83 -8.960235
      vertex 2.83123 1.83 -11.556743
    endloop
  endfacet
  facet normal -0 -1 0
    outer loop
      vertex 2.83123 1.83 -11.556743
      vertex 2.852253 1.83 -8.960235
      vertex 2.759114 1.83 -11.849329
    endloop
  endfacet
  facet normal 0 -1 0
    outer loop
      vertex 2.759114 1.83 -11.849329
      vertex 2.852253 1.83 -8.960235
      vertex 2.673547 1.83 -8.675826
    endloop
  endfacet
  facet normal 0 -1 0
    outer loop
      vertex 2.759114 1.83 -11.849329
      vertex 2.673547 1.83 -8.675826
      vertex 2.562608 1.83 -8.358781
    endloop
  endfacet
  facet normal -0 -1 0
    outer loop
      vertex 3.089765 1.83 -6.852252
      vertex 2.97127 1.83 -4.710081
      vertex 2.852253 1.83 -7.089765
    endloop
  endfacet
  facet normal 0 -1 0
    outer loop
      vertex 2.852253 1.83 -7.089765
      vertex 2.97127 1.83 -4.710081
      vertex 2.83123 1.83 -4.443256
    endloop
  endfacet
  facet normal 0 -1 0
    outer loop
      vertex 2.852253 1.83 -7.089765
      vertex 2.83123 1.83 -4.443256
      vertex 2.759114 1.83 -4.150671
    endloop
  endfacet
  facet normal 0 -1 0
    outer loop
      vertex 2.97127 1.83 -4.710081
      vertex 3.089765 1.83 -6.852252
      vertex 3.171097 1.83 -4.935638
    endloop
  endfacet
  facet normal 0 -1 -0
    outer loop
      vertex 3.171097 1.83 -4.935638
      vertex 3.089765 1.83 -6.852252
      vertex 3.374175 1.83 -6.673546
    endloop
  endfacet
  facet normal 0 -1 0
    outer loop
      vertex 3.171097 1.83 -4.935638
      vertex 3.374175 1.83 -6.673546
      vertex 3.419096 1.83 -5.10682
    endloop
  endfacet
  facet normal 0 -1 -0
    outer loop
      vertex 3.419096 1.83 -5.10682
      vertex 3.374175 1.83 -6.673546
      vertex 3.691218 1.83 -6.562608
    endloop
  endfacet
  facet normal 0 -1 0
    outer loop
      vertex 3.419096 1.83 -5.10682
      vertex 3.691218 1.83 -6.562608
      vertex 3.700855 1.83 -5.213677
    endloop
  endfacet
  facet normal 0 -1 -0
    outer loop
      vertex 3.700855 1.83 -5.213677
      vertex 3.691218 1.83 -6.562608
      vertex 4 1.83 -5.25
    endloop
  endfacet
  facet normal 0 -1 -0
    outer loop
      vertex 4 1.83 -5.25
      vertex 3.691218 1.83 -6.562608
      vertex 4.025 1.83 -6.525
    endloop
  endfacet
  facet normal 0 -1 0
    outer loop
      vertex 4 1.83 -5.25
      vertex 4.025 1.83 -6.525
      vertex 4.299144 1.83 -5.213677
    endloop
  endfacet
  facet normal 0 -1 -0
    outer loop
      vertex 4.299144 1.83 -5.213677
      vertex 4.025 1.83 -6.525
      vertex 4.358781 1.83 -6.562608
    endloop
  endfacet
  facet normal 0 -1 0
    outer loop
      vertex 4.299144 1.83 -5.213677
      vertex 4.358781 1.83 -6.562608
      vertex 4.580904 1.83 -5.10682
    endloop
  endfacet
  facet normal 0 -1 -0
    outer loop
      vertex 4.580904 1.83 -5.10682
      vertex 4.358781 1.83 -6.562608
      vertex 4.675826 1.83 -6.673546
    endloop
  endfacet
  facet normal 0 -1 0
    outer loop
      vertex 4.580904 1.83 -5.10682
      vertex 4.675826 1.83 -6.673546
      vertex 4.828903 1.83 -4.935638
    endloop
  endfacet
  facet normal 0 -1 -0
    outer loop
      vertex 4.828903 1.83 -4.935638
      vertex 4.675826 1.83 -6.673546
      vertex 4.960235 1.83 -6.852252
    endloop
  endfacet
  facet normal 0 -1 0
    outer loop
      vertex 4.828903 1.83 -4.935638
      vertex 4.960235 1.83 -6.852252
      vertex 5.02873 1.83 -4.710081
    endloop
  endfacet
  facet normal 0 -1 -0
    outer loop
      vertex 5.02873 1.83 -4.710081
      vertex 4.960235 1.83 -6.852252
      vertex 5.197747 1.83 -7.089765
    endloop
  endfacet
  facet normal 0 -1 0
    outer loop
      vertex 5.02873 1.83 -4.710081
      vertex 5.197747 1.83 -7.089765
      vertex 5.168771 1.83 -4.443256
    endloop
  endfacet
  facet normal 0 -1 0
    outer loop
      vertex 5.168771 1.83 -4.443256
      vertex 5.197747 1.83 -7.089765
      vertex 5.240886 1.83 -4.150671
    endloop
  endfacet
  facet normal 0 -1 -0
    outer loop
      vertex 5.240886 1.83 -4.150671
      vertex 5.197747 1.83 -7.089765
      vertex 5.376453 1.83 -7.374175
    endloop
  endfacet
  facet normal 0 -1 0
    outer loop
      vertex 5.240886 1.83 -4.150671
      vertex 5.376453 1.83 -7.374175
      vertex 5.487392 1.83 -7.691219
    endloop
  endfacet
  facet normal 0 -1 0
    outer loop
      vertex 5.525 1.83 -8.025
      vertex 6.5 1.83 -1.5
      vertex 5.487392 1.83 -7.691219
    endloop
  endfacet
  facet normal 0 -1 0
    outer loop
      vertex 5.487392 1.83 -7.691219
      vertex 6.5 1.83 -1.5
      vertex 5.240886 1.83 -3.849329
    endloop
  endfacet
  facet normal 0 -1 0
    outer loop
      vertex 5.487392 1.83 -7.691219
      vertex 5.240886 1.83 -3.849329
      vertex 5.240886 1.83 -4.150671
    endloop
  endfacet
  facet normal 0 -1 0
    outer loop
      vertex 5.240886 1.83 -12.15067
      vertex 5.376453 1.83 -8.675826
      vertex 5.240886 1.83 -11.849329
    endloop
  endfacet
  facet normal 0 -1 0
    outer loop
      vertex 5.240886 1.83 -11.849329
      vertex 5.376453 1.83 -8.675826
      vertex 5.197747 1.83 -8.960235
    endloop
  endfacet
  facet normal -0 -1 0
    outer loop
      vertex 3.419096 1.83 -77.106819
      vertex 3.171097 1.83 -76.935639
      vertex 1.5 1.83 -78.499999
    endloop
  endfacet
  facet normal 0 -1 0
    outer loop
      vertex 1.5 1.83 -78.499999
      vertex 3.171097 1.83 -76.935639
      vertex 2.97127 1.83 -76.710081
    endloop
  endfacet
  facet normal 0 -1 0
    outer loop
      vertex 1.5 1.83 -78.499999
      vertex 2.97127 1.83 -76.710081
      vertex 2.83123 1.83 -76.443257
    endloop
  endfacet
  facet normal -0 -1 0
    outer loop
      vertex 2.83123 1.83 -76.443257
      vertex 2.759114 1.83 -76.15067
      vertex 1.5 1.83 -78.499999
    endloop
  endfacet
  facet normal 0 -1 -0
    outer loop
      vertex 5.240886 1.83 -76.15067
      vertex 5.168771 1.83 -76.443257
      vertex 6.5 1.83 -78.499999
    endloop
  endfacet
  facet normal 0 -1 0
    outer loop
      vertex 6.5 1.83 -78.499999
      vertex 5.168771 1.83 -76.443257
      vertex 5.02873 1.83 -76.710081
    endloop
  endfacet
  facet normal 0 -1 0
    outer loop
      vertex 6.5 1.83 -78.499999
      vertex 5.02873 1.83 -76.710081
      vertex 4.828903 1.83 -76.935639
    endloop
  endfacet
  facet normal 0 -1 -0
    outer loop
      vertex 4.828903 1.83 -76.935639
      vertex 4.580904 1.83 -77.106819
      vertex 6.5 1.83 -78.499999
    endloop
  endfacet
  facet normal 0 -1 0
    outer loop
      vertex 6.5 1.83 -78.499999
      vertex 4.580904 1.83 -77.106819
      vertex 4.299144 1.83 -77.213678
    endloop
  endfacet
  facet normal 0 -1 0
    outer loop
      vertex 6.5 1.83 -78.499999
      vertex 4.299144 1.83 -77.213678
      vertex 4 1.83 -77.249999
    endloop
  endfacet
  facet normal 0 -1 0
    outer loop
      vertex 2.759114 1.83 -68.150673
      vertex 2.759114 1.83 -67.849331
      vertex 2.562608 1.83 -64.358783
    endloop
  endfacet
  facet normal 0 -1 0
    outer loop
      vertex 2.759114 1.83 -60.150671
      vertex 2.759114 1.83 -59.849329
      vertex 2.562608 1.83 -56.358781
    endloop
  endfacet
  facet normal 0 -1 0
    outer loop
      vertex 2.759114 1.83 -52.150669
      vertex 2.759114 1.83 -51.849327
      vertex 2.562608 1.83 -48.358784
    endloop
  endfacet
  facet normal 0 -1 0
    outer loop
      vertex 2.759114 1.83 -44.150672
      vertex 2.759114 1.83 -43.84933
      vertex 2.562608 1.83 -40.358782
    endloop
  endfacet
  facet normal 0 -1 0
    outer loop
      vertex 2.759114 1.83 -28.150671
      vertex 2.759114 1.83 -27.849329
      vertex 2.562608 1.83 -24.35878
    endloop
  endfacet
  facet normal 0 -1 0
    outer loop
      vertex 2.759114 1.83 -20.150671
      vertex 2.759114 1.83 -19.849329
      vertex 2.562608 1.83 -16.358781
    endloop
  endfacet
  facet normal 0 -1 0
    outer loop
      vertex 2.759114 1.83 -12.15067
      vertex 2.759114 1.83 -11.849329
      vertex 2.562608 1.83 -8.358781
    endloop
  endfacet
  facet normal 0 -1 0
    outer loop
      vertex 2.759114 1.83 -36.15067
      vertex 2.759114 1.83 -35.849328
      vertex 2.562608 1.83 -32.358782
    endloop
  endfacet
  facet normal 0 -1 0
    outer loop
      vertex 2.759114 1.83 -3.849329
      vertex 2.83123 1.83 -3.556744
      vertex 1.5 1.83 -1.5
    endloop
  endfacet
  facet normal 0 -1 0
    outer loop
      vertex 1.5 1.83 -1.5
      vertex 2.83123 1.83 -3.556744
      vertex 2.97127 1.83 -3.289919
    endloop
  endfacet
  facet normal 0 -1 0
    outer loop
      vertex 1.5 1.83 -1.5
      vertex 2.97127 1.83 -3.289919
      vertex 3.171097 1.83 -3.064362
    endloop
  endfacet
  facet normal 0 -1 0
    outer loop
      vertex 3.171097 1.83 -3.064362
      vertex 3.419096 1.83 -2.89318
      vertex 1.5 1.83 -1.5
    endloop
  endfacet
  facet normal 0 -1 0
    outer loop
      vertex 1.5 1.83 -1.5
      vertex 3.419096 1.83 -2.89318
      vertex 3.700855 1.83 -2.786323
    endloop
  endfacet
  facet normal 0 -1 0
    outer loop
      vertex 1.5 1.83 -1.5
      vertex 3.700855 1.83 -2.786323
      vertex 4 1.83 -2.75
    endloop
  endfacet
  facet normal 0 -1 0
    outer loop
      vertex 4.580904 1.83 -2.89318
      vertex 4.828903 1.83 -3.064362
      vertex 6.5 1.83 -1.5
    endloop
  endfacet
  facet normal 0 -1 0
    outer loop
      vertex 6.5 1.83 -1.5
      vertex 4.828903 1.83 -3.064362
      vertex 5.02873 1.83 -3.289919
    endloop
  endfacet
  facet normal 0 -1 0
    outer loop
      vertex 6.5 1.83 -1.5
      vertex 5.02873 1.83 -3.289919
      vertex 5.168771 1.83 -3.556744
    endloop
  endfacet
  facet normal 0 -1 0
    outer loop
      vertex 5.168771 1.83 -3.556744
      vertex 5.240886 1.83 -3.849329
      vertex 6.5 1.83 -1.5
    endloop
  endfacet
  facet normal -0.0980159423 0 0.995184845
    outer loop
      vertex 3.609819 5.08 -18.038429
      vertex 3.609819 3.33 -18.038429
      vertex 4 5.08 -18
    endloop
  endfacet
  facet normal -0.0980159423 0 0.995184845
    outer loop
      vertex 4 5.08 -18
      vertex 3.609819 3.33 -18.038429
      vertex 4 3.33 -18
    endloop
  endfacet
  facet normal 0.0980159423 0 0.995184845
    outer loop
      vertex 4 5.08 -18
      vertex 4 3.33 -18
      vertex 4.390181 5.08 -18.038429
    endloop
  endfacet
  facet normal 0.0980159423 0 0.995184845
    outer loop
      vertex 4.390181 5.08 -18.038429
      vertex 4 3.33 -18
      vertex 4.390181 3.33 -18.038429
    endloop
  endfacet
  facet normal 0.290286011 0 0.956939931
    outer loop
      vertex 4.390181 5.08 -18.038429
      vertex 4.390181 3.33 -18.038429
      vertex 4.765367 5.08 -18.152241
    endloop
  endfacet
  facet normal 0.290286011 0 0.956939931
    outer loop
      vertex 4.765367 5.08 -18.152241
      vertex 4.390181 3.33 -18.038429
      vertex 4.765367 3.33 -18.152241
    endloop
  endfacet
  facet normal 0.471394647 0 0.881922381
    outer loop
      vertex 4.765367 5.08 -18.152241
      vertex 4.765367 3.33 -18.152241
      vertex 5.111141 5.08 -18.33706
    endloop
  endfacet
  facet normal 0.471394647 0 0.881922381
    outer loop
      vertex 5.111141 5.08 -18.33706
      vertex 4.765367 3.33 -18.152241
      vertex 5.111141 3.33 -18.33706
    endloop
  endfacet
  facet normal 0.634395444 0 0.773008681
    outer loop
      vertex 5.111141 5.08 -18.33706
      vertex 5.111141 3.33 -18.33706
      vertex 5.414214 5.08 -18.585787
    endloop
  endfacet
  facet normal 0.634395444 0 0.773008681
    outer loop
      vertex 5.414214 5.08 -18.585787
      vertex 5.111141 3.33 -18.33706
      vertex 5.414214 3.33 -18.585787
    endloop
  endfacet
  facet normal 0.773011183 0 0.634392395
    outer loop
      vertex 5.414214 5.08 -18.585787
      vertex 5.414214 3.33 -18.585787
      vertex 5.662939 5.08 -18.88886
    endloop
  endfacet
  facet normal 0.773011183 0 0.634392395
    outer loop
      vertex 5.662939 5.08 -18.88886
      vertex 5.414214 3.33 -18.585787
      vertex 5.662939 3.33 -18.88886
    endloop
  endfacet
  facet normal 0.881920754 0 0.471397691
    outer loop
      vertex 5.662939 5.08 -18.88886
      vertex 5.662939 3.33 -18.88886
      vertex 5.847759 5.08 -19.234633
    endloop
  endfacet
  facet normal 0.881920754 0 0.471397691
    outer loop
      vertex 5.847759 5.08 -19.234633
      vertex 5.662939 3.33 -18.88886
      vertex 5.847759 3.33 -19.234633
    endloop
  endfacet
  facet normal 0.956940146 0 0.290285303
    outer loop
      vertex 5.847759 5.08 -19.234633
      vertex 5.847759 3.33 -19.234633
      vertex 5.961571 5.08 -19.60982
    endloop
  endfacet
  facet normal 0.956940146 0 0.290285303
    outer loop
      vertex 5.961571 5.08 -19.60982
      vertex 5.847759 3.33 -19.234633
      vertex 5.961571 3.33 -19.60982
    endloop
  endfacet
  facet normal 0.99518482 0 0.0980161911
    outer loop
      vertex 5.961571 5.08 -19.60982
      vertex 5.961571 3.33 -19.60982
      vertex 6 5.08 -20
    endloop
  endfacet
  facet normal 0.99518482 0 0.0980161911
    outer loop
      vertex 6 5.08 -20
      vertex 5.961571 3.33 -19.60982
      vertex 6 3.33 -20
    endloop
  endfacet
  facet normal 0.995184869 0 -0.0980156935
    outer loop
      vertex 6 5.08 -20
      vertex 6 3.33 -20
      vertex 5.961571 5.08 -20.390182
    endloop
  endfacet
  facet normal 0.995184869 0 -0.0980156935
    outer loop
      vertex 5.961571 5.08 -20.390182
      vertex 6 3.33 -20
      vertex 5.961571 3.33 -20.390182
    endloop
  endfacet
  facet normal 0.956939716 0 -0.29028672
    outer loop
      vertex 5.961571 5.08 -20.390182
      vertex 5.961571 3.33 -20.390182
      vertex 5.847759 5.08 -20.765367
    endloop
  endfacet
  facet normal 0.956939716 0 -0.29028672
    outer loop
      vertex 5.847759 5.08 -20.765367
      vertex 5.961571 3.33 -20.390182
      vertex 5.847759 3.33 -20.765367
    endloop
  endfacet
  facet normal 0.881920754 0 -0.471397691
    outer loop
      vertex 5.847759 5.08 -20.765367
      vertex 5.847759 3.33 -20.765367
      vertex 5.662939 5.08 -21.11114
    endloop
  endfacet
  facet normal 0.881920754 0 -0.471397691
    outer loop
      vertex 5.662939 5.08 -21.11114
      vertex 5.847759 3.33 -20.765367
      vertex 5.662939 3.33 -21.11114
    endloop
  endfacet
  facet normal 0.773011183 0 -0.634392395
    outer loop
      vertex 5.662939 5.08 -21.11114
      vertex 5.662939 3.33 -21.11114
      vertex 5.414214 5.08 -21.414213
    endloop
  endfacet
  facet normal 0.773011183 0 -0.634392395
    outer loop
      vertex 5.414214 5.08 -21.414213
      vertex 5.662939 3.33 -21.11114
      vertex 5.414214 3.33 -21.414213
    endloop
  endfacet
  facet normal 0.634393919 0 -0.773009932
    outer loop
      vertex 5.414214 5.08 -21.414213
      vertex 5.414214 3.33 -21.414213
      vertex 5.111141 5.08 -21.662939
    endloop
  endfacet
  facet normal 0.634393919 0 -0.773009932
    outer loop
      vertex 5.111141 5.08 -21.662939
      vertex 5.414214 3.33 -21.414213
      vertex 5.111141 3.33 -21.662939
    endloop
  endfacet
  facet normal 0.471394647 0 -0.881922381
    outer loop
      vertex 5.111141 5.08 -21.662939
      vertex 5.111141 3.33 -21.662939
      vertex 4.765367 5.08 -21.847758
    endloop
  endfacet
  facet normal 0.471394647 0 -0.881922381
    outer loop
      vertex 4.765367 5.08 -21.847758
      vertex 5.111141 3.33 -21.662939
      vertex 4.765367 3.33 -21.847758
    endloop
  endfacet
  facet normal 0.290286011 0 -0.956939931
    outer loop
      vertex 4.765367 5.08 -21.847758
      vertex 4.765367 3.33 -21.847758
      vertex 4.390181 5.08 -21.96157
    endloop
  endfacet
  facet normal 0.290286011 0 -0.956939931
    outer loop
      vertex 4.390181 5.08 -21.96157
      vertex 4.765367 3.33 -21.847758
      vertex 4.390181 3.33 -21.96157
    endloop
  endfacet
  facet normal 0.0980184684 0 -0.995184596
    outer loop
      vertex 4.390181 5.08 -21.96157
      vertex 4.390181 3.33 -21.96157
      vertex 4 5.08 -22
    endloop
  endfacet
  facet normal 0.0980184684 0 -0.995184596
    outer loop
      vertex 4 5.08 -22
      vertex 4.390181 3.33 -21.96157
      vertex 4 3.33 -22
    endloop
  endfacet
  facet normal -0.0980184684 -0 -0.995184596
    outer loop
      vertex 4 5.08 -22
      vertex 4 3.33 -22
      vertex 3.609819 5.08 -21.96157
    endloop
  endfacet
  facet normal -0.0980184684 -0 -0.995184596
    outer loop
      vertex 3.609819 5.08 -21.96157
      vertex 4 3.33 -22
      vertex 3.609819 3.33 -21.96157
    endloop
  endfacet
  facet normal -0.290286011 -0 -0.956939931
    outer loop
      vertex 3.609819 5.08 -21.96157
      vertex 3.609819 3.33 -21.96157
      vertex 3.234633 5.08 -21.847758
    endloop
  endfacet
  facet normal -0.290286011 -0 -0.956939931
    outer loop
      vertex 3.234633 5.08 -21.847758
      vertex 3.609819 3.33 -21.96157
      vertex 3.234633 3.33 -21.847758
    endloop
  endfacet
  facet normal -0.471395707 -0 -0.881921815
    outer loop
      vertex 3.234633 5.08 -21.847758
      vertex 3.234633 3.33 -21.847758
      vertex 2.88886 5.08 -21.662939
    endloop
  endfacet
  facet normal -0.471395707 -0 -0.881921815
    outer loop
      vertex 2.88886 5.08 -21.662939
      vertex 3.234633 3.33 -21.847758
      vertex 2.88886 3.33 -21.662939
    endloop
  endfacet
  facet normal -0.634393919 -0 -0.773009932
    outer loop
      vertex 2.88886 5.08 -21.662939
      vertex 2.88886 3.33 -21.662939
      vertex 2.585787 5.08 -21.414213
    endloop
  endfacet
  facet normal -0.634393919 -0 -0.773009932
    outer loop
      vertex 2.585787 5.08 -21.414213
      vertex 2.88886 3.33 -21.662939
      vertex 2.585787 3.33 -21.414213
    endloop
  endfacet
  facet normal -0.773009932 -0 -0.634393919
    outer loop
      vertex 2.585787 5.08 -21.414213
      vertex 2.585787 3.33 -21.414213
      vertex 2.337061 5.08 -21.11114
    endloop
  endfacet
  facet normal -0.773009932 -0 -0.634393919
    outer loop
      vertex 2.337061 5.08 -21.11114
      vertex 2.585787 3.33 -21.414213
      vertex 2.337061 3.33 -21.11114
    endloop
  endfacet
  facet normal -0.881920754 -0 -0.471397691
    outer loop
      vertex 2.337061 5.08 -21.11114
      vertex 2.337061 3.33 -21.11114
      vertex 2.152241 5.08 -20.765367
    endloop
  endfacet
  facet normal -0.881920754 -0 -0.471397691
    outer loop
      vertex 2.152241 5.08 -20.765367
      vertex 2.337061 3.33 -21.11114
      vertex 2.152241 3.33 -20.765367
    endloop
  endfacet
  facet normal -0.956939716 -0 -0.29028672
    outer loop
      vertex 2.152241 5.08 -20.765367
      vertex 2.152241 3.33 -20.765367
      vertex 2.038429 5.08 -20.390182
    endloop
  endfacet
  facet normal -0.956939716 -0 -0.29028672
    outer loop
      vertex 2.038429 5.08 -20.390182
      vertex 2.152241 3.33 -20.765367
      vertex 2.038429 3.33 -20.390182
    endloop
  endfacet
  facet normal -0.995184869 -0 -0.0980156935
    outer loop
      vertex 2.038429 5.08 -20.390182
      vertex 2.038429 3.33 -20.390182
      vertex 2 5.08 -20
    endloop
  endfacet
  facet normal -0.995184869 -0 -0.0980156935
    outer loop
      vertex 2 5.08 -20
      vertex 2.038429 3.33 -20.390182
      vertex 2 3.33 -20
    endloop
  endfacet
  facet normal -0.99518482 0 0.0980161911
    outer loop
      vertex 2 5.08 -20
      vertex 2 3.33 -20
      vertex 2.038429 5.08 -19.60982
    endloop
  endfacet
  facet normal -0.99518482 0 0.0980161911
    outer loop
      vertex 2.038429 5.08 -19.60982
      vertex 2 3.33 -20
      vertex 2.038429 3.33 -19.60982
    endloop
  endfacet
  facet normal -0.956940146 0 0.290285303
    outer loop
      vertex 2.038429 5.08 -19.60982
      vertex 2.038429 3.33 -19.60982
      vertex 2.152241 5.08 -19.234633
    endloop
  endfacet
  facet normal -0.956940146 0 0.290285303
    outer loop
      vertex 2.152241 5.08 -19.234633
      vertex 2.038429 3.33 -19.60982
      vertex 2.152241 3.33 -19.234633
    endloop
  endfacet
  facet normal -0.881920754 0 0.471397691
    outer loop
      vertex 2.152241 5.08 -19.234633
      vertex 2.152241 3.33 -19.234633
      vertex 2.337061 5.08 -18.88886
    endloop
  endfacet
  facet normal -0.881920754 0 0.471397691
    outer loop
      vertex 2.337061 5.08 -18.88886
      vertex 2.152241 3.33 -19.234633
      vertex 2.337061 3.33 -18.88886
    endloop
  endfacet
  facet normal -0.773009932 0 0.634393919
    outer loop
      vertex 2.337061 5.08 -18.88886
      vertex 2.337061 3.33 -18.88886
      vertex 2.585787 5.08 -18.585787
    endloop
  endfacet
  facet normal -0.773009932 0 0.634393919
    outer loop
      vertex 2.585787 5.08 -18.585787
      vertex 2.337061 3.33 -18.88886
      vertex 2.585787 3.33 -18.585787
    endloop
  endfacet
  facet normal -0.634395444 0 0.773008681
    outer loop
      vertex 2.585787 5.08 -18.585787
      vertex 2.585787 3.33 -18.585787
      vertex 2.88886 5.08 -18.33706
    endloop
  endfacet
  facet normal -0.634395444 0 0.773008681
    outer loop
      vertex 2.88886 5.08 -18.33706
      vertex 2.585787 3.33 -18.585787
      vertex 2.88886 3.33 -18.33706
    endloop
  endfacet
  facet normal -0.471395707 0 0.881921815
    outer loop
      vertex 2.88886 5.08 -18.33706
      vertex 2.88886 3.33 -18.33706
      vertex 3.234633 5.08 -18.152241
    endloop
  endfacet
  facet normal -0.471395707 0 0.881921815
    outer loop
      vertex 3.234633 5.08 -18.152241
      vertex 2.88886 3.33 -18.33706
      vertex 3.234633 3.33 -18.152241
    endloop
  endfacet
  facet normal -0.290286011 0 0.956939931
    outer loop
      vertex 3.234633 5.08 -18.152241
      vertex 3.234633 3.33 -18.152241
      vertex 3.609819 5.08 -18.038429
    endloop
  endfacet
  facet normal -0.290286011 0 0.956939931
    outer loop
      vertex 3.609819 5.08 -18.038429
      vertex 3.234633 3.33 -18.152241
      vertex 3.609819 3.33 -18.038429
    endloop
  endfacet
  facet normal -0.0980134163 0 0.995185093
    outer loop
      vertex 3.609819 5.08 -74.038429
      vertex 3.609819 3.33 -74.038429
      vertex 4 5.08 -74.000001
    endloop
  endfacet
  facet normal -0.0980134163 0 0.995185093
    outer loop
      vertex 4 5.08 -74.000001
      vertex 3.609819 3.33 -74.038429
      vertex 4 3.33 -74.000001
    endloop
  endfacet
  facet normal 0.0980134163 0 0.995185093
    outer loop
      vertex 4 5.08 -74.000001
      vertex 4 3.33 -74.000001
      vertex 4.390181 5.08 -74.038429
    endloop
  endfacet
  facet normal 0.0980134163 0 0.995185093
    outer loop
      vertex 4.390181 5.08 -74.038429
      vertex 4 3.33 -74.000001
      vertex 4.390181 3.33 -74.038429
    endloop
  endfacet
  facet normal 0.290286011 0 0.956939931
    outer loop
      vertex 4.390181 5.08 -74.038429
      vertex 4.390181 3.33 -74.038429
      vertex 4.765367 5.08 -74.152241
    endloop
  endfacet
  facet normal 0.290286011 0 0.956939931
    outer loop
      vertex 4.765367 5.08 -74.152241
      vertex 4.390181 3.33 -74.038429
      vertex 4.765367 3.33 -74.152241
    endloop
  endfacet
  facet normal 0.471400598 0 0.8819192
    outer loop
      vertex 4.765367 5.08 -74.152241
      vertex 4.765367 3.33 -74.152241
      vertex 5.111141 5.08 -74.337063
    endloop
  endfacet
  facet normal 0.471400598 0 0.8819192
    outer loop
      vertex 5.111141 5.08 -74.337063
      vertex 4.765367 3.33 -74.152241
      vertex 5.111141 3.33 -74.337063
    endloop
  endfacet
  facet normal 0.634389347 0 0.773013684
    outer loop
      vertex 5.111141 5.08 -74.337063
      vertex 5.111141 3.33 -74.337063
      vertex 5.414214 5.08 -74.585786
    endloop
  endfacet
  facet normal 0.634389347 0 0.773013684
    outer loop
      vertex 5.414214 5.08 -74.585786
      vertex 5.111141 3.33 -74.337063
      vertex 5.414214 3.33 -74.585786
    endloop
  endfacet
  facet normal 0.773011183 0 0.634392395
    outer loop
      vertex 5.414214 5.08 -74.585786
      vertex 5.414214 3.33 -74.585786
      vertex 5.662939 5.08 -74.888859
    endloop
  endfacet
  facet normal 0.773011183 0 0.634392395
    outer loop
      vertex 5.662939 5.08 -74.888859
      vertex 5.414214 3.33 -74.585786
      vertex 5.662939 3.33 -74.888859
    endloop
  endfacet
  facet normal 0.881920754 0 0.471397691
    outer loop
      vertex 5.662939 5.08 -74.888859
      vertex 5.662939 3.33 -74.888859
      vertex 5.847759 5.08 -75.234632
    endloop
  endfacet
  facet normal 0.881920754 0 0.471397691
    outer loop
      vertex 5.847759 5.08 -75.234632
      vertex 5.662939 3.33 -74.888859
      vertex 5.847759 3.33 -75.234632
    endloop
  endfacet
  facet normal 0.956939931 0 0.290286011
    outer loop
      vertex 5.847759 5.08 -75.234632
      vertex 5.847759 3.33 -75.234632
      vertex 5.961571 5.08 -75.609818
    endloop
  endfacet
  facet normal 0.956939931 0 0.290286011
    outer loop
      vertex 5.961571 5.08 -75.609818
      vertex 5.847759 3.33 -75.234632
      vertex 5.961571 3.33 -75.609818
    endloop
  endfacet
  facet normal 0.995184845 0 0.0980159423
    outer loop
      vertex 5.961571 5.08 -75.609818
      vertex 5.961571 3.33 -75.609818
      vertex 6 5.08 -75.999999
    endloop
  endfacet
  facet normal 0.995184845 0 0.0980159423
    outer loop
      vertex 6 5.08 -75.999999
      vertex 5.961571 3.33 -75.609818
      vertex 6 3.33 -75.999999
    endloop
  endfacet
  facet normal 0.995184869 0 -0.0980156935
    outer loop
      vertex 6 5.08 -75.999999
      vertex 6 3.33 -75.999999
      vertex 5.961571 5.08 -76.390181
    endloop
  endfacet
  facet normal 0.995184869 0 -0.0980156935
    outer loop
      vertex 5.961571 5.08 -76.390181
      vertex 6 3.33 -75.999999
      vertex 5.961571 3.33 -76.390181
    endloop
  endfacet
  facet normal 0.956939716 0 -0.29028672
    outer loop
      vertex 5.961571 5.08 -76.390181
      vertex 5.961571 3.33 -76.390181
      vertex 5.847759 5.08 -76.765366
    endloop
  endfacet
  facet normal 0.956939716 0 -0.29028672
    outer loop
      vertex 5.847759 5.08 -76.765366
      vertex 5.961571 3.33 -76.390181
      vertex 5.847759 3.33 -76.765366
    endloop
  endfacet
  facet normal 0.881920754 0 -0.471397691
    outer loop
      vertex 5.847759 5.08 -76.765366
      vertex 5.847759 3.33 -76.765366
      vertex 5.662939 5.08 -77.111139
    endloop
  endfacet
  facet normal 0.881920754 0 -0.471397691
    outer loop
      vertex 5.662939 5.08 -77.111139
      vertex 5.847759 3.33 -76.765366
      vertex 5.662939 3.33 -77.111139
    endloop
  endfacet
  facet normal 0.773011183 0 -0.634392395
    outer loop
      vertex 5.662939 5.08 -77.111139
      vertex 5.662939 3.33 -77.111139
      vertex 5.414214 5.08 -77.414212
    endloop
  endfacet
  facet normal 0.773011183 0 -0.634392395
    outer loop
      vertex 5.414214 5.08 -77.414212
      vertex 5.662939 3.33 -77.111139
      vertex 5.414214 3.33 -77.414212
    endloop
  endfacet
  facet normal 0.634396968 0 -0.77300743
    outer loop
      vertex 5.414214 5.08 -77.414212
      vertex 5.414214 3.33 -77.414212
      vertex 5.111141 5.08 -77.66294
    endloop
  endfacet
  facet normal 0.634396968 0 -0.77300743
    outer loop
      vertex 5.111141 5.08 -77.66294
      vertex 5.414214 3.33 -77.414212
      vertex 5.111141 3.33 -77.66294
    endloop
  endfacet
  facet normal 0.471390679 0 -0.881924502
    outer loop
      vertex 5.111141 5.08 -77.66294
      vertex 5.111141 3.33 -77.66294
      vertex 4.765367 5.08 -77.847757
    endloop
  endfacet
  facet normal 0.471390679 0 -0.881924502
    outer loop
      vertex 4.765367 5.08 -77.847757
      vertex 5.111141 3.33 -77.66294
      vertex 4.765367 3.33 -77.847757
    endloop
  endfacet
  facet normal 0.290286011 0 -0.956939931
    outer loop
      vertex 4.765367 5.08 -77.847757
      vertex 4.765367 3.33 -77.847757
      vertex 4.390181 5.08 -77.961569
    endloop
  endfacet
  facet normal 0.290286011 0 -0.956939931
    outer loop
      vertex 4.390181 5.08 -77.961569
      vertex 4.765367 3.33 -77.847757
      vertex 4.390181 3.33 -77.961569
    endloop
  endfacet
  facet normal 0.0980260466 0 -0.995183849
    outer loop
      vertex 4.390181 5.08 -77.961569
      vertex 4.390181 3.33 -77.961569
      vertex 4 5.08 -78.000002
    endloop
  endfacet
  facet normal 0.0980260466 0 -0.995183849
    outer loop
      vertex 4 5.08 -78.000002
      vertex 4.390181 3.33 -77.961569
      vertex 4 3.33 -78.000002
    endloop
  endfacet
  facet normal -0.0980260466 -0 -0.995183849
    outer loop
      vertex 4 5.08 -78.000002
      vertex 4 3.33 -78.000002
      vertex 3.609819 5.08 -77.961569
    endloop
  endfacet
  facet normal -0.0980260466 -0 -0.995183849
    outer loop
      vertex 3.609819 5.08 -77.961569
      vertex 4 3.33 -78.000002
      vertex 3.609819 3.33 -77.961569
    endloop
  endfacet
  facet normal -0.290286011 -0 -0.956939931
    outer loop
      vertex 3.609819 5.08 -77.961569
      vertex 3.609819 3.33 -77.961569
      vertex 3.234633 5.08 -77.847757
    endloop
  endfacet
  facet normal -0.290286011 -0 -0.956939931
    outer loop
      vertex 3.234633 5.08 -77.847757
      vertex 3.609819 3.33 -77.961569
      vertex 3.234633 3.33 -77.847757
    endloop
  endfacet
  facet normal -0.47139174 -0 -0.881923935
    outer loop
      vertex 3.234633 5.08 -77.847757
      vertex 3.234633 3.33 -77.847757
      vertex 2.88886 5.08 -77.66294
    endloop
  endfacet
  facet normal -0.47139174 -0 -0.881923935
    outer loop
      vertex 2.88886 5.08 -77.66294
      vertex 3.234633 3.33 -77.847757
      vertex 2.88886 3.33 -77.66294
    endloop
  endfacet
  facet normal -0.634396968 -0 -0.77300743
    outer loop
      vertex 2.88886 5.08 -77.66294
      vertex 2.88886 3.33 -77.66294
      vertex 2.585787 5.08 -77.414212
    endloop
  endfacet
  facet normal -0.634396968 -0 -0.77300743
    outer loop
      vertex 2.585787 5.08 -77.414212
      vertex 2.88886 3.33 -77.66294
      vertex 2.585787 3.33 -77.414212
    endloop
  endfacet
  facet normal -0.773009932 -0 -0.634393919
    outer loop
      vertex 2.585787 5.08 -77.414212
      vertex 2.585787 3.33 -77.414212
      vertex 2.337061 5.08 -77.111139
    endloop
  endfacet
  facet normal -0.773009932 -0 -0.634393919
    outer loop
      vertex 2.337061 5.08 -77.111139
      vertex 2.585787 3.33 -77.414212
      vertex 2.337061 3.33 -77.111139
    endloop
  endfacet
  facet normal -0.881920754 -0 -0.471397691
    outer loop
      vertex 2.337061 5.08 -77.111139
      vertex 2.337061 3.33 -77.111139
      vertex 2.152241 5.08 -76.765366
    endloop
  endfacet
  facet normal -0.881920754 -0 -0.471397691
    outer loop
      vertex 2.152241 5.08 -76.765366
      vertex 2.337061 3.33 -77.111139
      vertex 2.152241 3.33 -76.765366
    endloop
  endfacet
  facet normal -0.956939716 -0 -0.29028672
    outer loop
      vertex 2.152241 5.08 -76.765366
      vertex 2.152241 3.33 -76.765366
      vertex 2.038429 5.08 -76.390181
    endloop
  endfacet
  facet normal -0.956939716 -0 -0.29028672
    outer loop
      vertex 2.038429 5.08 -76.390181
      vertex 2.152241 3.33 -76.765366
      vertex 2.038429 3.33 -76.390181
    endloop
  endfacet
  facet normal -0.995184869 -0 -0.0980156935
    outer loop
      vertex 2.038429 5.08 -76.390181
      vertex 2.038429 3.33 -76.390181
      vertex 2 5.08 -75.999999
    endloop
  endfacet
  facet normal -0.995184869 -0 -0.0980156935
    outer loop
      vertex 2 5.08 -75.999999
      vertex 2.038429 3.33 -76.390181
      vertex 2 3.33 -75.999999
    endloop
  endfacet
  facet normal -0.995184845 0 0.0980159423
    outer loop
      vertex 2 5.08 -75.999999
      vertex 2 3.33 -75.999999
      vertex 2.038429 5.08 -75.609818
    endloop
  endfacet
  facet normal -0.995184845 0 0.0980159423
    outer loop
      vertex 2.038429 5.08 -75.609818
      vertex 2 3.33 -75.999999
      vertex 2.038429 3.33 -75.609818
    endloop
  endfacet
  facet normal -0.956939931 0 0.290286011
    outer loop
      vertex 2.038429 5.08 -75.609818
      vertex 2.038429 3.33 -75.609818
      vertex 2.152241 5.08 -75.234632
    endloop
  endfacet
  facet normal -0.956939931 0 0.290286011
    outer loop
      vertex 2.152241 5.08 -75.234632
      vertex 2.038429 3.33 -75.609818
      vertex 2.152241 3.33 -75.234632
    endloop
  endfacet
  facet normal -0.881920754 0 0.471397691
    outer loop
      vertex 2.152241 5.08 -75.234632
      vertex 2.152241 3.33 -75.234632
      vertex 2.337061 5.08 -74.888859
    endloop
  endfacet
  facet normal -0.881920754 0 0.471397691
    outer loop
      vertex 2.337061 5.08 -74.888859
      vertex 2.152241 3.33 -75.234632
      vertex 2.337061 3.33 -74.888859
    endloop
  endfacet
  facet normal -0.773009932 0 0.634393919
    outer loop
      vertex 2.337061 5.08 -74.888859
      vertex 2.337061 3.33 -74.888859
      vertex 2.585787 5.08 -74.585786
    endloop
  endfacet
  facet normal -0.773009932 0 0.634393919
    outer loop
      vertex 2.585787 5.08 -74.585786
      vertex 2.337061 3.33 -74.888859
      vertex 2.585787 3.33 -74.585786
    endloop
  endfacet
  facet normal -0.634389347 0 0.773013684
    outer loop
      vertex 2.585787 5.08 -74.585786
      vertex 2.585787 3.33 -74.585786
      vertex 2.88886 5.08 -74.337063
    endloop
  endfacet
  facet normal -0.634389347 0 0.773013684
    outer loop
      vertex 2.88886 5.08 -74.337063
      vertex 2.585787 3.33 -74.585786
      vertex 2.88886 3.33 -74.337063
    endloop
  endfacet
  facet normal -0.471401659 0 0.881918634
    outer loop
      vertex 2.88886 5.08 -74.337063
      vertex 2.88886 3.33 -74.337063
      vertex 3.234633 5.08 -74.152241
    endloop
  endfacet
  facet normal -0.471401659 0 0.881918634
    outer loop
      vertex 3.234633 5.08 -74.152241
      vertex 2.88886 3.33 -74.337063
      vertex 3.234633 3.33 -74.152241
    endloop
  endfacet
  facet normal -0.290286011 0 0.956939931
    outer loop
      vertex 3.234633 5.08 -74.152241
      vertex 3.234633 3.33 -74.152241
      vertex 3.609819 5.08 -74.038429
    endloop
  endfacet
  facet normal -0.290286011 0 0.956939931
    outer loop
      vertex 3.609819 5.08 -74.038429
      vertex 3.234633 3.33 -74.152241
      vertex 3.609819 3.33 -74.038429
    endloop
  endfacet
  facet normal 0 1 0
    outer loop
      vertex 4 5.18 -18.099999
      vertex 4.382467 5.18 -18.138893
      vertex 3.617533 5.18 -18.138893
    endloop
  endfacet
  facet normal -0 1 0
    outer loop
      vertex 3.617533 5.18 -18.138893
      vertex 4.382467 5.18 -18.138893
      vertex 4.749276 5.18 -18.25398
    endloop
  endfacet
  facet normal 0 1 0
    outer loop
      vertex 3.617533 5.18 -18.138893
      vertex 4.749276 5.18 -18.25398
      vertex 3.250724 5.18 -18.25398
    endloop
  endfacet
  facet normal -0 1 0
    outer loop
      vertex 3.250724 5.18 -18.25398
      vertex 4.749276 5.18 -18.25398
      vertex 5.08541 5.18 -18.440549
    endloop
  endfacet
  facet normal 0 1 0
    outer loop
      vertex 3.250724 5.18 -18.25398
      vertex 5.08541 5.18 -18.440549
      vertex 2.914591 5.18 -18.440549
    endloop
  endfacet
  facet normal -0 1 0
    outer loop
      vertex 2.914591 5.18 -18.440549
      vertex 5.08541 5.18 -18.440549
      vertex 5.377106 5.18 -18.690963
    endloop
  endfacet
  facet normal 0 1 0
    outer loop
      vertex 2.914591 5.18 -18.440549
      vertex 5.377106 5.18 -18.690963
      vertex 2.622894 5.18 -18.690963
    endloop
  endfacet
  facet normal -0 1 0
    outer loop
      vertex 2.622894 5.18 -18.690963
      vertex 5.377106 5.18 -18.690963
      vertex 5.612424 5.18 -18.994968
    endloop
  endfacet
  facet normal 0 1 0
    outer loop
      vertex 2.622894 5.18 -18.690963
      vertex 5.612424 5.18 -18.994968
      vertex 5.781729 5.18 -19.340121
    endloop
  endfacet
  facet normal 0 1 0
    outer loop
      vertex 5.781729 5.18 -19.340121
      vertex 5.87809 5.18 -19.712287
      vertex 2.622894 5.18 -18.690963
    endloop
  endfacet
  facet normal 0 1 0
    outer loop
      vertex 2.622894 5.18 -18.690963
      vertex 5.87809 5.18 -19.712287
      vertex 5.897561 5.18 -20.096233
    endloop
  endfacet
  facet normal 0 1 0
    outer loop
      vertex 2.622894 5.18 -18.690963
      vertex 5.897561 5.18 -20.096233
      vertex 5.839347 5.18 -20.476239
    endloop
  endfacet
  facet normal 0 1 0
    outer loop
      vertex 5.839347 5.18 -20.476239
      vertex 5.705829 5.18 -20.836749
      vertex 2.622894 5.18 -18.690963
    endloop
  endfacet
  facet normal 0 1 0
    outer loop
      vertex 2.622894 5.18 -18.690963
      vertex 5.705829 5.18 -20.836749
      vertex 5.502474 5.18 -21.163001
    endloop
  endfacet
  facet normal 0 1 0
    outer loop
      vertex 2.622894 5.18 -18.690963
      vertex 5.502474 5.18 -21.163001
      vertex 5.237608 5.18 -21.441641
    endloop
  endfacet
  facet normal 0 1 0
    outer loop
      vertex 5.237608 5.18 -21.441641
      vertex 4.922074 5.18 -21.661258
      vertex 2.622894 5.18 -18.690963
    endloop
  endfacet
  facet normal 0 1 0
    outer loop
      vertex 2.622894 5.18 -18.690963
      vertex 4.922074 5.18 -21.661258
      vertex 4.56879 5.18 -21.812866
    endloop
  endfacet
  facet normal 0 1 0
    outer loop
      vertex 2.622894 5.18 -18.690963
      vertex 4.56879 5.18 -21.812866
      vertex 4.19222 5.18 -21.890252
    endloop
  endfacet
  facet normal 0 1 0
    outer loop
      vertex 4.19222 5.18 -21.890252
      vertex 3.80778 5.18 -21.890252
      vertex 2.622894 5.18 -18.690963
    endloop
  endfacet
  facet normal 0 1 0
    outer loop
      vertex 2.622894 5.18 -18.690963
      vertex 3.80778 5.18 -21.890252
      vertex 3.43121 5.18 -21.812866
    endloop
  endfacet
  facet normal 0 1 0
    outer loop
      vertex 2.622894 5.18 -18.690963
      vertex 3.43121 5.18 -21.812866
      vertex 2.387576 5.18 -18.994968
    endloop
  endfacet
  facet normal 0 1 0
    outer loop
      vertex 2.387576 5.18 -18.994968
      vertex 3.43121 5.18 -21.812866
      vertex 3.077926 5.18 -21.661258
    endloop
  endfacet
  facet normal 0 1 0
    outer loop
      vertex 2.387576 5.18 -18.994968
      vertex 3.077926 5.18 -21.661258
      vertex 2.762392 5.18 -21.441641
    endloop
  endfacet
  facet normal 0 1 0
    outer loop
      vertex 2.762392 5.18 -21.441641
      vertex 2.497526 5.18 -21.163001
      vertex 2.387576 5.18 -18.994968
    endloop
  endfacet
  facet normal 0 1 0
    outer loop
      vertex 2.387576 5.18 -18.994968
      vertex 2.497526 5.18 -21.163001
      vertex 2.294171 5.18 -20.836749
    endloop
  endfacet
  facet normal 0 1 0
    outer loop
      vertex 2.387576 5.18 -18.994968
      vertex 2.294171 5.18 -20.836749
      vertex 2.218271 5.18 -19.340121
    endloop
  endfacet
  facet normal 0 1 0
    outer loop
      vertex 2.218271 5.18 -19.340121
      vertex 2.294171 5.18 -20.836749
      vertex 2.160653 5.18 -20.476239
    endloop
  endfacet
  facet normal 0 1 0
    outer loop
      vertex 2.218271 5.18 -19.340121
      vertex 2.160653 5.18 -20.476239
      vertex 2.12191 5.18 -19.712287
    endloop
  endfacet
  facet normal 0 1 0
    outer loop
      vertex 2.12191 5.18 -19.712287
      vertex 2.160653 5.18 -20.476239
      vertex 2.102439 5.18 -20.096233
    endloop
  endfacet
  facet normal 0.0906185498 0.381112477 0.920076931
    outer loop
      vertex 4.390181 5.08 -18.038429
      vertex 4.384467 5.150711 -18.067156
      vertex 4 5.08 -18
    endloop
  endfacet
  facet normal 0.0906207316 0.381103817 0.920080303
    outer loop
      vertex 4 5.08 -18
      vertex 4.384467 5.150711 -18.067156
      vertex 4 5.150711 -18.029289
    endloop
  endfacet
  facet normal -0.0906188971 0.381103881 0.920080457
    outer loop
      vertex 4 5.08 -18
      vertex 4 5.150711 -18.029289
      vertex 3.609819 5.08 -18.038429
    endloop
  endfacet
  facet normal -0.0906203791 0.381112541 0.920076724
    outer loop
      vertex 3.609819 5.08 -18.038429
      vertex 4 5.150711 -18.029289
      vertex 3.615533 5.150711 -18.067156
    endloop
  endfacet
  facet normal -0.268377784 0.381112137 0.884718545
    outer loop
      vertex 3.609819 5.08 -18.038429
      vertex 3.615533 5.150711 -18.067156
      vertex 3.234633 5.08 -18.152241
    endloop
  endfacet
  facet normal -0.268377692 0.381111042 0.884719045
    outer loop
      vertex 3.234633 5.08 -18.152241
      vertex 3.615533 5.150711 -18.067156
      vertex 3.245842 5.150711 -18.179301
    endloop
  endfacet
  facet normal -0.43581898 0.381111814 0.815362252
    outer loop
      vertex 3.234633 5.08 -18.152241
      vertex 3.245842 5.150711 -18.179301
      vertex 2.88886 5.08 -18.33706
    endloop
  endfacet
  facet normal -0.435819033 0.381104092 0.815365833
    outer loop
      vertex 2.88886 5.08 -18.33706
      vertex 3.245842 5.150711 -18.179301
      vertex 2.905132 5.150711 -18.361413
    endloop
  endfacet
  facet normal -0.586519047 0.381103815 0.714671456
    outer loop
      vertex 2.88886 5.08 -18.33706
      vertex 2.905132 5.150711 -18.361413
      vertex 2.585787 5.08 -18.585787
    endloop
  endfacet
  facet normal -0.586519729 0.381096794 0.71467464
    outer loop
      vertex 2.585787 5.08 -18.585787
      vertex 2.905132 5.150711 -18.361413
      vertex 2.606497 5.150711 -18.606497
    endloop
  endfacet
  facet normal -0.714674853 0.381096782 0.586519477
    outer loop
      vertex 2.585787 5.08 -18.585787
      vertex 2.606497 5.150711 -18.606497
      vertex 2.337061 5.08 -18.88886
    endloop
  endfacet
  facet normal -0.714673539 0.381103931 0.586516433
    outer loop
      vertex 2.337061 5.08 -18.88886
      vertex 2.606497 5.150711 -18.606497
      vertex 2.361414 5.150711 -18.905132
    endloop
  endfacet
  facet normal -0.815364032 0.381104221 0.435822289
    outer loop
      vertex 2.337061 5.08 -18.88886
      vertex 2.361414 5.150711 -18.905132
      vertex 2.152241 5.08 -19.234633
    endloop
  endfacet
  facet normal -0.815362037 0.381111798 0.435819397
    outer loop
      vertex 2.152241 5.08 -19.234633
      vertex 2.361414 5.150711 -18.905132
      vertex 2.179301 5.150711 -19.245842
    endloop
  endfacet
  facet normal -0.884719182 0.381111026 0.268377261
    outer loop
      vertex 2.152241 5.08 -19.234633
      vertex 2.179301 5.150711 -19.245842
      vertex 2.038429 5.08 -19.60982
    endloop
  endfacet
  facet normal -0.884719889 0.381108901 0.268377948
    outer loop
      vertex 2.038429 5.08 -19.60982
      vertex 2.179301 5.150711 -19.245842
      vertex 2.067156 5.150711 -19.615533
    endloop
  endfacet
  facet normal -0.920077354 0.38111139 0.0906188237
    outer loop
      vertex 2.038429 5.08 -19.60982
      vertex 2.067156 5.150711 -19.615533
      vertex 2 5.08 -20
    endloop
  endfacet
  facet normal -0.920080303 0.381103817 0.0906207316
    outer loop
      vertex 2 5.08 -20
      vertex 2.067156 5.150711 -19.615533
      vertex 2.029289 5.150711 -20
    endloop
  endfacet
  facet normal -0.920080476 0.381103889 -0.0906186668
    outer loop
      vertex 2 5.08 -20
      vertex 2.029289 5.150711 -20
      vertex 2.038429 5.08 -20.390182
    endloop
  endfacet
  facet normal -0.920076275 0.381113637 -0.0906203349
    outer loop
      vertex 2.038429 5.08 -20.390182
      vertex 2.029289 5.150711 -20
      vertex 2.067156 5.150711 -20.384467
    endloop
  endfacet
  facet normal -0.884717076 0.381115357 -0.268378053
    outer loop
      vertex 2.038429 5.08 -20.390182
      vertex 2.067156 5.150711 -20.384467
      vertex 2.152241 5.08 -20.765367
    endloop
  endfacet
  facet normal -0.884719045 0.381111042 -0.268377692
    outer loop
      vertex 2.152241 5.08 -20.765367
      vertex 2.067156 5.150711 -20.384467
      vertex 2.179301 5.150711 -20.754158
    endloop
  endfacet
  facet normal -0.815361298 0.381111742 -0.435820828
    outer loop
      vertex 2.152241 5.08 -20.765367
      vertex 2.179301 5.150711 -20.754158
      vertex 2.337061 5.08 -21.11114
    endloop
  endfacet
  facet normal -0.815364812 0.381104165 -0.43582088
    outer loop
      vertex 2.337061 5.08 -21.11114
      vertex 2.179301 5.150711 -20.754158
      vertex 2.361414 5.150711 -21.094868
    endloop
  endfacet
  facet normal -0.714672592 0.381103879 -0.586517621
    outer loop
      vertex 2.337061 5.08 -21.11114
      vertex 2.361414 5.150711 -21.094868
      vertex 2.585787 5.08 -21.414213
    endloop
  endfacet
  facet normal -0.714672595 0.381103872 -0.586517622
    outer loop
      vertex 2.585787 5.08 -21.414213
      vertex 2.361414 5.150711 -21.094868
      vertex 2.606497 5.150711 -21.393502
    endloop
  endfacet
  facet normal -0.586517218 0.381105421 -0.7146721
    outer loop
      vertex 2.585787 5.08 -21.414213
      vertex 2.606497 5.150711 -21.393502
      vertex 2.88886 5.08 -21.662939
    endloop
  endfacet
  facet normal -0.586521586 0.381095164 -0.714673986
    outer loop
      vertex 2.88886 5.08 -21.662939
      vertex 2.606497 5.150711 -21.393502
      vertex 2.905132 5.150711 -21.638587
    endloop
  endfacet
  facet normal -0.435822384 0.381094293 -0.815368622
    outer loop
      vertex 2.88886 5.08 -21.662939
      vertex 2.905132 5.150711 -21.638587
      vertex 3.234633 5.08 -21.847758
    endloop
  endfacet
  facet normal -0.435823227 0.381092085 -0.815369203
    outer loop
      vertex 3.234633 5.08 -21.847758
      vertex 2.905132 5.150711 -21.638587
      vertex 3.245842 5.150711 -21.8207
    endloop
  endfacet
  facet normal -0.268380473 0.381089661 -0.884727411
    outer loop
      vertex 3.234633 5.08 -21.847758
      vertex 3.245842 5.150711 -21.8207
      vertex 3.609819 5.08 -21.96157
    endloop
  endfacet
  facet normal -0.268380119 0.381090756 -0.884727047
    outer loop
      vertex 3.609819 5.08 -21.96157
      vertex 3.245842 5.150711 -21.8207
      vertex 3.615533 5.150711 -21.932845
    endloop
  endfacet
  facet normal -0.0906217806 0.381090315 -0.920085792
    outer loop
      vertex 3.609819 5.08 -21.96157
      vertex 3.615533 5.150711 -21.932845
      vertex 4 5.08 -22
    endloop
  endfacet
  facet normal -0.0906183582 0.381103899 -0.920080502
    outer loop
      vertex 4 5.08 -22
      vertex 3.615533 5.150711 -21.932845
      vertex 4 5.150711 -21.970711
    endloop
  endfacet
  facet normal 0.0906212358 0.381103799 -0.920080261
    outer loop
      vertex 4 5.08 -22
      vertex 4 5.150711 -21.970711
      vertex 4.390181 5.08 -21.96157
    endloop
  endfacet
  facet normal 0.0906189111 0.381090214 -0.920086116
    outer loop
      vertex 4.390181 5.08 -21.96157
      vertex 4 5.150711 -21.970711
      vertex 4.384467 5.150711 -21.932845
    endloop
  endfacet
  facet normal 0.268380343 0.381090748 -0.884726983
    outer loop
      vertex 4.390181 5.08 -21.96157
      vertex 4.384467 5.150711 -21.932845
      vertex 4.765367 5.08 -21.847758
    endloop
  endfacet
  facet normal 0.268380251 0.381089653 -0.884727482
    outer loop
      vertex 4.765367 5.08 -21.847758
      vertex 4.384467 5.150711 -21.932845
      vertex 4.754158 5.150711 -21.8207
    endloop
  endfacet
  facet normal 0.435821822 0.38109214 -0.815369928
    outer loop
      vertex 4.765367 5.08 -21.847758
      vertex 4.754158 5.150711 -21.8207
      vertex 5.111141 5.08 -21.662939
    endloop
  endfacet
  facet normal 0.435821771 0.381099577 -0.81536648
    outer loop
      vertex 5.111141 5.08 -21.662939
      vertex 4.754158 5.150711 -21.8207
      vertex 5.094868 5.150711 -21.638587
    endloop
  endfacet
  facet normal 0.586518027 0.38110233 -0.714673085
    outer loop
      vertex 5.111141 5.08 -21.662939
      vertex 5.094868 5.150711 -21.638587
      vertex 5.414214 5.08 -21.414213
    endloop
  endfacet
  facet normal 0.586517029 0.381112587 -0.714668434
    outer loop
      vertex 5.414214 5.08 -21.414213
      vertex 5.094868 5.150711 -21.638587
      vertex 5.393503 5.150711 -21.393502
    endloop
  endfacet
  facet normal 0.714671018 0.381112448 -0.586513971
    outer loop
      vertex 5.414214 5.08 -21.414213
      vertex 5.393503 5.150711 -21.393502
      vertex 5.662939 5.08 -21.11114
    endloop
  endfacet
  facet normal 0.714672593 0.381103879 -0.58651762
    outer loop
      vertex 5.662939 5.08 -21.11114
      vertex 5.393503 5.150711 -21.393502
      vertex 5.638586 5.150711 -21.094868
    endloop
  endfacet
  facet normal 0.815364032 0.381104221 -0.435822289
    outer loop
      vertex 5.662939 5.08 -21.11114
      vertex 5.638586 5.150711 -21.094868
      vertex 5.847759 5.08 -20.765367
    endloop
  endfacet
  facet normal 0.815362037 0.381111798 -0.435819397
    outer loop
      vertex 5.847759 5.08 -20.765367
      vertex 5.638586 5.150711 -21.094868
      vertex 5.820699 5.150711 -20.754158
    endloop
  endfacet
  facet normal 0.884718766 0.381111074 -0.268378566
    outer loop
      vertex 5.847759 5.08 -20.765367
      vertex 5.820699 5.150711 -20.754158
      vertex 5.961571 5.08 -20.390182
    endloop
  endfacet
  facet normal 0.88471733 0.381115389 -0.268377172
    outer loop
      vertex 5.961571 5.08 -20.390182
      vertex 5.820699 5.150711 -20.754158
      vertex 5.932844 5.150711 -20.384467
    endloop
  endfacet
  facet normal 0.920076507 0.381113565 -0.0906182758
    outer loop
      vertex 5.961571 5.08 -20.390182
      vertex 5.932844 5.150711 -20.384467
      vertex 6 5.08 -20
    endloop
  endfacet
  facet normal 0.920080303 0.381103817 -0.0906207316
    outer loop
      vertex 6 5.08 -20
      vertex 5.932844 5.150711 -20.384467
      vertex 5.970711 5.150711 -20
    endloop
  endfacet
  facet normal 0.920080438 0.381103873 0.0906191274
    outer loop
      vertex 6 5.08 -20
      vertex 5.970711 5.150711 -20
      vertex 5.961571 5.08 -19.60982
    endloop
  endfacet
  facet normal 0.920077173 0.381111446 0.0906204234
    outer loop
      vertex 5.961571 5.08 -19.60982
      vertex 5.970711 5.150711 -20
      vertex 5.932844 5.150711 -19.615533
    endloop
  endfacet
  facet normal 0.884720014 0.381108916 0.268377514
    outer loop
      vertex 5.961571 5.08 -19.60982
      vertex 5.932844 5.150711 -19.615533
      vertex 5.847759 5.08 -19.234633
    endloop
  endfacet
  facet normal 0.884719045 0.381111042 0.268377692
    outer loop
      vertex 5.847759 5.08 -19.234633
      vertex 5.932844 5.150711 -19.615533
      vertex 5.820699 5.150711 -19.245842
    endloop
  endfacet
  facet normal 0.815361298 0.381111742 0.435820828
    outer loop
      vertex 5.847759 5.08 -19.234633
      vertex 5.820699 5.150711 -19.245842
      vertex 5.662939 5.08 -18.88886
    endloop
  endfacet
  facet normal 0.815364812 0.381104165 0.43582088
    outer loop
      vertex 5.662939 5.08 -18.88886
      vertex 5.820699 5.150711 -19.245842
      vertex 5.638586 5.150711 -18.905132
    endloop
  endfacet
  facet normal 0.714673728 0.381103942 0.586516196
    outer loop
      vertex 5.662939 5.08 -18.88886
      vertex 5.638586 5.150711 -18.905132
      vertex 5.414214 5.08 -18.585787
    endloop
  endfacet
  facet normal 0.714673081 0.381105369 0.586516057
    outer loop
      vertex 5.414214 5.08 -18.585787
      vertex 5.638586 5.150711 -18.905132
      vertex 5.393503 5.150711 -18.606497
    endloop
  endfacet
  facet normal 0.586519016 0.381103936 0.714671417
    outer loop
      vertex 5.414214 5.08 -18.585787
      vertex 5.393503 5.150711 -18.606497
      vertex 5.111141 5.08 -18.33706
    endloop
  endfacet
  facet normal 0.586516026 0.381110957 0.714670127
    outer loop
      vertex 5.111141 5.08 -18.33706
      vertex 5.393503 5.150711 -18.606497
      vertex 5.094868 5.150711 -18.361413
    endloop
  endfacet
  facet normal 0.435818473 0.381109378 0.815363662
    outer loop
      vertex 5.111141 5.08 -18.33706
      vertex 5.094868 5.150711 -18.361413
      vertex 4.765367 5.08 -18.152241
    endloop
  endfacet
  facet normal 0.435817521 0.381111871 0.815363005
    outer loop
      vertex 4.765367 5.08 -18.152241
      vertex 5.094868 5.150711 -18.361413
      vertex 4.754158 5.150711 -18.179301
    endloop
  endfacet
  facet normal 0.268377914 0.38111105 0.884718974
    outer loop
      vertex 4.765367 5.08 -18.152241
      vertex 4.754158 5.150711 -18.179301
      vertex 4.390181 5.08 -18.038429
    endloop
  endfacet
  facet normal 0.26837756 0.381112145 0.88471861
    outer loop
      vertex 4.390181 5.08 -18.038429
      vertex 4.754158 5.150711 -18.179301
      vertex 4.384467 5.150711 -18.067156
    endloop
  endfacet
  facet normal -0.0383175687 0.92550233 0.37679862
    outer loop
      vertex 3.617533 5.18 -18.138893
      vertex 3.615533 5.150711 -18.067156
      vertex 4 5.18 -18.099999
    endloop
  endfacet
  facet normal -0.0376645432 0.923224173 0.382411438
    outer loop
      vertex 4 5.18 -18.099999
      vertex 3.615533 5.150711 -18.067156
      vertex 4 5.150711 -18.029289
    endloop
  endfacet
  facet normal 0.0376645432 0.923224173 0.382411438
    outer loop
      vertex 4 5.18 -18.099999
      vertex 4 5.150711 -18.029289
      vertex 4.384467 5.150711 -18.067156
    endloop
  endfacet
  facet normal -0.113106902 0.920967314 0.372861952
    outer loop
      vertex 3.615533 5.150711 -18.067156
      vertex 3.617533 5.18 -18.138893
      vertex 3.245842 5.150711 -18.179301
    endloop
  endfacet
  facet normal -0.111847709 0.927582234 0.356484628
    outer loop
      vertex 3.245842 5.150711 -18.179301
      vertex 3.617533 5.18 -18.138893
      vertex 3.250724 5.18 -18.25398
    endloop
  endfacet
  facet normal -0.18610194 0.918771159 0.348174705
    outer loop
      vertex 3.245842 5.150711 -18.179301
      vertex 3.250724 5.18 -18.25398
      vertex 2.905132 5.150711 -18.361413
    endloop
  endfacet
  facet normal -0.1790549 0.929446981 0.322595182
    outer loop
      vertex 2.905132 5.150711 -18.361413
      vertex 3.250724 5.18 -18.25398
      vertex 2.914591 5.18 -18.440549
    endloop
  endfacet
  facet normal -0.253554225 0.916655039 0.308955975
    outer loop
      vertex 2.905132 5.150711 -18.361413
      vertex 2.914591 5.18 -18.440549
      vertex 2.606497 5.150711 -18.606497
    endloop
  endfacet
  facet normal -0.237579749 0.931110634 0.276746907
    outer loop
      vertex 2.606497 5.150711 -18.606497
      vertex 2.914591 5.18 -18.440549
      vertex 2.622894 5.18 -18.690963
    endloop
  endfacet
  facet normal -0.312525495 0.914628057 0.256482616
    outer loop
      vertex 2.606497 5.150711 -18.606497
      vertex 2.622894 5.18 -18.690963
      vertex 2.361414 5.150711 -18.905132
    endloop
  endfacet
  facet normal -0.285418357 0.932590977 0.22093083
    outer loop
      vertex 2.361414 5.150711 -18.905132
      vertex 2.622894 5.18 -18.690963
      vertex 2.387576 5.18 -18.994968
    endloop
  endfacet
  facet normal -0.36036859 0.912705724 0.192620719
    outer loop
      vertex 2.361414 5.150711 -18.905132
      vertex 2.387576 5.18 -18.994968
      vertex 2.179301 5.150711 -19.245842
    endloop
  endfacet
  facet normal -0.320986183 0.933904257 0.157450654
    outer loop
      vertex 2.179301 5.150711 -19.245842
      vertex 2.387576 5.18 -18.994968
      vertex 2.218271 5.18 -19.340121
    endloop
  endfacet
  facet normal -0.394846653 0.91090606 0.119775915
    outer loop
      vertex 2.179301 5.150711 -19.245842
      vertex 2.218271 5.18 -19.340121
      vertex 2.067156 5.150711 -19.615533
    endloop
  endfacet
  facet normal -0.343171729 0.935060513 0.0888538204
    outer loop
      vertex 2.067156 5.150711 -19.615533
      vertex 2.218271 5.18 -19.340121
      vertex 2.12191 5.18 -19.712287
    endloop
  endfacet
  facet normal -0.414269605 0.909239168 0.0408023241
    outer loop
      vertex 2.067156 5.150711 -19.615533
      vertex 2.12191 5.18 -19.712287
      vertex 2.029289 5.150711 -20
    endloop
  endfacet
  facet normal -0.351358546 0.936071406 0.017818397
    outer loop
      vertex 2.029289 5.150711 -20
      vertex 2.12191 5.18 -19.712287
      vertex 2.102439 5.18 -20.096233
    endloop
  endfacet
  facet normal -0.417551723 0.907722009 -0.0411255871
    outer loop
      vertex 2.029289 5.150711 -20
      vertex 2.102439 5.18 -20.096233
      vertex 2.067156 5.150711 -20.384467
    endloop
  endfacet
  facet normal -0.345452317 0.936942956 -0.0529206413
    outer loop
      vertex 2.067156 5.150711 -20.384467
      vertex 2.102439 5.18 -20.096233
      vertex 2.160653 5.18 -20.476239
    endloop
  endfacet
  facet normal -0.404312189 0.90636047 -0.122647266
    outer loop
      vertex 2.067156 5.150711 -20.384467
      vertex 2.160653 5.18 -20.476239
      vertex 2.179301 5.150711 -20.754158
    endloop
  endfacet
  facet normal -0.325857654 0.937684442 -0.120684203
    outer loop
      vertex 2.179301 5.150711 -20.754158
      vertex 2.160653 5.18 -20.476239
      vertex 2.294171 5.18 -20.836749
    endloop
  endfacet
  facet normal -0.374858099 0.905171292 -0.20036551
    outer loop
      vertex 2.179301 5.150711 -20.754158
      vertex 2.294171 5.18 -20.836749
      vertex 2.361414 5.150711 -21.094868
    endloop
  endfacet
  facet normal -0.293472022 0.938303436 -0.182923026
    outer loop
      vertex 2.361414 5.150711 -21.094868
      vertex 2.294171 5.18 -20.836749
      vertex 2.497526 5.18 -21.163001
    endloop
  endfacet
  facet normal -0.33021505 0.904166197 -0.271000941
    outer loop
      vertex 2.361414 5.150711 -21.094868
      vertex 2.497526 5.18 -21.163001
      vertex 2.606497 5.150711 -21.393502
    endloop
  endfacet
  facet normal -0.24966091 0.938801852 -0.237319432
    outer loop
      vertex 2.606497 5.150711 -21.393502
      vertex 2.497526 5.18 -21.163001
      vertex 2.762392 5.18 -21.441641
    endloop
  endfacet
  facet normal -0.272097414 0.903348172 -0.331549509
    outer loop
      vertex 2.606497 5.150711 -21.393502
      vertex 2.762392 5.18 -21.441641
      vertex 2.905132 5.150711 -21.638587
    endloop
  endfacet
  facet normal -0.196174478 0.939188182 -0.281853034
    outer loop
      vertex 2.905132 5.150711 -21.638587
      vertex 2.762392 5.18 -21.441641
      vertex 3.077926 5.18 -21.661258
    endloop
  endfacet
  facet normal -0.202794049 0.902734187 -0.379401583
    outer loop
      vertex 2.905132 5.150711 -21.638587
      vertex 3.077926 5.18 -21.661258
      vertex 3.245842 5.150711 -21.8207
    endloop
  endfacet
  facet normal -0.135131173 0.939459699 -0.314888932
    outer loop
      vertex 3.245842 5.150711 -21.8207
      vertex 3.077926 5.18 -21.661258
      vertex 3.43121 5.18 -21.812866
    endloop
  endfacet
  facet normal -0.125136083 0.902314217 -0.412516684
    outer loop
      vertex 3.245842 5.150711 -21.8207
      vertex 3.43121 5.18 -21.812866
      vertex 3.615533 5.150711 -21.932845
    endloop
  endfacet
  facet normal -0.0688859201 0.939622601 -0.335207543
    outer loop
      vertex 3.615533 5.150711 -21.932845
      vertex 3.43121 5.18 -21.812866
      vertex 3.80778 5.18 -21.890252
    endloop
  endfacet
  facet normal -0.0422946431 0.902107982 -0.429432593
    outer loop
      vertex 3.615533 5.150711 -21.932845
      vertex 3.80778 5.18 -21.890252
      vertex 4 5.150711 -21.970711
    endloop
  endfacet
  facet normal 0 0.939676408 -0.342064683
    outer loop
      vertex 4 5.150711 -21.970711
      vertex 3.80778 5.18 -21.890252
      vertex 4.19222 5.18 -21.890252
    endloop
  endfacet
  facet normal 0.0422946431 0.902107982 -0.429432593
    outer loop
      vertex 4 5.150711 -21.970711
      vertex 4.19222 5.18 -21.890252
      vertex 4.384467 5.150711 -21.932845
    endloop
  endfacet
  facet normal 0.0688859201 0.939622601 -0.335207543
    outer loop
      vertex 4.384467 5.150711 -21.932845
      vertex 4.19222 5.18 -21.890252
      vertex 4.56879 5.18 -21.812866
    endloop
  endfacet
  facet normal 0.125136083 0.902314217 -0.412516684
    outer loop
      vertex 4.384467 5.150711 -21.932845
      vertex 4.56879 5.18 -21.812866
      vertex 4.754158 5.150711 -21.8207
    endloop
  endfacet
  facet normal 0.135131173 0.939459699 -0.314888932
    outer loop
      vertex 4.754158 5.150711 -21.8207
      vertex 4.56879 5.18 -21.812866
      vertex 4.922074 5.18 -21.661258
    endloop
  endfacet
  facet normal 0.202794049 0.902734187 -0.379401583
    outer loop
      vertex 4.754158 5.150711 -21.8207
      vertex 4.922074 5.18 -21.661258
      vertex 5.094868 5.150711 -21.638587
    endloop
  endfacet
  facet normal 0.196174478 0.939188182 -0.281853034
    outer loop
      vertex 5.094868 5.150711 -21.638587
      vertex 4.922074 5.18 -21.661258
      vertex 5.237608 5.18 -21.441641
    endloop
  endfacet
  facet normal 0.272097414 0.903348172 -0.331549509
    outer loop
      vertex 5.094868 5.150711 -21.638587
      vertex 5.237608 5.18 -21.441641
      vertex 5.393503 5.150711 -21.393502
    endloop
  endfacet
  facet normal 0.24966091 0.938801852 -0.237319432
    outer loop
      vertex 5.393503 5.150711 -21.393502
      vertex 5.237608 5.18 -21.441641
      vertex 5.502474 5.18 -21.163001
    endloop
  endfacet
  facet normal 0.33021505 0.904166197 -0.271000941
    outer loop
      vertex 5.393503 5.150711 -21.393502
      vertex 5.502474 5.18 -21.163001
      vertex 5.638586 5.150711 -21.094868
    endloop
  endfacet
  facet normal 0.293472022 0.938303436 -0.182923026
    outer loop
      vertex 5.638586 5.150711 -21.094868
      vertex 5.502474 5.18 -21.163001
      vertex 5.705829 5.18 -20.836749
    endloop
  endfacet
  facet normal 0.374858099 0.905171292 -0.20036551
    outer loop
      vertex 5.638586 5.150711 -21.094868
      vertex 5.705829 5.18 -20.836749
      vertex 5.820699 5.150711 -20.754158
    endloop
  endfacet
  facet normal 0.325857654 0.937684442 -0.120684203
    outer loop
      vertex 5.820699 5.150711 -20.754158
      vertex 5.705829 5.18 -20.836749
      vertex 5.839347 5.18 -20.476239
    endloop
  endfacet
  facet normal 0.404312189 0.90636047 -0.122647266
    outer loop
      vertex 5.820699 5.150711 -20.754158
      vertex 5.839347 5.18 -20.476239
      vertex 5.932844 5.150711 -20.384467
    endloop
  endfacet
  facet normal 0.345452317 0.936942956 -0.0529206413
    outer loop
      vertex 5.932844 5.150711 -20.384467
      vertex 5.839347 5.18 -20.476239
      vertex 5.897561 5.18 -20.096233
    endloop
  endfacet
  facet normal 0.417551723 0.907722009 -0.0411255871
    outer loop
      vertex 5.932844 5.150711 -20.384467
      vertex 5.897561 5.18 -20.096233
      vertex 5.970711 5.150711 -20
    endloop
  endfacet
  facet normal 0.351358546 0.936071406 0.017818397
    outer loop
      vertex 5.970711 5.150711 -20
      vertex 5.897561 5.18 -20.096233
      vertex 5.87809 5.18 -19.712287
    endloop
  endfacet
  facet normal 0.414269605 0.909239168 0.0408023241
    outer loop
      vertex 5.970711 5.150711 -20
      vertex 5.87809 5.18 -19.712287
      vertex 5.932844 5.150711 -19.615533
    endloop
  endfacet
  facet normal 0.343171729 0.935060513 0.0888538204
    outer loop
      vertex 5.932844 5.150711 -19.615533
      vertex 5.87809 5.18 -19.712287
      vertex 5.781729 5.18 -19.340121
    endloop
  endfacet
  facet normal 0.394846653 0.91090606 0.119775915
    outer loop
      vertex 5.932844 5.150711 -19.615533
      vertex 5.781729 5.18 -19.340121
      vertex 5.820699 5.150711 -19.245842
    endloop
  endfacet
  facet normal 0.320986183 0.933904257 0.157450654
    outer loop
      vertex 5.820699 5.150711 -19.245842
      vertex 5.781729 5.18 -19.340121
      vertex 5.612424 5.18 -18.994968
    endloop
  endfacet
  facet normal 0.36036859 0.912705724 0.192620719
    outer loop
      vertex 5.820699 5.150711 -19.245842
      vertex 5.612424 5.18 -18.994968
      vertex 5.638586 5.150711 -18.905132
    endloop
  endfacet
  facet normal 0.285418357 0.932590977 0.22093083
    outer loop
      vertex 5.638586 5.150711 -18.905132
      vertex 5.612424 5.18 -18.994968
      vertex 5.377106 5.18 -18.690963
    endloop
  endfacet
  facet normal 0.312525495 0.914628057 0.256482616
    outer loop
      vertex 5.638586 5.150711 -18.905132
      vertex 5.377106 5.18 -18.690963
      vertex 5.393503 5.150711 -18.606497
    endloop
  endfacet
  facet normal 0.237580416 0.931110514 0.276746736
    outer loop
      vertex 5.393503 5.150711 -18.606497
      vertex 5.377106 5.18 -18.690963
      vertex 5.08541 5.18 -18.440549
    endloop
  endfacet
  facet normal 0.253556238 0.916653656 0.308958426
    outer loop
      vertex 5.393503 5.150711 -18.606497
      vertex 5.08541 5.18 -18.440549
      vertex 5.094868 5.150711 -18.361413
    endloop
  endfacet
  facet normal 0.17905543 0.929446214 0.322597098
    outer loop
      vertex 5.094868 5.150711 -18.361413
      vertex 5.08541 5.18 -18.440549
      vertex 4.749276 5.18 -18.25398
    endloop
  endfacet
  facet normal 0.18610194 0.918771159 0.348174705
    outer loop
      vertex 5.094868 5.150711 -18.361413
      vertex 4.749276 5.18 -18.25398
      vertex 4.754158 5.150711 -18.179301
    endloop
  endfacet
  facet normal 0.111847709 0.927582234 0.356484628
    outer loop
      vertex 4.754158 5.150711 -18.179301
      vertex 4.749276 5.18 -18.25398
      vertex 4.382467 5.18 -18.138893
    endloop
  endfacet
  facet normal 0.113106902 0.920967314 0.372861952
    outer loop
      vertex 4.754158 5.150711 -18.179301
      vertex 4.382467 5.18 -18.138893
      vertex 4.384467 5.150711 -18.067156
    endloop
  endfacet
  facet normal 0.0383175687 0.92550233 0.37679862
    outer loop
      vertex 4.384467 5.150711 -18.067156
      vertex 4.382467 5.18 -18.138893
      vertex 4 5.18 -18.099999
    endloop
  endfacet
  facet normal 0 1 0
    outer loop
      vertex 4 5.18 -66.100001
      vertex 4.382467 5.18 -66.138892
      vertex 3.617533 5.18 -66.138892
    endloop
  endfacet
  facet normal -0 1 0
    outer loop
      vertex 3.617533 5.18 -66.138892
      vertex 4.382467 5.18 -66.138892
      vertex 4.749276 5.18 -66.253982
    endloop
  endfacet
  facet normal 0 1 0
    outer loop
      vertex 3.617533 5.18 -66.138892
      vertex 4.749276 5.18 -66.253982
      vertex 3.250724 5.18 -66.253982
    endloop
  endfacet
  facet normal -0 1 0
    outer loop
      vertex 3.250724 5.18 -66.253982
      vertex 4.749276 5.18 -66.253982
      vertex 5.08541 5.18 -66.440549
    endloop
  endfacet
  facet normal 0 1 0
    outer loop
      vertex 3.250724 5.18 -66.253982
      vertex 5.08541 5.18 -66.440549
      vertex 2.914591 5.18 -66.440549
    endloop
  endfacet
  facet normal -0 1 0
    outer loop
      vertex 2.914591 5.18 -66.440549
      vertex 5.08541 5.18 -66.440549
      vertex 5.377106 5.18 -66.690965
    endloop
  endfacet
  facet normal 0 1 0
    outer loop
      vertex 2.914591 5.18 -66.440549
      vertex 5.377106 5.18 -66.690965
      vertex 2.622894 5.18 -66.690965
    endloop
  endfacet
  facet normal -0 1 0
    outer loop
      vertex 2.622894 5.18 -66.690965
      vertex 5.377106 5.18 -66.690965
      vertex 5.612424 5.18 -66.994967
    endloop
  endfacet
  facet normal 0 1 0
    outer loop
      vertex 2.622894 5.18 -66.690965
      vertex 5.612424 5.18 -66.994967
      vertex 5.781729 5.18 -67.340121
    endloop
  endfacet
  facet normal 0 1 0
    outer loop
      vertex 5.781729 5.18 -67.340121
      vertex 5.87809 5.18 -67.712288
      vertex 2.622894 5.18 -66.690965
    endloop
  endfacet
  facet normal 0 1 0
    outer loop
      vertex 2.622894 5.18 -66.690965
      vertex 5.87809 5.18 -67.712288
      vertex 5.897561 5.18 -68.096232
    endloop
  endfacet
  facet normal 0 1 0
    outer loop
      vertex 2.622894 5.18 -66.690965
      vertex 5.897561 5.18 -68.096232
      vertex 5.839347 5.18 -68.476238
    endloop
  endfacet
  facet normal 0 1 0
    outer loop
      vertex 5.839347 5.18 -68.476238
      vertex 5.705829 5.18 -68.836751
      vertex 2.622894 5.18 -66.690965
    endloop
  endfacet
  facet normal 0 1 0
    outer loop
      vertex 2.622894 5.18 -66.690965
      vertex 5.705829 5.18 -68.836751
      vertex 5.502474 5.18 -69.163003
    endloop
  endfacet
  facet normal 0 1 0
    outer loop
      vertex 2.622894 5.18 -66.690965
      vertex 5.502474 5.18 -69.163003
      vertex 5.237608 5.18 -69.441643
    endloop
  endfacet
  facet normal 0 1 0
    outer loop
      vertex 5.237608 5.18 -69.441643
      vertex 4.922074 5.18 -69.66126
      vertex 2.622894 5.18 -66.690965
    endloop
  endfacet
  facet normal 0 1 0
    outer loop
      vertex 2.622894 5.18 -66.690965
      vertex 4.922074 5.18 -69.66126
      vertex 4.56879 5.18 -69.812865
    endloop
  endfacet
  facet normal 0 1 0
    outer loop
      vertex 2.622894 5.18 -66.690965
      vertex 4.56879 5.18 -69.812865
      vertex 4.19222 5.18 -69.890251
    endloop
  endfacet
  facet normal 0 1 0
    outer loop
      vertex 4.19222 5.18 -69.890251
      vertex 3.80778 5.18 -69.890251
      vertex 2.622894 5.18 -66.690965
    endloop
  endfacet
  facet normal 0 1 0
    outer loop
      vertex 2.622894 5.18 -66.690965
      vertex 3.80778 5.18 -69.890251
      vertex 3.43121 5.18 -69.812865
    endloop
  endfacet
  facet normal 0 1 0
    outer loop
      vertex 2.622894 5.18 -66.690965
      vertex 3.43121 5.18 -69.812865
      vertex 2.387576 5.18 -66.994967
    endloop
  endfacet
  facet normal 0 1 0
    outer loop
      vertex 2.387576 5.18 -66.994967
      vertex 3.43121 5.18 -69.812865
      vertex 3.077926 5.18 -69.66126
    endloop
  endfacet
  facet normal 0 1 0
    outer loop
      vertex 2.387576 5.18 -66.994967
      vertex 3.077926 5.18 -69.66126
      vertex 2.762392 5.18 -69.441643
    endloop
  endfacet
  facet normal 0 1 0
    outer loop
      vertex 2.762392 5.18 -69.441643
      vertex 2.497526 5.18 -69.163003
      vertex 2.387576 5.18 -66.994967
    endloop
  endfacet
  facet normal 0 1 0
    outer loop
      vertex 2.387576 5.18 -66.994967
      vertex 2.497526 5.18 -69.163003
      vertex 2.294171 5.18 -68.836751
    endloop
  endfacet
  facet normal 0 1 0
    outer loop
      vertex 2.387576 5.18 -66.994967
      vertex 2.294171 5.18 -68.836751
      vertex 2.218271 5.18 -67.340121
    endloop
  endfacet
  facet normal 0 1 0
    outer loop
      vertex 2.218271 5.18 -67.340121
      vertex 2.294171 5.18 -68.836751
      vertex 2.160653 5.18 -68.476238
    endloop
  endfacet
  facet normal 0 1 0
    outer loop
      vertex 2.218271 5.18 -67.340121
      vertex 2.160653 5.18 -68.476238
      vertex 2.12191 5.18 -67.712288
    endloop
  endfacet
  facet normal 0 1 0
    outer loop
      vertex 2.12191 5.18 -67.712288
      vertex 2.160653 5.18 -68.476238
      vertex 2.102439 5.18 -68.096232
    endloop
  endfacet
  facet normal 0 1 0
    outer loop
      vertex 4 5.18 -74.099998
      vertex 4.382467 5.18 -74.138894
      vertex 3.617533 5.18 -74.138894
    endloop
  endfacet
  facet normal -0 1 0
    outer loop
      vertex 3.617533 5.18 -74.138894
      vertex 4.382467 5.18 -74.138894
      vertex 4.749276 5.18 -74.253979
    endloop
  endfacet
  facet normal 0 1 0
    outer loop
      vertex 3.617533 5.18 -74.138894
      vertex 4.749276 5.18 -74.253979
      vertex 3.250724 5.18 -74.253979
    endloop
  endfacet
  facet normal -0 1 0
    outer loop
      vertex 3.250724 5.18 -74.253979
      vertex 4.749276 5.18 -74.253979
      vertex 5.08541 5.18 -74.440551
    endloop
  endfacet
  facet normal 0 1 0
    outer loop
      vertex 3.250724 5.18 -74.253979
      vertex 5.08541 5.18 -74.440551
      vertex 2.914591 5.18 -74.440551
    endloop
  endfacet
  facet normal -0 1 0
    outer loop
      vertex 2.914591 5.18 -74.440551
      vertex 5.08541 5.18 -74.440551
      vertex 5.377106 5.18 -74.690962
    endloop
  endfacet
  facet normal 0 1 0
    outer loop
      vertex 2.914591 5.18 -74.440551
      vertex 5.377106 5.18 -74.690962
      vertex 2.622894 5.18 -74.690962
    endloop
  endfacet
  facet normal -0 1 0
    outer loop
      vertex 2.622894 5.18 -74.690962
      vertex 5.377106 5.18 -74.690962
      vertex 5.612424 5.18 -74.994969
    endloop
  endfacet
  facet normal 0 1 0
    outer loop
      vertex 2.622894 5.18 -74.690962
      vertex 5.612424 5.18 -74.994969
      vertex 5.781729 5.18 -75.340118
    endloop
  endfacet
  facet normal 0 1 0
    outer loop
      vertex 5.781729 5.18 -75.340118
      vertex 5.87809 5.18 -75.712285
      vertex 2.622894 5.18 -74.690962
    endloop
  endfacet
  facet normal 0 1 0
    outer loop
      vertex 2.622894 5.18 -74.690962
      vertex 5.87809 5.18 -75.712285
      vertex 5.897561 5.18 -76.096234
    endloop
  endfacet
  facet normal 0 1 0
    outer loop
      vertex 2.622894 5.18 -74.690962
      vertex 5.897561 5.18 -76.096234
      vertex 5.839347 5.18 -76.47624
    endloop
  endfacet
  facet normal 0 1 0
    outer loop
      vertex 5.839347 5.18 -76.47624
      vertex 5.705829 5.18 -76.836748
      vertex 2.622894 5.18 -74.690962
    endloop
  endfacet
  facet normal 0 1 0
    outer loop
      vertex 2.622894 5.18 -74.690962
      vertex 5.705829 5.18 -76.836748
      vertex 5.502474 5.18 -77.163
    endloop
  endfacet
  facet normal 0 1 0
    outer loop
      vertex 2.622894 5.18 -74.690962
      vertex 5.502474 5.18 -77.163
      vertex 5.237608 5.18 -77.44164
    endloop
  endfacet
  facet normal 0 1 0
    outer loop
      vertex 5.237608 5.18 -77.44164
      vertex 4.922074 5.18 -77.661257
      vertex 2.622894 5.18 -74.690962
    endloop
  endfacet
  facet normal 0 1 0
    outer loop
      vertex 2.622894 5.18 -74.690962
      vertex 4.922074 5.18 -77.661257
      vertex 4.56879 5.18 -77.812862
    endloop
  endfacet
  facet normal 0 1 0
    outer loop
      vertex 2.622894 5.18 -74.690962
      vertex 4.56879 5.18 -77.812862
      vertex 4.19222 5.18 -77.890253
    endloop
  endfacet
  facet normal 0 1 0
    outer loop
      vertex 4.19222 5.18 -77.890253
      vertex 3.80778 5.18 -77.890253
      vertex 2.622894 5.18 -74.690962
    endloop
  endfacet
  facet normal 0 1 0
    outer loop
      vertex 2.622894 5.18 -74.690962
      vertex 3.80778 5.18 -77.890253
      vertex 3.43121 5.18 -77.812862
    endloop
  endfacet
  facet normal 0 1 0
    outer loop
      vertex 2.622894 5.18 -74.690962
      vertex 3.43121 5.18 -77.812862
      vertex 2.387576 5.18 -74.994969
    endloop
  endfacet
  facet normal 0 1 0
    outer loop
      vertex 2.387576 5.18 -74.994969
      vertex 3.43121 5.18 -77.812862
      vertex 3.077926 5.18 -77.661257
    endloop
  endfacet
  facet normal 0 1 0
    outer loop
      vertex 2.387576 5.18 -74.994969
      vertex 3.077926 5.18 -77.661257
      vertex 2.762392 5.18 -77.44164
    endloop
  endfacet
  facet normal 0 1 0
    outer loop
      vertex 2.762392 5.18 -77.44164
      vertex 2.497526 5.18 -77.163
      vertex 2.387576 5.18 -74.994969
    endloop
  endfacet
  facet normal 0 1 0
    outer loop
      vertex 2.387576 5.18 -74.994969
      vertex 2.497526 5.18 -77.163
      vertex 2.294171 5.18 -76.836748
    endloop
  endfacet
  facet normal 0 1 0
    outer loop
      vertex 2.387576 5.18 -74.994969
      vertex 2.294171 5.18 -76.836748
      vertex 2.218271 5.18 -75.340118
    endloop
  endfacet
  facet normal 0 1 0
    outer loop
      vertex 2.218271 5.18 -75.340118
      vertex 2.294171 5.18 -76.836748
      vertex 2.160653 5.18 -76.47624
    endloop
  endfacet
  facet normal 0 1 0
    outer loop
      vertex 2.218271 5.18 -75.340118
      vertex 2.160653 5.18 -76.47624
      vertex 2.12191 5.18 -75.712285
    endloop
  endfacet
  facet normal 0 1 0
    outer loop
      vertex 2.12191 5.18 -75.712285
      vertex 2.160653 5.18 -76.47624
      vertex 2.102439 5.18 -76.096234
    endloop
  endfacet
  facet normal -0.0980134163 0 0.995185093
    outer loop
      vertex 3.609819 5.08 -58.03843
      vertex 3.609819 3.33 -58.03843
      vertex 4 5.08 -58.000002
    endloop
  endfacet
  facet normal -0.0980134163 0 0.995185093
    outer loop
      vertex 4 5.08 -58.000002
      vertex 3.609819 3.33 -58.03843
      vertex 4 3.33 -58.000002
    endloop
  endfacet
  facet normal 0.0980134163 0 0.995185093
    outer loop
      vertex 4 5.08 -58.000002
      vertex 4 3.33 -58.000002
      vertex 4.390181 5.08 -58.03843
    endloop
  endfacet
  facet normal 0.0980134163 0 0.995185093
    outer loop
      vertex 4.390181 5.08 -58.03843
      vertex 4 3.33 -58.000002
      vertex 4.390181 3.33 -58.03843
    endloop
  endfacet
  facet normal 0.290286011 0 0.956939931
    outer loop
      vertex 4.390181 5.08 -58.03843
      vertex 4.390181 3.33 -58.03843
      vertex 4.765367 5.08 -58.152242
    endloop
  endfacet
  facet normal 0.290286011 0 0.956939931
    outer loop
      vertex 4.765367 5.08 -58.152242
      vertex 4.390181 3.33 -58.03843
      vertex 4.765367 3.33 -58.152242
    endloop
  endfacet
  facet normal 0.471390679 0 0.881924502
    outer loop
      vertex 4.765367 5.08 -58.152242
      vertex 4.765367 3.33 -58.152242
      vertex 5.111141 5.08 -58.337059
    endloop
  endfacet
  facet normal 0.471390679 0 0.881924502
    outer loop
      vertex 5.111141 5.08 -58.337059
      vertex 4.765367 3.33 -58.152242
      vertex 5.111141 3.33 -58.337059
    endloop
  endfacet
  facet normal 0.634396968 0 0.77300743
    outer loop
      vertex 5.111141 5.08 -58.337059
      vertex 5.111141 3.33 -58.337059
      vertex 5.414214 5.08 -58.585787
    endloop
  endfacet
  facet normal 0.634396968 0 0.77300743
    outer loop
      vertex 5.414214 5.08 -58.585787
      vertex 5.111141 3.33 -58.337059
      vertex 5.414214 3.33 -58.585787
    endloop
  endfacet
  facet normal 0.773011183 0 0.634392395
    outer loop
      vertex 5.414214 5.08 -58.585787
      vertex 5.414214 3.33 -58.585787
      vertex 5.662939 5.08 -58.88886
    endloop
  endfacet
  facet normal 0.773011183 0 0.634392395
    outer loop
      vertex 5.662939 5.08 -58.88886
      vertex 5.414214 3.33 -58.585787
      vertex 5.662939 3.33 -58.88886
    endloop
  endfacet
  facet normal 0.881920754 0 0.471397691
    outer loop
      vertex 5.662939 5.08 -58.88886
      vertex 5.662939 3.33 -58.88886
      vertex 5.847759 5.08 -59.234633
    endloop
  endfacet
  facet normal 0.881920754 0 0.471397691
    outer loop
      vertex 5.847759 5.08 -59.234633
      vertex 5.662939 3.33 -58.88886
      vertex 5.847759 3.33 -59.234633
    endloop
  endfacet
  facet normal 0.956939716 0 0.29028672
    outer loop
      vertex 5.847759 5.08 -59.234633
      vertex 5.847759 3.33 -59.234633
      vertex 5.961571 5.08 -59.609818
    endloop
  endfacet
  facet normal 0.956939716 0 0.29028672
    outer loop
      vertex 5.961571 5.08 -59.609818
      vertex 5.847759 3.33 -59.234633
      vertex 5.961571 3.33 -59.609818
    endloop
  endfacet
  facet normal 0.995184869 0 0.0980156935
    outer loop
      vertex 5.961571 5.08 -59.609818
      vertex 5.961571 3.33 -59.609818
      vertex 6 5.08 -60
    endloop
  endfacet
  facet normal 0.995184869 0 0.0980156935
    outer loop
      vertex 6 5.08 -60
      vertex 5.961571 3.33 -59.609818
      vertex 6 3.33 -60
    endloop
  endfacet
  facet normal 0.995184869 0 -0.0980156935
    outer loop
      vertex 6 5.08 -60
      vertex 6 3.33 -60
      vertex 5.961571 5.08 -60.390182
    endloop
  endfacet
  facet normal 0.995184869 0 -0.0980156935
    outer loop
      vertex 5.961571 5.08 -60.390182
      vertex 6 3.33 -60
      vertex 5.961571 3.33 -60.390182
    endloop
  endfacet
  facet normal 0.956939716 0 -0.29028672
    outer loop
      vertex 5.961571 5.08 -60.390182
      vertex 5.961571 3.33 -60.390182
      vertex 5.847759 5.08 -60.765367
    endloop
  endfacet
  facet normal 0.956939716 0 -0.29028672
    outer loop
      vertex 5.847759 5.08 -60.765367
      vertex 5.961571 3.33 -60.390182
      vertex 5.847759 3.33 -60.765367
    endloop
  endfacet
  facet normal 0.881920754 0 -0.471397691
    outer loop
      vertex 5.847759 5.08 -60.765367
      vertex 5.847759 3.33 -60.765367
      vertex 5.662939 5.08 -61.11114
    endloop
  endfacet
  facet normal 0.881920754 0 -0.471397691
    outer loop
      vertex 5.662939 5.08 -61.11114
      vertex 5.847759 3.33 -60.765367
      vertex 5.662939 3.33 -61.11114
    endloop
  endfacet
  facet normal 0.773011183 0 -0.634392395
    outer loop
      vertex 5.662939 5.08 -61.11114
      vertex 5.662939 3.33 -61.11114
      vertex 5.414214 5.08 -61.414213
    endloop
  endfacet
  facet normal 0.773011183 0 -0.634392395
    outer loop
      vertex 5.414214 5.08 -61.414213
      vertex 5.662939 3.33 -61.11114
      vertex 5.414214 3.33 -61.414213
    endloop
  endfacet
  facet normal 0.634396968 0 -0.77300743
    outer loop
      vertex 5.414214 5.08 -61.414213
      vertex 5.414214 3.33 -61.414213
      vertex 5.111141 5.08 -61.662941
    endloop
  endfacet
  facet normal 0.634396968 0 -0.77300743
    outer loop
      vertex 5.111141 5.08 -61.662941
      vertex 5.414214 3.33 -61.414213
      vertex 5.111141 3.33 -61.662941
    endloop
  endfacet
  facet normal 0.471390679 0 -0.881924502
    outer loop
      vertex 5.111141 5.08 -61.662941
      vertex 5.111141 3.33 -61.662941
      vertex 4.765367 5.08 -61.847758
    endloop
  endfacet
  facet normal 0.471390679 0 -0.881924502
    outer loop
      vertex 4.765367 5.08 -61.847758
      vertex 5.111141 3.33 -61.662941
      vertex 4.765367 3.33 -61.847758
    endloop
  endfacet
  facet normal 0.290286011 0 -0.956939931
    outer loop
      vertex 4.765367 5.08 -61.847758
      vertex 4.765367 3.33 -61.847758
      vertex 4.390181 5.08 -61.96157
    endloop
  endfacet
  facet normal 0.290286011 0 -0.956939931
    outer loop
      vertex 4.390181 5.08 -61.96157
      vertex 4.765367 3.33 -61.847758
      vertex 4.390181 3.33 -61.96157
    endloop
  endfacet
  facet normal 0.0980134163 0 -0.995185093
    outer loop
      vertex 4.390181 5.08 -61.96157
      vertex 4.390181 3.33 -61.96157
      vertex 4 5.08 -61.999998
    endloop
  endfacet
  facet normal 0.0980134163 0 -0.995185093
    outer loop
      vertex 4 5.08 -61.999998
      vertex 4.390181 3.33 -61.96157
      vertex 4 3.33 -61.999998
    endloop
  endfacet
  facet normal -0.0980134163 -0 -0.995185093
    outer loop
      vertex 4 5.08 -61.999998
      vertex 4 3.33 -61.999998
      vertex 3.609819 5.08 -61.96157
    endloop
  endfacet
  facet normal -0.0980134163 -0 -0.995185093
    outer loop
      vertex 3.609819 5.08 -61.96157
      vertex 4 3.33 -61.999998
      vertex 3.609819 3.33 -61.96157
    endloop
  endfacet
  facet normal -0.290286011 -0 -0.956939931
    outer loop
      vertex 3.609819 5.08 -61.96157
      vertex 3.609819 3.33 -61.96157
      vertex 3.234633 5.08 -61.847758
    endloop
  endfacet
  facet normal -0.290286011 -0 -0.956939931
    outer loop
      vertex 3.234633 5.08 -61.847758
      vertex 3.609819 3.33 -61.96157
      vertex 3.234633 3.33 -61.847758
    endloop
  endfacet
  facet normal -0.47139174 -0 -0.881923935
    outer loop
      vertex 3.234633 5.08 -61.847758
      vertex 3.234633 3.33 -61.847758
      vertex 2.88886 5.08 -61.662941
    endloop
  endfacet
  facet normal -0.47139174 -0 -0.881923935
    outer loop
      vertex 2.88886 5.08 -61.662941
      vertex 3.234633 3.33 -61.847758
      vertex 2.88886 3.33 -61.662941
    endloop
  endfacet
  facet normal -0.634396968 -0 -0.77300743
    outer loop
      vertex 2.88886 5.08 -61.662941
      vertex 2.88886 3.33 -61.662941
      vertex 2.585787 5.08 -61.414213
    endloop
  endfacet
  facet normal -0.634396968 -0 -0.77300743
    outer loop
      vertex 2.585787 5.08 -61.414213
      vertex 2.88886 3.33 -61.662941
      vertex 2.585787 3.33 -61.414213
    endloop
  endfacet
  facet normal -0.773009932 -0 -0.634393919
    outer loop
      vertex 2.585787 5.08 -61.414213
      vertex 2.585787 3.33 -61.414213
      vertex 2.337061 5.08 -61.11114
    endloop
  endfacet
  facet normal -0.773009932 -0 -0.634393919
    outer loop
      vertex 2.337061 5.08 -61.11114
      vertex 2.585787 3.33 -61.414213
      vertex 2.337061 3.33 -61.11114
    endloop
  endfacet
  facet normal -0.881920754 -0 -0.471397691
    outer loop
      vertex 2.337061 5.08 -61.11114
      vertex 2.337061 3.33 -61.11114
      vertex 2.152241 5.08 -60.765367
    endloop
  endfacet
  facet normal -0.881920754 -0 -0.471397691
    outer loop
      vertex 2.152241 5.08 -60.765367
      vertex 2.337061 3.33 -61.11114
      vertex 2.152241 3.33 -60.765367
    endloop
  endfacet
  facet normal -0.956939716 -0 -0.29028672
    outer loop
      vertex 2.152241 5.08 -60.765367
      vertex 2.152241 3.33 -60.765367
      vertex 2.038429 5.08 -60.390182
    endloop
  endfacet
  facet normal -0.956939716 -0 -0.29028672
    outer loop
      vertex 2.038429 5.08 -60.390182
      vertex 2.152241 3.33 -60.765367
      vertex 2.038429 3.33 -60.390182
    endloop
  endfacet
  facet normal -0.995184869 -0 -0.0980156935
    outer loop
      vertex 2.038429 5.08 -60.390182
      vertex 2.038429 3.33 -60.390182
      vertex 2 5.08 -60
    endloop
  endfacet
  facet normal -0.995184869 -0 -0.0980156935
    outer loop
      vertex 2 5.08 -60
      vertex 2.038429 3.33 -60.390182
      vertex 2 3.33 -60
    endloop
  endfacet
  facet normal -0.995184869 0 0.0980156935
    outer loop
      vertex 2 5.08 -60
      vertex 2 3.33 -60
      vertex 2.038429 5.08 -59.609818
    endloop
  endfacet
  facet normal -0.995184869 0 0.0980156935
    outer loop
      vertex 2.038429 5.08 -59.609818
      vertex 2 3.33 -60
      vertex 2.038429 3.33 -59.609818
    endloop
  endfacet
  facet normal -0.956939716 0 0.29028672
    outer loop
      vertex 2.038429 5.08 -59.609818
      vertex 2.038429 3.33 -59.609818
      vertex 2.152241 5.08 -59.234633
    endloop
  endfacet
  facet normal -0.956939716 0 0.29028672
    outer loop
      vertex 2.152241 5.08 -59.234633
      vertex 2.038429 3.33 -59.609818
      vertex 2.152241 3.33 -59.234633
    endloop
  endfacet
  facet normal -0.881920754 0 0.471397691
    outer loop
      vertex 2.152241 5.08 -59.234633
      vertex 2.152241 3.33 -59.234633
      vertex 2.337061 5.08 -58.88886
    endloop
  endfacet
  facet normal -0.881920754 0 0.471397691
    outer loop
      vertex 2.337061 5.08 -58.88886
      vertex 2.152241 3.33 -59.234633
      vertex 2.337061 3.33 -58.88886
    endloop
  endfacet
  facet normal -0.773009932 0 0.634393919
    outer loop
      vertex 2.337061 5.08 -58.88886
      vertex 2.337061 3.33 -58.88886
      vertex 2.585787 5.08 -58.585787
    endloop
  endfacet
  facet normal -0.773009932 0 0.634393919
    outer loop
      vertex 2.585787 5.08 -58.585787
      vertex 2.337061 3.33 -58.88886
      vertex 2.585787 3.33 -58.585787
    endloop
  endfacet
  facet normal -0.634396968 0 0.77300743
    outer loop
      vertex 2.585787 5.08 -58.585787
      vertex 2.585787 3.33 -58.585787
      vertex 2.88886 5.08 -58.337059
    endloop
  endfacet
  facet normal -0.634396968 0 0.77300743
    outer loop
      vertex 2.88886 5.08 -58.337059
      vertex 2.585787 3.33 -58.585787
      vertex 2.88886 3.33 -58.337059
    endloop
  endfacet
  facet normal -0.47139174 0 0.881923935
    outer loop
      vertex 2.88886 5.08 -58.337059
      vertex 2.88886 3.33 -58.337059
      vertex 3.234633 5.08 -58.152242
    endloop
  endfacet
  facet normal -0.47139174 0 0.881923935
    outer loop
      vertex 3.234633 5.08 -58.152242
      vertex 2.88886 3.33 -58.337059
      vertex 3.234633 3.33 -58.152242
    endloop
  endfacet
  facet normal -0.290286011 0 0.956939931
    outer loop
      vertex 3.234633 5.08 -58.152242
      vertex 3.234633 3.33 -58.152242
      vertex 3.609819 5.08 -58.03843
    endloop
  endfacet
  facet normal -0.290286011 0 0.956939931
    outer loop
      vertex 3.609819 5.08 -58.03843
      vertex 3.234633 3.33 -58.152242
      vertex 3.609819 3.33 -58.03843
    endloop
  endfacet
  facet normal -0.0980209945 0 0.995184347
    outer loop
      vertex 3.609819 5.08 -26.03843
      vertex 3.609819 3.33 -26.03843
      vertex 4 5.08 -25.999999
    endloop
  endfacet
  facet normal -0.0980209945 0 0.995184347
    outer loop
      vertex 4 5.08 -25.999999
      vertex 3.609819 3.33 -26.03843
      vertex 4 3.33 -25.999999
    endloop
  endfacet
  facet normal 0.0980209945 0 0.995184347
    outer loop
      vertex 4 5.08 -25.999999
      vertex 4 3.33 -25.999999
      vertex 4.390181 5.08 -26.03843
    endloop
  endfacet
  facet normal 0.0980209945 0 0.995184347
    outer loop
      vertex 4.390181 5.08 -26.03843
      vertex 4 3.33 -25.999999
      vertex 4.390181 3.33 -26.03843
    endloop
  endfacet
  facet normal 0.290283676 0 0.95694064
    outer loop
      vertex 4.390181 5.08 -26.03843
      vertex 4.390181 3.33 -26.03843
      vertex 4.765367 5.08 -26.152241
    endloop
  endfacet
  facet normal 0.290283676 0 0.95694064
    outer loop
      vertex 4.765367 5.08 -26.152241
      vertex 4.390181 3.33 -26.03843
      vertex 4.765367 3.33 -26.152241
    endloop
  endfacet
  facet normal 0.471396631 0 0.881921321
    outer loop
      vertex 4.765367 5.08 -26.152241
      vertex 4.765367 3.33 -26.152241
      vertex 5.111141 5.08 -26.337061
    endloop
  endfacet
  facet normal 0.471396631 0 0.881921321
    outer loop
      vertex 5.111141 5.08 -26.337061
      vertex 4.765367 3.33 -26.152241
      vertex 5.111141 3.33 -26.337061
    endloop
  endfacet
  facet normal 0.634392395 0 0.773011183
    outer loop
      vertex 5.111141 5.08 -26.337061
      vertex 5.111141 3.33 -26.337061
      vertex 5.414214 5.08 -26.585786
    endloop
  endfacet
  facet normal 0.634392395 0 0.773011183
    outer loop
      vertex 5.414214 5.08 -26.585786
      vertex 5.111141 3.33 -26.337061
      vertex 5.414214 3.33 -26.585786
    endloop
  endfacet
  facet normal 0.773011183 0 0.634392395
    outer loop
      vertex 5.414214 5.08 -26.585786
      vertex 5.414214 3.33 -26.585786
      vertex 5.662939 5.08 -26.888859
    endloop
  endfacet
  facet normal 0.773011183 0 0.634392395
    outer loop
      vertex 5.662939 5.08 -26.888859
      vertex 5.414214 3.33 -26.585786
      vertex 5.662939 3.33 -26.888859
    endloop
  endfacet
  facet normal 0.881921321 0 0.471396631
    outer loop
      vertex 5.662939 5.08 -26.888859
      vertex 5.662939 3.33 -26.888859
      vertex 5.847759 5.08 -27.234633
    endloop
  endfacet
  facet normal 0.881921321 0 0.471396631
    outer loop
      vertex 5.847759 5.08 -27.234633
      vertex 5.662939 3.33 -26.888859
      vertex 5.847759 3.33 -27.234633
    endloop
  endfacet
  facet normal 0.956940146 0 0.290285303
    outer loop
      vertex 5.847759 5.08 -27.234633
      vertex 5.847759 3.33 -27.234633
      vertex 5.961571 5.08 -27.60982
    endloop
  endfacet
  facet normal 0.956940146 0 0.290285303
    outer loop
      vertex 5.961571 5.08 -27.60982
      vertex 5.847759 3.33 -27.234633
      vertex 5.961571 3.33 -27.60982
    endloop
  endfacet
  facet normal 0.99518482 0 0.0980161911
    outer loop
      vertex 5.961571 5.08 -27.60982
      vertex 5.961571 3.33 -27.60982
      vertex 6 5.08 -28
    endloop
  endfacet
  facet normal 0.99518482 0 0.0980161911
    outer loop
      vertex 6 5.08 -28
      vertex 5.961571 3.33 -27.60982
      vertex 6 3.33 -28
    endloop
  endfacet
  facet normal 0.995184845 0 -0.0980159423
    outer loop
      vertex 6 5.08 -28
      vertex 6 3.33 -28
      vertex 5.961571 5.08 -28.390181
    endloop
  endfacet
  facet normal 0.995184845 0 -0.0980159423
    outer loop
      vertex 5.961571 5.08 -28.390181
      vertex 6 3.33 -28
      vertex 5.961571 3.33 -28.390181
    endloop
  endfacet
  facet normal 0.956939716 0 -0.29028672
    outer loop
      vertex 5.961571 5.08 -28.390181
      vertex 5.961571 3.33 -28.390181
      vertex 5.847759 5.08 -28.765366
    endloop
  endfacet
  facet normal 0.956939716 0 -0.29028672
    outer loop
      vertex 5.847759 5.08 -28.765366
      vertex 5.961571 3.33 -28.390181
      vertex 5.847759 3.33 -28.765366
    endloop
  endfacet
  facet normal 0.881921321 0 -0.471396631
    outer loop
      vertex 5.847759 5.08 -28.765366
      vertex 5.847759 3.33 -28.765366
      vertex 5.662939 5.08 -29.11114
    endloop
  endfacet
  facet normal 0.881921321 0 -0.471396631
    outer loop
      vertex 5.662939 5.08 -29.11114
      vertex 5.847759 3.33 -28.765366
      vertex 5.662939 3.33 -29.11114
    endloop
  endfacet
  facet normal 0.773011183 0 -0.634392395
    outer loop
      vertex 5.662939 5.08 -29.11114
      vertex 5.662939 3.33 -29.11114
      vertex 5.414214 5.08 -29.414213
    endloop
  endfacet
  facet normal 0.773011183 0 -0.634392395
    outer loop
      vertex 5.414214 5.08 -29.414213
      vertex 5.662939 3.33 -29.11114
      vertex 5.414214 3.33 -29.414213
    endloop
  endfacet
  facet normal 0.634392395 0 -0.773011183
    outer loop
      vertex 5.414214 5.08 -29.414213
      vertex 5.414214 3.33 -29.414213
      vertex 5.111141 5.08 -29.662938
    endloop
  endfacet
  facet normal 0.634392395 0 -0.773011183
    outer loop
      vertex 5.111141 5.08 -29.662938
      vertex 5.414214 3.33 -29.414213
      vertex 5.111141 3.33 -29.662938
    endloop
  endfacet
  facet normal 0.471400598 0 -0.8819192
    outer loop
      vertex 5.111141 5.08 -29.662938
      vertex 5.111141 3.33 -29.662938
      vertex 4.765367 5.08 -29.84776
    endloop
  endfacet
  facet normal 0.471400598 0 -0.8819192
    outer loop
      vertex 4.765367 5.08 -29.84776
      vertex 5.111141 3.33 -29.662938
      vertex 4.765367 3.33 -29.84776
    endloop
  endfacet
  facet normal 0.290286011 0 -0.956939931
    outer loop
      vertex 4.765367 5.08 -29.84776
      vertex 4.765367 3.33 -29.84776
      vertex 4.390181 5.08 -29.961572
    endloop
  endfacet
  facet normal 0.290286011 0 -0.956939931
    outer loop
      vertex 4.390181 5.08 -29.961572
      vertex 4.765367 3.33 -29.84776
      vertex 4.390181 3.33 -29.961572
    endloop
  endfacet
  facet normal 0.0980134163 0 -0.995185093
    outer loop
      vertex 4.390181 5.08 -29.961572
      vertex 4.390181 3.33 -29.961572
      vertex 4 5.08 -30
    endloop
  endfacet
  facet normal 0.0980134163 0 -0.995185093
    outer loop
      vertex 4 5.08 -30
      vertex 4.390181 3.33 -29.961572
      vertex 4 3.33 -30
    endloop
  endfacet
  facet normal -0.0980134163 -0 -0.995185093
    outer loop
      vertex 4 5.08 -30
      vertex 4 3.33 -30
      vertex 3.609819 5.08 -29.961572
    endloop
  endfacet
  facet normal -0.0980134163 -0 -0.995185093
    outer loop
      vertex 3.609819 5.08 -29.961572
      vertex 4 3.33 -30
      vertex 3.609819 3.33 -29.961572
    endloop
  endfacet
  facet normal -0.290286011 -0 -0.956939931
    outer loop
      vertex 3.609819 5.08 -29.961572
      vertex 3.609819 3.33 -29.961572
      vertex 3.234633 5.08 -29.84776
    endloop
  endfacet
  facet normal -0.290286011 -0 -0.956939931
    outer loop
      vertex 3.234633 5.08 -29.84776
      vertex 3.609819 3.33 -29.961572
      vertex 3.234633 3.33 -29.84776
    endloop
  endfacet
  facet normal -0.471401659 -0 -0.881918634
    outer loop
      vertex 3.234633 5.08 -29.84776
      vertex 3.234633 3.33 -29.84776
      vertex 2.88886 5.08 -29.662938
    endloop
  endfacet
  facet normal -0.471401659 -0 -0.881918634
    outer loop
      vertex 2.88886 5.08 -29.662938
      vertex 3.234633 3.33 -29.84776
      vertex 2.88886 3.33 -29.662938
    endloop
  endfacet
  facet normal -0.634392395 -0 -0.773011183
    outer loop
      vertex 2.88886 5.08 -29.662938
      vertex 2.88886 3.33 -29.662938
      vertex 2.585787 5.08 -29.414213
    endloop
  endfacet
  facet normal -0.634392395 -0 -0.773011183
    outer loop
      vertex 2.585787 5.08 -29.414213
      vertex 2.88886 3.33 -29.662938
      vertex 2.585787 3.33 -29.414213
    endloop
  endfacet
  facet normal -0.773009932 -0 -0.634393919
    outer loop
      vertex 2.585787 5.08 -29.414213
      vertex 2.585787 3.33 -29.414213
      vertex 2.337061 5.08 -29.11114
    endloop
  endfacet
  facet normal -0.773009932 -0 -0.634393919
    outer loop
      vertex 2.337061 5.08 -29.11114
      vertex 2.585787 3.33 -29.414213
      vertex 2.337061 3.33 -29.11114
    endloop
  endfacet
  facet normal -0.881921321 -0 -0.471396631
    outer loop
      vertex 2.337061 5.08 -29.11114
      vertex 2.337061 3.33 -29.11114
      vertex 2.152241 5.08 -28.765366
    endloop
  endfacet
  facet normal -0.881921321 -0 -0.471396631
    outer loop
      vertex 2.152241 5.08 -28.765366
      vertex 2.337061 3.33 -29.11114
      vertex 2.152241 3.33 -28.765366
    endloop
  endfacet
  facet normal -0.956939716 -0 -0.29028672
    outer loop
      vertex 2.152241 5.08 -28.765366
      vertex 2.152241 3.33 -28.765366
      vertex 2.038429 5.08 -28.390181
    endloop
  endfacet
  facet normal -0.956939716 -0 -0.29028672
    outer loop
      vertex 2.038429 5.08 -28.390181
      vertex 2.152241 3.33 -28.765366
      vertex 2.038429 3.33 -28.390181
    endloop
  endfacet
  facet normal -0.995184845 -0 -0.0980159423
    outer loop
      vertex 2.038429 5.08 -28.390181
      vertex 2.038429 3.33 -28.390181
      vertex 2 5.08 -28
    endloop
  endfacet
  facet normal -0.995184845 -0 -0.0980159423
    outer loop
      vertex 2 5.08 -28
      vertex 2.038429 3.33 -28.390181
      vertex 2 3.33 -28
    endloop
  endfacet
  facet normal -0.99518482 0 0.0980161911
    outer loop
      vertex 2 5.08 -28
      vertex 2 3.33 -28
      vertex 2.038429 5.08 -27.60982
    endloop
  endfacet
  facet normal -0.99518482 0 0.0980161911
    outer loop
      vertex 2.038429 5.08 -27.60982
      vertex 2 3.33 -28
      vertex 2.038429 3.33 -27.60982
    endloop
  endfacet
  facet normal -0.956940146 0 0.290285303
    outer loop
      vertex 2.038429 5.08 -27.60982
      vertex 2.038429 3.33 -27.60982
      vertex 2.152241 5.08 -27.234633
    endloop
  endfacet
  facet normal -0.956940146 0 0.290285303
    outer loop
      vertex 2.152241 5.08 -27.234633
      vertex 2.038429 3.33 -27.60982
      vertex 2.152241 3.33 -27.234633
    endloop
  endfacet
  facet normal -0.881921321 0 0.471396631
    outer loop
      vertex 2.152241 5.08 -27.234633
      vertex 2.152241 3.33 -27.234633
      vertex 2.337061 5.08 -26.888859
    endloop
  endfacet
  facet normal -0.881921321 0 0.471396631
    outer loop
      vertex 2.337061 5.08 -26.888859
      vertex 2.152241 3.33 -27.234633
      vertex 2.337061 3.33 -26.888859
    endloop
  endfacet
  facet normal -0.773009932 0 0.634393919
    outer loop
      vertex 2.337061 5.08 -26.888859
      vertex 2.337061 3.33 -26.888859
      vertex 2.585787 5.08 -26.585786
    endloop
  endfacet
  facet normal -0.773009932 0 0.634393919
    outer loop
      vertex 2.585787 5.08 -26.585786
      vertex 2.337061 3.33 -26.888859
      vertex 2.585787 3.33 -26.585786
    endloop
  endfacet
  facet normal -0.634392395 0 0.773011183
    outer loop
      vertex 2.585787 5.08 -26.585786
      vertex 2.585787 3.33 -26.585786
      vertex 2.88886 5.08 -26.337061
    endloop
  endfacet
  facet normal -0.634392395 0 0.773011183
    outer loop
      vertex 2.88886 5.08 -26.337061
      vertex 2.585787 3.33 -26.585786
      vertex 2.88886 3.33 -26.337061
    endloop
  endfacet
  facet normal -0.471397691 0 0.881920754
    outer loop
      vertex 2.88886 5.08 -26.337061
      vertex 2.88886 3.33 -26.337061
      vertex 3.234633 5.08 -26.152241
    endloop
  endfacet
  facet normal -0.471397691 0 0.881920754
    outer loop
      vertex 3.234633 5.08 -26.152241
      vertex 2.88886 3.33 -26.337061
      vertex 3.234633 3.33 -26.152241
    endloop
  endfacet
  facet normal -0.290283676 0 0.95694064
    outer loop
      vertex 3.234633 5.08 -26.152241
      vertex 3.234633 3.33 -26.152241
      vertex 3.609819 5.08 -26.03843
    endloop
  endfacet
  facet normal -0.290283676 0 0.95694064
    outer loop
      vertex 3.609819 5.08 -26.03843
      vertex 3.234633 3.33 -26.152241
      vertex 3.609819 3.33 -26.03843
    endloop
  endfacet
  facet normal -0.0980134163 0 0.995185093
    outer loop
      vertex 3.609819 5.08 -66.038427
      vertex 3.609819 3.33 -66.038427
      vertex 4 5.08 -65.999999
    endloop
  endfacet
  facet normal -0.0980134163 0 0.995185093
    outer loop
      vertex 4 5.08 -65.999999
      vertex 3.609819 3.33 -66.038427
      vertex 4 3.33 -65.999999
    endloop
  endfacet
  facet normal 0.0980134163 0 0.995185093
    outer loop
      vertex 4 5.08 -65.999999
      vertex 4 3.33 -65.999999
      vertex 4.390181 5.08 -66.038427
    endloop
  endfacet
  facet normal 0.0980134163 0 0.995185093
    outer loop
      vertex 4.390181 5.08 -66.038427
      vertex 4 3.33 -65.999999
      vertex 4.390181 3.33 -66.038427
    endloop
  endfacet
  facet normal 0.290286011 0 0.956939931
    outer loop
      vertex 4.390181 5.08 -66.038427
      vertex 4.390181 3.33 -66.038427
      vertex 4.765367 5.08 -66.152239
    endloop
  endfacet
  facet normal 0.290286011 0 0.956939931
    outer loop
      vertex 4.765367 5.08 -66.152239
      vertex 4.390181 3.33 -66.038427
      vertex 4.765367 3.33 -66.152239
    endloop
  endfacet
  facet normal 0.471400598 0 0.8819192
    outer loop
      vertex 4.765367 5.08 -66.152239
      vertex 4.765367 3.33 -66.152239
      vertex 5.111141 5.08 -66.337061
    endloop
  endfacet
  facet normal 0.471400598 0 0.8819192
    outer loop
      vertex 5.111141 5.08 -66.337061
      vertex 4.765367 3.33 -66.152239
      vertex 5.111141 3.33 -66.337061
    endloop
  endfacet
  facet normal 0.634396968 0 0.77300743
    outer loop
      vertex 5.111141 5.08 -66.337061
      vertex 5.111141 3.33 -66.337061
      vertex 5.414214 5.08 -66.585789
    endloop
  endfacet
  facet normal 0.634396968 0 0.77300743
    outer loop
      vertex 5.414214 5.08 -66.585789
      vertex 5.111141 3.33 -66.337061
      vertex 5.414214 3.33 -66.585789
    endloop
  endfacet
  facet normal 0.773011183 0 0.634392395
    outer loop
      vertex 5.414214 5.08 -66.585789
      vertex 5.414214 3.33 -66.585789
      vertex 5.662939 5.08 -66.888862
    endloop
  endfacet
  facet normal 0.773011183 0 0.634392395
    outer loop
      vertex 5.662939 5.08 -66.888862
      vertex 5.414214 3.33 -66.585789
      vertex 5.662939 3.33 -66.888862
    endloop
  endfacet
  facet normal 0.881920754 0 0.471397691
    outer loop
      vertex 5.662939 5.08 -66.888862
      vertex 5.662939 3.33 -66.888862
      vertex 5.847759 5.08 -67.234635
    endloop
  endfacet
  facet normal 0.881920754 0 0.471397691
    outer loop
      vertex 5.847759 5.08 -67.234635
      vertex 5.662939 3.33 -66.888862
      vertex 5.847759 3.33 -67.234635
    endloop
  endfacet
  facet normal 0.956939716 0 0.29028672
    outer loop
      vertex 5.847759 5.08 -67.234635
      vertex 5.847759 3.33 -67.234635
      vertex 5.961571 5.08 -67.60982
    endloop
  endfacet
  facet normal 0.956939716 0 0.29028672
    outer loop
      vertex 5.961571 5.08 -67.60982
      vertex 5.847759 3.33 -67.234635
      vertex 5.961571 3.33 -67.60982
    endloop
  endfacet
  facet normal 0.995184869 0 0.0980156935
    outer loop
      vertex 5.961571 5.08 -67.60982
      vertex 5.961571 3.33 -67.60982
      vertex 6 5.08 -68.000002
    endloop
  endfacet
  facet normal 0.995184869 0 0.0980156935
    outer loop
      vertex 6 5.08 -68.000002
      vertex 5.961571 3.33 -67.60982
      vertex 6 3.33 -68.000002
    endloop
  endfacet
  facet normal 0.995184747 0 -0.0980169375
    outer loop
      vertex 6 5.08 -68.000002
      vertex 6 3.33 -68.000002
      vertex 5.961571 5.08 -68.390179
    endloop
  endfacet
  facet normal 0.995184747 0 -0.0980169375
    outer loop
      vertex 5.961571 5.08 -68.390179
      vertex 6 3.33 -68.000002
      vertex 5.961571 3.33 -68.390179
    endloop
  endfacet
  facet normal 0.956940576 0 -0.290283886
    outer loop
      vertex 5.961571 5.08 -68.390179
      vertex 5.961571 3.33 -68.390179
      vertex 5.847759 5.08 -68.765368
    endloop
  endfacet
  facet normal 0.956940576 0 -0.290283886
    outer loop
      vertex 5.847759 5.08 -68.765368
      vertex 5.961571 3.33 -68.390179
      vertex 5.847759 3.33 -68.765368
    endloop
  endfacet
  facet normal 0.881921321 0 -0.471396631
    outer loop
      vertex 5.847759 5.08 -68.765368
      vertex 5.847759 3.33 -68.765368
      vertex 5.662939 5.08 -69.111142
    endloop
  endfacet
  facet normal 0.881921321 0 -0.471396631
    outer loop
      vertex 5.662939 5.08 -69.111142
      vertex 5.847759 3.33 -68.765368
      vertex 5.662939 3.33 -69.111142
    endloop
  endfacet
  facet normal 0.773011183 0 -0.634392395
    outer loop
      vertex 5.662939 5.08 -69.111142
      vertex 5.662939 3.33 -69.111142
      vertex 5.414214 5.08 -69.414215
    endloop
  endfacet
  facet normal 0.773011183 0 -0.634392395
    outer loop
      vertex 5.414214 5.08 -69.414215
      vertex 5.662939 3.33 -69.111142
      vertex 5.414214 3.33 -69.414215
    endloop
  endfacet
  facet normal 0.634389347 0 -0.773013684
    outer loop
      vertex 5.414214 5.08 -69.414215
      vertex 5.414214 3.33 -69.414215
      vertex 5.111141 5.08 -69.662938
    endloop
  endfacet
  facet normal 0.634389347 0 -0.773013684
    outer loop
      vertex 5.111141 5.08 -69.662938
      vertex 5.414214 3.33 -69.414215
      vertex 5.111141 3.33 -69.662938
    endloop
  endfacet
  facet normal 0.471400598 0 -0.8819192
    outer loop
      vertex 5.111141 5.08 -69.662938
      vertex 5.111141 3.33 -69.662938
      vertex 4.765367 5.08 -69.84776
    endloop
  endfacet
  facet normal 0.471400598 0 -0.8819192
    outer loop
      vertex 4.765367 5.08 -69.84776
      vertex 5.111141 3.33 -69.662938
      vertex 4.765367 3.33 -69.84776
    endloop
  endfacet
  facet normal 0.290286011 0 -0.956939931
    outer loop
      vertex 4.765367 5.08 -69.84776
      vertex 4.765367 3.33 -69.84776
      vertex 4.390181 5.08 -69.961572
    endloop
  endfacet
  facet normal 0.290286011 0 -0.956939931
    outer loop
      vertex 4.390181 5.08 -69.961572
      vertex 4.765367 3.33 -69.84776
      vertex 4.390181 3.33 -69.961572
    endloop
  endfacet
  facet normal 0.0980134163 0 -0.995185093
    outer loop
      vertex 4.390181 5.08 -69.961572
      vertex 4.390181 3.33 -69.961572
      vertex 4 5.08 -70
    endloop
  endfacet
  facet normal 0.0980134163 0 -0.995185093
    outer loop
      vertex 4 5.08 -70
      vertex 4.390181 3.33 -69.961572
      vertex 4 3.33 -70
    endloop
  endfacet
  facet normal -0.0980134163 -0 -0.995185093
    outer loop
      vertex 4 5.08 -70
      vertex 4 3.33 -70
      vertex 3.609819 5.08 -69.961572
    endloop
  endfacet
  facet normal -0.0980134163 -0 -0.995185093
    outer loop
      vertex 3.609819 5.08 -69.961572
      vertex 4 3.33 -70
      vertex 3.609819 3.33 -69.961572
    endloop
  endfacet
  facet normal -0.290286011 -0 -0.956939931
    outer loop
      vertex 3.609819 5.08 -69.961572
      vertex 3.609819 3.33 -69.961572
      vertex 3.234633 5.08 -69.84776
    endloop
  endfacet
  facet normal -0.290286011 -0 -0.956939931
    outer loop
      vertex 3.234633 5.08 -69.84776
      vertex 3.609819 3.33 -69.961572
      vertex 3.234633 3.33 -69.84776
    endloop
  endfacet
  facet normal -0.471401659 -0 -0.881918634
    outer loop
      vertex 3.234633 5.08 -69.84776
      vertex 3.234633 3.33 -69.84776
      vertex 2.88886 5.08 -69.662938
    endloop
  endfacet
  facet normal -0.471401659 -0 -0.881918634
    outer loop
      vertex 2.88886 5.08 -69.662938
      vertex 3.234633 3.33 -69.84776
      vertex 2.88886 3.33 -69.662938
    endloop
  endfacet
  facet normal -0.634389347 -0 -0.773013684
    outer loop
      vertex 2.88886 5.08 -69.662938
      vertex 2.88886 3.33 -69.662938
      vertex 2.585787 5.08 -69.414215
    endloop
  endfacet
  facet normal -0.634389347 -0 -0.773013684
    outer loop
      vertex 2.585787 5.08 -69.414215
      vertex 2.88886 3.33 -69.662938
      vertex 2.585787 3.33 -69.414215
    endloop
  endfacet
  facet normal -0.773009932 -0 -0.634393919
    outer loop
      vertex 2.585787 5.08 -69.414215
      vertex 2.585787 3.33 -69.414215
      vertex 2.337061 5.08 -69.111142
    endloop
  endfacet
  facet normal -0.773009932 -0 -0.634393919
    outer loop
      vertex 2.337061 5.08 -69.111142
      vertex 2.585787 3.33 -69.414215
      vertex 2.337061 3.33 -69.111142
    endloop
  endfacet
  facet normal -0.881921321 -0 -0.471396631
    outer loop
      vertex 2.337061 5.08 -69.111142
      vertex 2.337061 3.33 -69.111142
      vertex 2.152241 5.08 -68.765368
    endloop
  endfacet
  facet normal -0.881921321 -0 -0.471396631
    outer loop
      vertex 2.152241 5.08 -68.765368
      vertex 2.337061 3.33 -69.111142
      vertex 2.152241 3.33 -68.765368
    endloop
  endfacet
  facet normal -0.956940576 -0 -0.290283886
    outer loop
      vertex 2.152241 5.08 -68.765368
      vertex 2.152241 3.33 -68.765368
      vertex 2.038429 5.08 -68.390179
    endloop
  endfacet
  facet normal -0.956940576 -0 -0.290283886
    outer loop
      vertex 2.038429 5.08 -68.390179
      vertex 2.152241 3.33 -68.765368
      vertex 2.038429 3.33 -68.390179
    endloop
  endfacet
  facet normal -0.995184747 -0 -0.0980169375
    outer loop
      vertex 2.038429 5.08 -68.390179
      vertex 2.038429 3.33 -68.390179
      vertex 2 5.08 -68.000002
    endloop
  endfacet
  facet normal -0.995184747 -0 -0.0980169375
    outer loop
      vertex 2 5.08 -68.000002
      vertex 2.038429 3.33 -68.390179
      vertex 2 3.33 -68.000002
    endloop
  endfacet
  facet normal -0.995184869 0 0.0980156935
    outer loop
      vertex 2 5.08 -68.000002
      vertex 2 3.33 -68.000002
      vertex 2.038429 5.08 -67.60982
    endloop
  endfacet
  facet normal -0.995184869 0 0.0980156935
    outer loop
      vertex 2.038429 5.08 -67.60982
      vertex 2 3.33 -68.000002
      vertex 2.038429 3.33 -67.60982
    endloop
  endfacet
  facet normal -0.956939716 0 0.29028672
    outer loop
      vertex 2.038429 5.08 -67.60982
      vertex 2.038429 3.33 -67.60982
      vertex 2.152241 5.08 -67.234635
    endloop
  endfacet
  facet normal -0.956939716 0 0.29028672
    outer loop
      vertex 2.152241 5.08 -67.234635
      vertex 2.038429 3.33 -67.60982
      vertex 2.152241 3.33 -67.234635
    endloop
  endfacet
  facet normal -0.881920754 0 0.471397691
    outer loop
      vertex 2.152241 5.08 -67.234635
      vertex 2.152241 3.33 -67.234635
      vertex 2.337061 5.08 -66.888862
    endloop
  endfacet
  facet normal -0.881920754 0 0.471397691
    outer loop
      vertex 2.337061 5.08 -66.888862
      vertex 2.152241 3.33 -67.234635
      vertex 2.337061 3.33 -66.888862
    endloop
  endfacet
  facet normal -0.773009932 0 0.634393919
    outer loop
      vertex 2.337061 5.08 -66.888862
      vertex 2.337061 3.33 -66.888862
      vertex 2.585787 5.08 -66.585789
    endloop
  endfacet
  facet normal -0.773009932 0 0.634393919
    outer loop
      vertex 2.585787 5.08 -66.585789
      vertex 2.337061 3.33 -66.888862
      vertex 2.585787 3.33 -66.585789
    endloop
  endfacet
  facet normal -0.634396968 0 0.77300743
    outer loop
      vertex 2.585787 5.08 -66.585789
      vertex 2.585787 3.33 -66.585789
      vertex 2.88886 5.08 -66.337061
    endloop
  endfacet
  facet normal -0.634396968 0 0.77300743
    outer loop
      vertex 2.88886 5.08 -66.337061
      vertex 2.585787 3.33 -66.585789
      vertex 2.88886 3.33 -66.337061
    endloop
  endfacet
  facet normal -0.471401659 0 0.881918634
    outer loop
      vertex 2.88886 5.08 -66.337061
      vertex 2.88886 3.33 -66.337061
      vertex 3.234633 5.08 -66.152239
    endloop
  endfacet
  facet normal -0.471401659 0 0.881918634
    outer loop
      vertex 3.234633 5.08 -66.152239
      vertex 2.88886 3.33 -66.337061
      vertex 3.234633 3.33 -66.152239
    endloop
  endfacet
  facet normal -0.290286011 0 0.956939931
    outer loop
      vertex 3.234633 5.08 -66.152239
      vertex 3.234633 3.33 -66.152239
      vertex 3.609819 5.08 -66.038427
    endloop
  endfacet
  facet normal -0.290286011 0 0.956939931
    outer loop
      vertex 3.609819 5.08 -66.038427
      vertex 3.234633 3.33 -66.152239
      vertex 3.609819 3.33 -66.038427
    endloop
  endfacet
  facet normal 0.0906148695 0.381145761 0.920063506
    outer loop
      vertex 4.390181 5.08 -66.038427
      vertex 4.384467 5.150711 -66.067157
      vertex 4 5.08 -65.999999
    endloop
  endfacet
  facet normal 0.09061701 0.381137265 0.920066814
    outer loop
      vertex 4 5.08 -65.999999
      vertex 4.384467 5.150711 -66.067157
      vertex 4 5.150711 -66.029291
    endloop
  endfacet
  facet normal -0.0906152103 0.381137327 0.920066966
    outer loop
      vertex 4 5.08 -65.999999
      vertex 4 5.150711 -66.029291
      vertex 3.609819 5.08 -66.038427
    endloop
  endfacet
  facet normal -0.0906166642 0.381145823 0.920063303
    outer loop
      vertex 3.609819 5.08 -66.038427
      vertex 4 5.150711 -66.029291
      vertex 3.615533 5.150711 -66.067157
    endloop
  endfacet
  facet normal -0.268373944 0.38114422 0.884705889
    outer loop
      vertex 3.609819 5.08 -66.038427
      vertex 3.615533 5.150711 -66.067157
      vertex 3.234633 5.08 -66.152239
    endloop
  endfacet
  facet normal -0.268371146 0.381110804 0.884721133
    outer loop
      vertex 3.234633 5.08 -66.152239
      vertex 3.615533 5.150711 -66.067157
      vertex 3.245842 5.150711 -66.179299
    endloop
  endfacet
  facet normal -0.435824524 0.381111598 0.81535939
    outer loop
      vertex 3.234633 5.08 -66.152239
      vertex 3.245842 5.150711 -66.179299
      vertex 2.88886 5.08 -66.337061
    endloop
  endfacet
  facet normal -0.435824642 0.381094382 0.815367373
    outer loop
      vertex 2.88886 5.08 -66.337061
      vertex 3.245842 5.150711 -66.179299
      vertex 2.905132 5.150711 -66.361413
    endloop
  endfacet
  facet normal -0.586522732 0.381095113 0.714673072
    outer loop
      vertex 2.88886 5.08 -66.337061
      vertex 2.905132 5.150711 -66.361413
      vertex 2.585787 5.08 -66.585789
    endloop
  endfacet
  facet normal -0.586523402 0.381088219 0.714676198
    outer loop
      vertex 2.585787 5.08 -66.585789
      vertex 2.905132 5.150711 -66.361413
      vertex 2.606497 5.150711 -66.606498
    endloop
  endfacet
  facet normal -0.714677112 0.381089692 0.586521331
    outer loop
      vertex 2.585787 5.08 -66.585789
      vertex 2.606497 5.150711 -66.606498
      vertex 2.337061 5.08 -66.888862
    endloop
  endfacet
  facet normal -0.714678424 0.381082556 0.58652437
    outer loop
      vertex 2.337061 5.08 -66.888862
      vertex 2.606497 5.150711 -66.606498
      vertex 2.361414 5.150711 -66.905131
    endloop
  endfacet
  facet normal -0.815369778 0.381088416 0.43582536
    outer loop
      vertex 2.337061 5.08 -66.888862
      vertex 2.361414 5.150711 -66.905131
      vertex 2.152241 5.08 -67.234635
    endloop
  endfacet
  facet normal -0.815367782 0.381095993 0.435822468
    outer loop
      vertex 2.152241 5.08 -67.234635
      vertex 2.361414 5.150711 -66.905131
      vertex 2.179301 5.150711 -67.245841
    endloop
  endfacet
  facet normal -0.884722605 0.381101341 0.26837973
    outer loop
      vertex 2.152241 5.08 -67.234635
      vertex 2.179301 5.150711 -67.245841
      vertex 2.038429 5.08 -67.60982
    endloop
  endfacet
  facet normal -0.884720082 0.381108925 0.26837728
    outer loop
      vertex 2.038429 5.08 -67.60982
      vertex 2.179301 5.150711 -67.245841
      vertex 2.067156 5.150711 -67.615533
    endloop
  endfacet
  facet normal -0.920077406 0.381111374 0.0906183643
    outer loop
      vertex 2.038429 5.08 -67.60982
      vertex 2.067156 5.150711 -67.615533
      vertex 2 5.08 -68.000002
    endloop
  endfacet
  facet normal -0.920080342 0.381103833 0.0906202641
    outer loop
      vertex 2 5.08 -68.000002
      vertex 2.067156 5.150711 -67.615533
      vertex 2.029289 5.150711 -68.000002
    endloop
  endfacet
  facet normal -0.92008038 0.381103849 -0.0906198185
    outer loop
      vertex 2 5.08 -68.000002
      vertex 2.029289 5.150711 -68.000002
      vertex 2.038429 5.08 -68.390179
    endloop
  endfacet
  facet normal -0.920077094 0.38111147 -0.0906211227
    outer loop
      vertex 2.038429 5.08 -68.390179
      vertex 2.029289 5.150711 -68.000002
      vertex 2.067156 5.150711 -68.384466
    endloop
  endfacet
  facet normal -0.884720393 0.381108964 -0.268376198
    outer loop
      vertex 2.038429 5.08 -68.390179
      vertex 2.067156 5.150711 -68.384466
      vertex 2.152241 5.08 -68.765368
    endloop
  endfacet
  facet normal -0.884717976 0.381114262 -0.268376642
    outer loop
      vertex 2.152241 5.08 -68.765368
      vertex 2.067156 5.150711 -68.384466
      vertex 2.179301 5.150711 -68.754158
    endloop
  endfacet
  facet normal -0.815359893 0.381117049 -0.435818816
    outer loop
      vertex 2.152241 5.08 -68.765368
      vertex 2.179301 5.150711 -68.754158
      vertex 2.337061 5.08 -69.111142
    endloop
  endfacet
  facet normal -0.815360981 0.381114701 -0.435818832
    outer loop
      vertex 2.337061 5.08 -69.111142
      vertex 2.179301 5.150711 -68.754158
      vertex 2.361414 5.150711 -69.094868
    endloop
  endfacet
  facet normal -0.714668073 0.381118058 -0.586513913
    outer loop
      vertex 2.337061 5.08 -69.111142
      vertex 2.361414 5.150711 -69.094868
      vertex 2.585787 5.08 -69.414215
    endloop
  endfacet
  facet normal -0.714664837 0.381125194 -0.58651322
    outer loop
      vertex 2.585787 5.08 -69.414215
      vertex 2.361414 5.150711 -69.094868
      vertex 2.606497 5.150711 -69.393501
    endloop
  endfacet
  facet normal -0.586506263 0.381131148 -0.714667371
    outer loop
      vertex 2.585787 5.08 -69.414215
      vertex 2.606497 5.150711 -69.393501
      vertex 2.88886 5.08 -69.662938
    endloop
  endfacet
  facet normal -0.586521586 0.381095164 -0.714673986
    outer loop
      vertex 2.88886 5.08 -69.662938
      vertex 2.606497 5.150711 -69.393501
      vertex 2.905132 5.150711 -69.638586
    endloop
  endfacet
  facet normal -0.435827845 0.381094509 -0.815365602
    outer loop
      vertex 2.88886 5.08 -69.662938
      vertex 2.905132 5.150711 -69.638586
      vertex 3.234633 5.08 -69.84776
    endloop
  endfacet
  facet normal -0.435821272 0.381111725 -0.815361069
    outer loop
      vertex 3.234633 5.08 -69.84776
      vertex 2.905132 5.150711 -69.638586
      vertex 3.245842 5.150711 -69.8207
    endloop
  endfacet
  facet normal -0.268377914 0.38111105 -0.884718974
    outer loop
      vertex 3.234633 5.08 -69.84776
      vertex 3.245842 5.150711 -69.8207
      vertex 3.609819 5.08 -69.961572
    endloop
  endfacet
  facet normal -0.268367118 0.381144466 -0.884707854
    outer loop
      vertex 3.609819 5.08 -69.961572
      vertex 3.245842 5.150711 -69.8207
      vertex 3.615533 5.150711 -69.932842
    endloop
  endfacet
  facet normal -0.0906148695 0.381145761 -0.920063506
    outer loop
      vertex 3.609819 5.08 -69.961572
      vertex 3.615533 5.150711 -69.932842
      vertex 4 5.08 -70
    endloop
  endfacet
  facet normal -0.0906311244 0.381081242 -0.92008863
    outer loop
      vertex 4 5.08 -70
      vertex 3.615533 5.150711 -69.932842
      vertex 4 5.150711 -69.970713
    endloop
  endfacet
  facet normal 0.0906174571 0.381081718 -0.920089779
    outer loop
      vertex 4 5.08 -70
      vertex 4 5.150711 -69.970713
      vertex 4.390181 5.08 -69.961572
    endloop
  endfacet
  facet normal 0.090628498 0.381146236 -0.920061966
    outer loop
      vertex 4.390181 5.08 -69.961572
      vertex 4 5.150711 -69.970713
      vertex 4.384467 5.150711 -69.932842
    endloop
  endfacet
  facet normal 0.268373944 0.38114422 -0.884705889
    outer loop
      vertex 4.390181 5.08 -69.961572
      vertex 4.384467 5.150711 -69.932842
      vertex 4.765367 5.08 -69.84776
    endloop
  endfacet
  facet normal 0.268371146 0.381110804 -0.884721133
    outer loop
      vertex 4.765367 5.08 -69.84776
      vertex 4.384467 5.150711 -69.932842
      vertex 4.754158 5.150711 -69.8207
    endloop
  endfacet
  facet normal 0.435823536 0.381111636 -0.8153599
    outer loop
      vertex 4.765367 5.08 -69.84776
      vertex 4.754158 5.150711 -69.8207
      vertex 5.111141 5.08 -69.662938
    endloop
  endfacet
  facet normal 0.435823618 0.38109965 -0.815365458
    outer loop
      vertex 5.111141 5.08 -69.662938
      vertex 4.754158 5.150711 -69.8207
      vertex 5.094868 5.150711 -69.638586
    endloop
  endfacet
  facet normal 0.58651375 0.381102519 -0.714676494
    outer loop
      vertex 5.111141 5.08 -69.662938
      vertex 5.094868 5.150711 -69.638586
      vertex 5.414214 5.08 -69.414215
    endloop
  endfacet
  facet normal 0.586510252 0.381138503 -0.714660175
    outer loop
      vertex 5.414214 5.08 -69.414215
      vertex 5.094868 5.150711 -69.638586
      vertex 5.393503 5.150711 -69.393501
    endloop
  endfacet
  facet normal 0.71466424 0.381133717 -0.586508409
    outer loop
      vertex 5.414214 5.08 -69.414215
      vertex 5.393503 5.150711 -69.393501
      vertex 5.662939 5.08 -69.111142
    endloop
  endfacet
  facet normal 0.714667128 0.381118006 -0.5865151
    outer loop
      vertex 5.662939 5.08 -69.111142
      vertex 5.393503 5.150711 -69.393501
      vertex 5.638586 5.150711 -69.094868
    endloop
  endfacet
  facet normal 0.81536074 0.381114719 -0.435819269
    outer loop
      vertex 5.662939 5.08 -69.111142
      vertex 5.638586 5.150711 -69.094868
      vertex 5.847759 5.08 -68.765368
    endloop
  endfacet
  facet normal 0.815360122 0.381117066 -0.435818373
    outer loop
      vertex 5.847759 5.08 -68.765368
      vertex 5.638586 5.150711 -69.094868
      vertex 5.820699 5.150711 -68.754158
    endloop
  endfacet
  facet normal 0.884718319 0.381114223 -0.268375569
    outer loop
      vertex 5.847759 5.08 -68.765368
      vertex 5.820699 5.150711 -68.754158
      vertex 5.961571 5.08 -68.390179
    endloop
  endfacet
  facet normal 0.884720082 0.381108925 -0.26837728
    outer loop
      vertex 5.961571 5.08 -68.390179
      vertex 5.820699 5.150711 -68.754158
      vertex 5.932844 5.150711 -68.384466
    endloop
  endfacet
  facet normal 0.920077276 0.381111414 -0.0906195128
    outer loop
      vertex 5.961571 5.08 -68.390179
      vertex 5.932844 5.150711 -68.384466
      vertex 6 5.08 -68.000002
    endloop
  endfacet
  facet normal 0.920080244 0.381103792 -0.0906214329
    outer loop
      vertex 6 5.08 -68.000002
      vertex 5.932844 5.150711 -68.384466
      vertex 5.970711 5.150711 -68.000002
    endloop
  endfacet
  facet normal 0.920080476 0.381103889 0.0906186668
    outer loop
      vertex 6 5.08 -68.000002
      vertex 5.970711 5.150711 -68.000002
      vertex 5.961571 5.08 -67.60982
    endloop
  endfacet
  facet normal 0.920077226 0.381111429 0.0906199572
    outer loop
      vertex 5.961571 5.08 -67.60982
      vertex 5.970711 5.150711 -68.000002
      vertex 5.932844 5.150711 -67.615533
    endloop
  endfacet
  facet normal 0.884719636 0.381108869 0.26837883
    outer loop
      vertex 5.961571 5.08 -67.60982
      vertex 5.932844 5.150711 -67.615533
      vertex 5.847759 5.08 -67.234635
    endloop
  endfacet
  facet normal 0.884723095 0.381101286 0.268378195
    outer loop
      vertex 5.847759 5.08 -67.234635
      vertex 5.932844 5.150711 -67.615533
      vertex 5.820699 5.150711 -67.245841
    endloop
  endfacet
  facet normal 0.815367044 0.381095937 0.435823899
    outer loop
      vertex 5.847759 5.08 -67.234635
      vertex 5.820699 5.150711 -67.245841
      vertex 5.662939 5.08 -66.888862
    endloop
  endfacet
  facet normal 0.815370557 0.38108836 0.435823951
    outer loop
      vertex 5.662939 5.08 -66.888862
      vertex 5.820699 5.150711 -67.245841
      vertex 5.638586 5.150711 -66.905131
    endloop
  endfacet
  facet normal 0.714680505 0.381082672 0.586521758
    outer loop
      vertex 5.662939 5.08 -66.888862
      vertex 5.638586 5.150711 -66.905131
      vertex 5.414214 5.08 -66.585789
    endloop
  endfacet
  facet normal 0.71467338 0.381098384 0.586520231
    outer loop
      vertex 5.414214 5.08 -66.585789
      vertex 5.638586 5.150711 -66.905131
      vertex 5.393503 5.150711 -66.606498
    endloop
  endfacet
  facet normal 0.586522667 0.38109536 0.714672993
    outer loop
      vertex 5.414214 5.08 -66.585789
      vertex 5.393503 5.150711 -66.606498
      vertex 5.111141 5.08 -66.337061
    endloop
  endfacet
  facet normal 0.586519732 0.381102254 0.714671726
    outer loop
      vertex 5.111141 5.08 -66.337061
      vertex 5.393503 5.150711 -66.606498
      vertex 5.094868 5.150711 -66.361413
    endloop
  endfacet
  facet normal 0.435825848 0.381099739 0.815364225
    outer loop
      vertex 5.111141 5.08 -66.337061
      vertex 5.094868 5.150711 -66.361413
      vertex 4.765367 5.08 -66.152239
    endloop
  endfacet
  facet normal 0.435821272 0.381111725 0.815361069
    outer loop
      vertex 4.765367 5.08 -66.152239
      vertex 5.094868 5.150711 -66.361413
      vertex 4.754158 5.150711 -66.179299
    endloop
  endfacet
  facet normal 0.268377914 0.38111105 0.884718974
    outer loop
      vertex 4.765367 5.08 -66.152239
      vertex 4.754158 5.150711 -66.179299
      vertex 4.390181 5.08 -66.038427
    endloop
  endfacet
  facet normal 0.268367118 0.381144466 0.884707854
    outer loop
      vertex 4.390181 5.08 -66.038427
      vertex 4.754158 5.150711 -66.179299
      vertex 4.384467 5.150711 -66.067157
    endloop
  endfacet
  facet normal -0.038315537 0.925498715 0.376807706
    outer loop
      vertex 3.617533 5.18 -66.138892
      vertex 3.615533 5.150711 -66.067157
      vertex 4 5.18 -66.100001
    endloop
  endfacet
  facet normal -0.03766355 0.923224208 0.382411453
    outer loop
      vertex 4 5.18 -66.100001
      vertex 3.615533 5.150711 -66.067157
      vertex 4 5.150711 -66.029291
    endloop
  endfacet
  facet normal 0.03766355 0.923224208 0.382411453
    outer loop
      vertex 4 5.18 -66.100001
      vertex 4 5.150711 -66.029291
      vertex 4.384467 5.150711 -66.067157
    endloop
  endfacet
  facet normal -0.113106588 0.920963732 0.372870894
    outer loop
      vertex 3.615533 5.150711 -66.067157
      vertex 3.617533 5.18 -66.138892
      vertex 3.245842 5.150711 -66.179299
    endloop
  endfacet
  facet normal -0.111845487 0.927588795 0.356468253
    outer loop
      vertex 3.245842 5.150711 -66.179299
      vertex 3.617533 5.18 -66.138892
      vertex 3.250724 5.18 -66.253982
    endloop
  endfacet
  facet normal -0.186095724 0.918778273 0.348159253
    outer loop
      vertex 3.245842 5.150711 -66.179299
      vertex 3.250724 5.18 -66.253982
      vertex 2.905132 5.150711 -66.361413
    endloop
  endfacet
  facet normal -0.179053145 0.929447216 0.322595479
    outer loop
      vertex 2.905132 5.150711 -66.361413
      vertex 3.250724 5.18 -66.253982
      vertex 2.914591 5.18 -66.440549
    endloop
  endfacet
  facet normal -0.253555116 0.916654852 0.308955799
    outer loop
      vertex 2.905132 5.150711 -66.361413
      vertex 2.914591 5.18 -66.440549
      vertex 2.606497 5.150711 -66.606498
    endloop
  endfacet
  facet normal -0.237579214 0.931111613 0.276744073
    outer loop
      vertex 2.606497 5.150711 -66.606498
      vertex 2.914591 5.18 -66.440549
      vertex 2.622894 5.18 -66.690965
    endloop
  endfacet
  facet normal -0.312521438 0.914629895 0.256481004
    outer loop
      vertex 2.606497 5.150711 -66.606498
      vertex 2.622894 5.18 -66.690965
      vertex 2.361414 5.150711 -66.905131
    endloop
  endfacet
  facet normal -0.28541644 0.932591399 0.220931526
    outer loop
      vertex 2.361414 5.150711 -66.905131
      vertex 2.622894 5.18 -66.690965
      vertex 2.387576 5.18 -66.994967
    endloop
  endfacet
  facet normal -0.36036859 0.912705724 0.192620719
    outer loop
      vertex 2.361414 5.150711 -66.905131
      vertex 2.387576 5.18 -66.994967
      vertex 2.179301 5.150711 -67.245841
    endloop
  endfacet
  facet normal -0.320985035 0.933904824 0.157449635
    outer loop
      vertex 2.179301 5.150711 -67.245841
      vertex 2.387576 5.18 -66.994967
      vertex 2.218271 5.18 -67.340121
    endloop
  endfacet
  facet normal -0.394845573 0.910906614 0.119775264
    outer loop
      vertex 2.179301 5.150711 -67.245841
      vertex 2.218271 5.18 -67.340121
      vertex 2.067156 5.150711 -67.615533
    endloop
  endfacet
  facet normal -0.343171015 0.935060815 0.0888533971
    outer loop
      vertex 2.067156 5.150711 -67.615533
      vertex 2.218271 5.18 -67.340121
      vertex 2.12191 5.18 -67.712288
    endloop
  endfacet
  facet normal -0.414269348 0.909239296 0.0408020865
    outer loop
      vertex 2.067156 5.150711 -67.615533
      vertex 2.12191 5.18 -67.712288
      vertex 2.029289 5.150711 -68.000002
    endloop
  endfacet
  facet normal -0.351359045 0.936071216 0.0178185151
    outer loop
      vertex 2.029289 5.150711 -68.000002
      vertex 2.12191 5.18 -67.712288
      vertex 2.102439 5.18 -68.096232
    endloop
  endfacet
  facet normal -0.41755052 0.907722553 -0.0411257896
    outer loop
      vertex 2.029289 5.150711 -68.000002
      vertex 2.102439 5.18 -68.096232
      vertex 2.067156 5.150711 -68.384466
    endloop
  endfacet
  facet normal -0.345452317 0.936942956 -0.0529206413
    outer loop
      vertex 2.067156 5.150711 -68.384466
      vertex 2.102439 5.18 -68.096232
      vertex 2.160653 5.18 -68.476238
    endloop
  endfacet
  facet normal -0.404311824 0.906360693 -0.122646824
    outer loop
      vertex 2.067156 5.150711 -68.384466
      vertex 2.160653 5.18 -68.476238
      vertex 2.179301 5.150711 -68.754158
    endloop
  endfacet
  facet normal -0.325859346 0.937683902 -0.120683826
    outer loop
      vertex 2.179301 5.150711 -68.754158
      vertex 2.160653 5.18 -68.476238
      vertex 2.294171 5.18 -68.836751
    endloop
  endfacet
  facet normal -0.374862741 0.90516882 -0.200367992
    outer loop
      vertex 2.179301 5.150711 -68.754158
      vertex 2.294171 5.18 -68.836751
      vertex 2.361414 5.150711 -69.094868
    endloop
  endfacet
  facet normal -0.293475462 0.938301943 -0.18292517
    outer loop
      vertex 2.361414 5.150711 -69.094868
      vertex 2.294171 5.18 -68.836751
      vertex 2.497526 5.18 -69.163003
    endloop
  endfacet
  facet normal -0.330221124 0.904162212 -0.271006834
    outer loop
      vertex 2.361414 5.150711 -69.094868
      vertex 2.497526 5.18 -69.163003
      vertex 2.606497 5.150711 -69.393501
    endloop
  endfacet
  facet normal -0.249666608 0.938798968 -0.237324848
    outer loop
      vertex 2.606497 5.150711 -69.393501
      vertex 2.497526 5.18 -69.163003
      vertex 2.762392 5.18 -69.441643
    endloop
  endfacet
  facet normal -0.272105762 0.903341925 -0.33155968
    outer loop
      vertex 2.606497 5.150711 -69.393501
      vertex 2.762392 5.18 -69.441643
      vertex 2.905132 5.150711 -69.638586
    endloop
  endfacet
  facet normal -0.196179797 0.939184777 -0.281860677
    outer loop
      vertex 2.905132 5.150711 -69.638586
      vertex 2.762392 5.18 -69.441643
      vertex 3.077926 5.18 -69.66126
    endloop
  endfacet
  facet normal -0.202801028 0.902728007 -0.379412557
    outer loop
      vertex 2.905132 5.150711 -69.638586
      vertex 3.077926 5.18 -69.66126
      vertex 3.245842 5.150711 -69.8207
    endloop
  endfacet
  facet normal -0.135129331 0.939459314 -0.314890872
    outer loop
      vertex 3.245842 5.150711 -69.8207
      vertex 3.077926 5.18 -69.66126
      vertex 3.43121 5.18 -69.812865
    endloop
  endfacet
  facet normal -0.12513359 0.902313275 -0.412519501
    outer loop
      vertex 3.245842 5.150711 -69.8207
      vertex 3.43121 5.18 -69.812865
      vertex 3.615533 5.150711 -69.932842
    endloop
  endfacet
  facet normal -0.0688874017 0.939619921 -0.335214753
    outer loop
      vertex 3.615533 5.150711 -69.932842
      vertex 3.43121 5.18 -69.812865
      vertex 3.80778 5.18 -69.890251
    endloop
  endfacet
  facet normal -0.0422999381 0.902109134 -0.42942965
    outer loop
      vertex 3.615533 5.150711 -69.932842
      vertex 3.80778 5.18 -69.890251
      vertex 4 5.150711 -69.970713
    endloop
  endfacet
  facet normal 0 0.939680508 -0.342053421
    outer loop
      vertex 4 5.150711 -69.970713
      vertex 3.80778 5.18 -69.890251
      vertex 4.19222 5.18 -69.890251
    endloop
  endfacet
  facet normal 0.0422999381 0.902109134 -0.42942965
    outer loop
      vertex 4 5.150711 -69.970713
      vertex 4.19222 5.18 -69.890251
      vertex 4.384467 5.150711 -69.932842
    endloop
  endfacet
  facet normal 0.0688874017 0.939619921 -0.335214753
    outer loop
      vertex 4.384467 5.150711 -69.932842
      vertex 4.19222 5.18 -69.890251
      vertex 4.56879 5.18 -69.812865
    endloop
  endfacet
  facet normal 0.12513359 0.902313275 -0.412519501
    outer loop
      vertex 4.384467 5.150711 -69.932842
      vertex 4.56879 5.18 -69.812865
      vertex 4.754158 5.150711 -69.8207
    endloop
  endfacet
  facet normal 0.135129331 0.939459314 -0.314890872
    outer loop
      vertex 4.754158 5.150711 -69.8207
      vertex 4.56879 5.18 -69.812865
      vertex 4.922074 5.18 -69.66126
    endloop
  endfacet
  facet normal 0.202801028 0.902728007 -0.379412557
    outer loop
      vertex 4.754158 5.150711 -69.8207
      vertex 4.922074 5.18 -69.66126
      vertex 5.094868 5.150711 -69.638586
    endloop
  endfacet
  facet normal 0.196179797 0.939184777 -0.281860677
    outer loop
      vertex 5.094868 5.150711 -69.638586
      vertex 4.922074 5.18 -69.66126
      vertex 5.237608 5.18 -69.441643
    endloop
  endfacet
  facet normal 0.272105762 0.903341925 -0.33155968
    outer loop
      vertex 5.094868 5.150711 -69.638586
      vertex 5.237608 5.18 -69.441643
      vertex 5.393503 5.150711 -69.393501
    endloop
  endfacet
  facet normal 0.249666608 0.938798968 -0.237324848
    outer loop
      vertex 5.393503 5.150711 -69.393501
      vertex 5.237608 5.18 -69.441643
      vertex 5.502474 5.18 -69.163003
    endloop
  endfacet
  facet normal 0.330221124 0.904162212 -0.271006834
    outer loop
      vertex 5.393503 5.150711 -69.393501
      vertex 5.502474 5.18 -69.163003
      vertex 5.638586 5.150711 -69.094868
    endloop
  endfacet
  facet normal 0.293475462 0.938301943 -0.18292517
    outer loop
      vertex 5.638586 5.150711 -69.094868
      vertex 5.502474 5.18 -69.163003
      vertex 5.705829 5.18 -68.836751
    endloop
  endfacet
  facet normal 0.374862741 0.90516882 -0.200367992
    outer loop
      vertex 5.638586 5.150711 -69.094868
      vertex 5.705829 5.18 -68.836751
      vertex 5.820699 5.150711 -68.754158
    endloop
  endfacet
  facet normal 0.325859346 0.937683902 -0.120683826
    outer loop
      vertex 5.820699 5.150711 -68.754158
      vertex 5.705829 5.18 -68.836751
      vertex 5.839347 5.18 -68.476238
    endloop
  endfacet
  facet normal 0.404311824 0.906360693 -0.122646824
    outer loop
      vertex 5.820699 5.150711 -68.754158
      vertex 5.839347 5.18 -68.476238
      vertex 5.932844 5.150711 -68.384466
    endloop
  endfacet
  facet normal 0.345452317 0.936942956 -0.0529206413
    outer loop
      vertex 5.932844 5.150711 -68.384466
      vertex 5.839347 5.18 -68.476238
      vertex 5.897561 5.18 -68.096232
    endloop
  endfacet
  facet normal 0.41755052 0.907722553 -0.0411257896
    outer loop
      vertex 5.932844 5.150711 -68.384466
      vertex 5.897561 5.18 -68.096232
      vertex 5.970711 5.150711 -68.000002
    endloop
  endfacet
  facet normal 0.351359045 0.936071216 0.0178185151
    outer loop
      vertex 5.970711 5.150711 -68.000002
      vertex 5.897561 5.18 -68.096232
      vertex 5.87809 5.18 -67.712288
    endloop
  endfacet
  facet normal 0.414269348 0.909239296 0.0408020865
    outer loop
      vertex 5.970711 5.150711 -68.000002
      vertex 5.87809 5.18 -67.712288
      vertex 5.932844 5.150711 -67.615533
    endloop
  endfacet
  facet normal 0.343171015 0.935060815 0.0888533971
    outer loop
      vertex 5.932844 5.150711 -67.615533
      vertex 5.87809 5.18 -67.712288
      vertex 5.781729 5.18 -67.340121
    endloop
  endfacet
  facet normal 0.394845573 0.910906614 0.119775264
    outer loop
      vertex 5.932844 5.150711 -67.615533
      vertex 5.781729 5.18 -67.340121
      vertex 5.820699 5.150711 -67.245841
    endloop
  endfacet
  facet normal 0.320985035 0.933904824 0.157449635
    outer loop
      vertex 5.820699 5.150711 -67.245841
      vertex 5.781729 5.18 -67.340121
      vertex 5.612424 5.18 -66.994967
    endloop
  endfacet
  facet normal 0.36036859 0.912705724 0.192620719
    outer loop
      vertex 5.820699 5.150711 -67.245841
      vertex 5.612424 5.18 -66.994967
      vertex 5.638586 5.150711 -66.905131
    endloop
  endfacet
  facet normal 0.28541644 0.932591399 0.220931526
    outer loop
      vertex 5.638586 5.150711 -66.905131
      vertex 5.612424 5.18 -66.994967
      vertex 5.377106 5.18 -66.690965
    endloop
  endfacet
  facet normal 0.312521438 0.914629895 0.256481004
    outer loop
      vertex 5.638586 5.150711 -66.905131
      vertex 5.377106 5.18 -66.690965
      vertex 5.393503 5.150711 -66.606498
    endloop
  endfacet
  facet normal 0.237579881 0.931111493 0.276743902
    outer loop
      vertex 5.393503 5.150711 -66.606498
      vertex 5.377106 5.18 -66.690965
      vertex 5.08541 5.18 -66.440549
    endloop
  endfacet
  facet normal 0.253557128 0.916653469 0.308958251
    outer loop
      vertex 5.393503 5.150711 -66.606498
      vertex 5.08541 5.18 -66.440549
      vertex 5.094868 5.150711 -66.361413
    endloop
  endfacet
  facet normal 0.179053675 0.92944645 0.322597394
    outer loop
      vertex 5.094868 5.150711 -66.361413
      vertex 5.08541 5.18 -66.440549
      vertex 4.749276 5.18 -66.253982
    endloop
  endfacet
  facet normal 0.186095724 0.918778273 0.348159253
    outer loop
      vertex 5.094868 5.150711 -66.361413
      vertex 4.749276 5.18 -66.253982
      vertex 4.754158 5.150711 -66.179299
    endloop
  endfacet
  facet normal 0.111845487 0.927588795 0.356468253
    outer loop
      vertex 4.754158 5.150711 -66.179299
      vertex 4.749276 5.18 -66.253982
      vertex 4.382467 5.18 -66.138892
    endloop
  endfacet
  facet normal 0.113106588 0.920963732 0.372870894
    outer loop
      vertex 4.754158 5.150711 -66.179299
      vertex 4.382467 5.18 -66.138892
      vertex 4.384467 5.150711 -66.067157
    endloop
  endfacet
  facet normal 0.038315537 0.925498715 0.376807706
    outer loop
      vertex 4.384467 5.150711 -66.067157
      vertex 4.382467 5.18 -66.138892
      vertex 4 5.18 -66.100001
    endloop
  endfacet
  facet normal 0.0906171163 0.381090152 0.920086319
    outer loop
      vertex 4.390181 5.08 -58.03843
      vertex 4.384467 5.150711 -58.067155
      vertex 4 5.08 -58.000002
    endloop
  endfacet
  facet normal 0.0906192569 0.381081655 0.920089627
    outer loop
      vertex 4 5.08 -58.000002
      vertex 4.384467 5.150711 -58.067155
      vertex 4 5.150711 -58.029289
    endloop
  endfacet
  facet normal -0.0906174571 0.381081718 0.920089779
    outer loop
      vertex 4 5.08 -58.000002
      vertex 4 5.150711 -58.029289
      vertex 3.609819 5.08 -58.03843
    endloop
  endfacet
  facet normal -0.0906189111 0.381090214 0.920086116
    outer loop
      vertex 3.609819 5.08 -58.03843
      vertex 4 5.150711 -58.029289
      vertex 3.615533 5.150711 -58.067155
    endloop
  endfacet
  facet normal -0.268380343 0.381090748 0.884726983
    outer loop
      vertex 3.609819 5.08 -58.03843
      vertex 3.615533 5.150711 -58.067155
      vertex 3.234633 5.08 -58.152242
    endloop
  endfacet
  facet normal -0.268382056 0.381111201 0.884717652
    outer loop
      vertex 3.234633 5.08 -58.152242
      vertex 3.615533 5.150711 -58.067155
      vertex 3.245842 5.150711 -58.179302
    endloop
  endfacet
  facet normal -0.435815283 0.381111958 0.81536416
    outer loop
      vertex 3.234633 5.08 -58.152242
      vertex 3.245842 5.150711 -58.179302
      vertex 2.88886 5.08 -58.337059
    endloop
  endfacet
  facet normal -0.435815066 0.381143662 0.815349457
    outer loop
      vertex 2.88886 5.08 -58.337059
      vertex 3.245842 5.150711 -58.179302
      vertex 2.905132 5.150711 -58.361416
    endloop
  endfacet
  facet normal -0.586511436 0.381138307 0.714659308
    outer loop
      vertex 2.88886 5.08 -58.337059
      vertex 2.905132 5.150711 -58.361416
      vertex 2.585787 5.08 -58.585787
    endloop
  endfacet
  facet normal -0.586516336 0.381087898 0.714682169
    outer loop
      vertex 2.585787 5.08 -58.585787
      vertex 2.905132 5.150711 -58.361416
      vertex 2.606497 5.150711 -58.606496
    endloop
  endfacet
  facet normal -0.714677112 0.381089692 0.586521331
    outer loop
      vertex 2.585787 5.08 -58.585787
      vertex 2.606497 5.150711 -58.606496
      vertex 2.337061 5.08 -58.88886
    endloop
  endfacet
  facet normal -0.714678424 0.381082556 0.58652437
    outer loop
      vertex 2.337061 5.08 -58.88886
      vertex 2.606497 5.150711 -58.606496
      vertex 2.361414 5.150711 -58.905129
    endloop
  endfacet
  facet normal -0.815369778 0.381088416 0.43582536
    outer loop
      vertex 2.337061 5.08 -58.88886
      vertex 2.361414 5.150711 -58.905129
      vertex 2.152241 5.08 -59.234633
    endloop
  endfacet
  facet normal -0.815360794 0.38112253 0.435812337
    outer loop
      vertex 2.152241 5.08 -59.234633
      vertex 2.361414 5.150711 -58.905129
      vertex 2.179301 5.150711 -59.245844
    endloop
  endfacet
  facet normal -0.884716206 0.381117562 0.268377789
    outer loop
      vertex 2.152241 5.08 -59.234633
      vertex 2.179301 5.150711 -59.245844
      vertex 2.038429 5.08 -59.609818
    endloop
  endfacet
  facet normal -0.884713683 0.381125145 0.268375339
    outer loop
      vertex 2.038429 5.08 -59.609818
      vertex 2.179301 5.150711 -59.245844
      vertex 2.067156 5.150711 -59.615536
    endloop
  endfacet
  facet normal -0.920075159 0.381116851 0.090618143
    outer loop
      vertex 2.038429 5.08 -59.609818
      vertex 2.067156 5.150711 -59.615536
      vertex 2 5.08 -60
    endloop
  endfacet
  facet normal -0.920080244 0.381103792 0.0906214329
    outer loop
      vertex 2 5.08 -60
      vertex 2.067156 5.150711 -59.615536
      vertex 2.029289 5.150711 -60
    endloop
  endfacet
  facet normal -0.920080476 0.381103889 -0.0906186668
    outer loop
      vertex 2 5.08 -60
      vertex 2.029289 5.150711 -60
      vertex 2.038429 5.08 -60.390182
    endloop
  endfacet
  facet normal -0.920074847 0.381116947 -0.0906209014
    outer loop
      vertex 2.038429 5.08 -60.390182
      vertex 2.029289 5.150711 -60
      vertex 2.067156 5.150711 -60.384464
    endloop
  endfacet
  facet normal -0.884713237 0.38112509 -0.268376889
    outer loop
      vertex 2.038429 5.08 -60.390182
      vertex 2.067156 5.150711 -60.384464
      vertex 2.152241 5.08 -60.765367
    endloop
  endfacet
  facet normal -0.884716696 0.381117506 -0.268376254
    outer loop
      vertex 2.152241 5.08 -60.765367
      vertex 2.067156 5.150711 -60.384464
      vertex 2.179301 5.150711 -60.754156
    endloop
  endfacet
  facet normal -0.815357467 0.381122278 -0.43581878
    outer loop
      vertex 2.152241 5.08 -60.765367
      vertex 2.179301 5.150711 -60.754156
      vertex 2.337061 5.08 -61.11114
    endloop
  endfacet
  facet normal -0.815373287 0.381088165 -0.435819014
    outer loop
      vertex 2.337061 5.08 -61.11114
      vertex 2.179301 5.150711 -60.754156
      vertex 2.361414 5.150711 -61.094871
    endloop
  endfacet
  facet normal -0.714679369 0.381082609 -0.586523183
    outer loop
      vertex 2.337061 5.08 -61.11114
      vertex 2.361414 5.150711 -61.094871
      vertex 2.585787 5.08 -61.414213
    endloop
  endfacet
  facet normal -0.714676133 0.381089745 -0.58652249
    outer loop
      vertex 2.585787 5.08 -61.414213
      vertex 2.361414 5.150711 -61.094871
      vertex 2.606497 5.150711 -61.393504
    endloop
  endfacet
  facet normal -0.586524521 0.38108827 -0.714675253
    outer loop
      vertex 2.585787 5.08 -61.414213
      vertex 2.606497 5.150711 -61.393504
      vertex 2.88886 5.08 -61.662941
    endloop
  endfacet
  facet normal -0.586503056 0.381138679 -0.714665987
    outer loop
      vertex 2.88886 5.08 -61.662941
      vertex 2.606497 5.150711 -61.393504
      vertex 2.905132 5.150711 -61.638584
    endloop
  endfacet
  facet normal -0.435809168 0.381143428 -0.815352719
    outer loop
      vertex 2.88886 5.08 -61.662941
      vertex 2.905132 5.150711 -61.638584
      vertex 3.234633 5.08 -61.847758
    endloop
  endfacet
  facet normal -0.435821272 0.381111725 -0.815361069
    outer loop
      vertex 3.234633 5.08 -61.847758
      vertex 2.905132 5.150711 -61.638584
      vertex 3.245842 5.150711 -61.820698
    endloop
  endfacet
  facet normal -0.268377914 0.38111105 -0.884718974
    outer loop
      vertex 3.234633 5.08 -61.847758
      vertex 3.245842 5.150711 -61.820698
      vertex 3.609819 5.08 -61.96157
    endloop
  endfacet
  facet normal -0.268384521 0.381090597 -0.88472578
    outer loop
      vertex 3.609819 5.08 -61.96157
      vertex 3.245842 5.150711 -61.820698
      vertex 3.615533 5.150711 -61.932845
    endloop
  endfacet
  facet normal -0.0906171163 0.381090152 -0.920086319
    outer loop
      vertex 3.609819 5.08 -61.96157
      vertex 3.615533 5.150711 -61.932845
      vertex 4 5.08 -61.999998
    endloop
  endfacet
  facet normal -0.0906192569 0.381081655 -0.920089627
    outer loop
      vertex 4 5.08 -61.999998
      vertex 3.615533 5.150711 -61.932845
      vertex 4 5.150711 -61.970711
    endloop
  endfacet
  facet normal 0.0906174571 0.381081718 -0.920089779
    outer loop
      vertex 4 5.08 -61.999998
      vertex 4 5.150711 -61.970711
      vertex 4.390181 5.08 -61.96157
    endloop
  endfacet
  facet normal 0.0906189111 0.381090214 -0.920086116
    outer loop
      vertex 4.390181 5.08 -61.96157
      vertex 4 5.150711 -61.970711
      vertex 4.384467 5.150711 -61.932845
    endloop
  endfacet
  facet normal 0.268380343 0.381090748 -0.884726983
    outer loop
      vertex 4.390181 5.08 -61.96157
      vertex 4.384467 5.150711 -61.932845
      vertex 4.765367 5.08 -61.847758
    endloop
  endfacet
  facet normal 0.268382056 0.381111201 -0.884717652
    outer loop
      vertex 4.765367 5.08 -61.847758
      vertex 4.384467 5.150711 -61.932845
      vertex 4.754158 5.150711 -61.820698
    endloop
  endfacet
  facet normal 0.435814296 0.381111997 -0.81536467
    outer loop
      vertex 4.765367 5.08 -61.847758
      vertex 4.754158 5.150711 -61.820698
      vertex 5.111141 5.08 -61.662941
    endloop
  endfacet
  facet normal 0.435814042 0.38114893 -0.815347542
    outer loop
      vertex 5.111141 5.08 -61.662941
      vertex 4.754158 5.150711 -61.820698
      vertex 5.094868 5.150711 -61.638584
    endloop
  endfacet
  facet normal 0.586509582 0.381145397 -0.714657049
    outer loop
      vertex 5.111141 5.08 -61.662941
      vertex 5.094868 5.150711 -61.638584
      vertex 5.414214 5.08 -61.414213
    endloop
  endfacet
  facet normal 0.586514482 0.381094988 -0.71467991
    outer loop
      vertex 5.414214 5.08 -61.414213
      vertex 5.094868 5.150711 -61.638584
      vertex 5.393503 5.150711 -61.393504
    endloop
  endfacet
  facet normal 0.714675536 0.381098268 -0.586517679
    outer loop
      vertex 5.414214 5.08 -61.414213
      vertex 5.393503 5.150711 -61.393504
      vertex 5.662939 5.08 -61.11114
    endloop
  endfacet
  facet normal 0.714678424 0.381082556 -0.58652437
    outer loop
      vertex 5.662939 5.08 -61.11114
      vertex 5.393503 5.150711 -61.393504
      vertex 5.638586 5.150711 -61.094871
    endloop
  endfacet
  facet normal 0.815369778 0.381088416 -0.43582536
    outer loop
      vertex 5.662939 5.08 -61.11114
      vertex 5.638586 5.150711 -61.094871
      vertex 5.847759 5.08 -60.765367
    endloop
  endfacet
  facet normal 0.815360794 0.38112253 -0.435812337
    outer loop
      vertex 5.847759 5.08 -60.765367
      vertex 5.638586 5.150711 -61.094871
      vertex 5.820699 5.150711 -60.754156
    endloop
  endfacet
  facet normal 0.884716206 0.381117562 -0.268377789
    outer loop
      vertex 5.847759 5.08 -60.765367
      vertex 5.820699 5.150711 -60.754156
      vertex 5.961571 5.08 -60.390182
    endloop
  endfacet
  facet normal 0.884713683 0.381125145 -0.268375339
    outer loop
      vertex 5.961571 5.08 -60.390182
      vertex 5.820699 5.150711 -60.754156
      vertex 5.932844 5.150711 -60.384464
    endloop
  endfacet
  facet normal 0.920075159 0.381116851 -0.090618143
    outer loop
      vertex 5.961571 5.08 -60.390182
      vertex 5.932844 5.150711 -60.384464
      vertex 6 5.08 -60
    endloop
  endfacet
  facet normal 0.920080244 0.381103792 -0.0906214329
    outer loop
      vertex 6 5.08 -60
      vertex 5.932844 5.150711 -60.384464
      vertex 5.970711 5.150711 -60
    endloop
  endfacet
  facet normal 0.920080476 0.381103889 0.0906186668
    outer loop
      vertex 6 5.08 -60
      vertex 5.970711 5.150711 -60
      vertex 5.961571 5.08 -59.609818
    endloop
  endfacet
  facet normal 0.920074847 0.381116947 0.0906209014
    outer loop
      vertex 5.961571 5.08 -59.609818
      vertex 5.970711 5.150711 -60
      vertex 5.932844 5.150711 -59.615536
    endloop
  endfacet
  facet normal 0.884713237 0.38112509 0.268376889
    outer loop
      vertex 5.961571 5.08 -59.609818
      vertex 5.932844 5.150711 -59.615536
      vertex 5.847759 5.08 -59.234633
    endloop
  endfacet
  facet normal 0.884716696 0.381117506 0.268376254
    outer loop
      vertex 5.847759 5.08 -59.234633
      vertex 5.932844 5.150711 -59.615536
      vertex 5.820699 5.150711 -59.245844
    endloop
  endfacet
  facet normal 0.815357467 0.381122278 0.43581878
    outer loop
      vertex 5.847759 5.08 -59.234633
      vertex 5.820699 5.150711 -59.245844
      vertex 5.662939 5.08 -58.88886
    endloop
  endfacet
  facet normal 0.815373287 0.381088165 0.435819014
    outer loop
      vertex 5.662939 5.08 -58.88886
      vertex 5.820699 5.150711 -59.245844
      vertex 5.638586 5.150711 -58.905129
    endloop
  endfacet
  facet normal 0.714680505 0.381082672 0.586521758
    outer loop
      vertex 5.662939 5.08 -58.88886
      vertex 5.638586 5.150711 -58.905129
      vertex 5.414214 5.08 -58.585787
    endloop
  endfacet
  facet normal 0.71467338 0.381098384 0.586520231
    outer loop
      vertex 5.414214 5.08 -58.585787
      vertex 5.638586 5.150711 -58.905129
      vertex 5.393503 5.150711 -58.606496
    endloop
  endfacet
  facet normal 0.586522667 0.38109536 0.714672993
    outer loop
      vertex 5.414214 5.08 -58.585787
      vertex 5.393503 5.150711 -58.606496
      vertex 5.111141 5.08 -58.337059
    endloop
  endfacet
  facet normal 0.586501202 0.381145769 0.714663727
    outer loop
      vertex 5.111141 5.08 -58.337059
      vertex 5.393503 5.150711 -58.606496
      vertex 5.094868 5.150711 -58.361416
    endloop
  endfacet
  facet normal 0.435807171 0.381148658 0.815351342
    outer loop
      vertex 5.111141 5.08 -58.337059
      vertex 5.094868 5.150711 -58.361416
      vertex 4.765367 5.08 -58.152242
    endloop
  endfacet
  facet normal 0.435821272 0.381111725 0.815361069
    outer loop
      vertex 4.765367 5.08 -58.152242
      vertex 5.094868 5.150711 -58.361416
      vertex 4.754158 5.150711 -58.179302
    endloop
  endfacet
  facet normal 0.268377914 0.38111105 0.884718974
    outer loop
      vertex 4.765367 5.08 -58.152242
      vertex 4.754158 5.150711 -58.179302
      vertex 4.390181 5.08 -58.03843
    endloop
  endfacet
  facet normal 0.268384521 0.381090597 0.88472578
    outer loop
      vertex 4.390181 5.08 -58.03843
      vertex 4.754158 5.150711 -58.179302
      vertex 4.384467 5.150711 -58.067155
    endloop
  endfacet
  facet normal -0.0383181627 0.925507816 0.376785086
    outer loop
      vertex 3.617533 5.18 -58.138895
      vertex 3.615533 5.150711 -58.067155
      vertex 4 5.18 -58.099999
    endloop
  endfacet
  facet normal -0.03766355 0.923224208 0.382411453
    outer loop
      vertex 4 5.18 -58.099999
      vertex 3.615533 5.150711 -58.067155
      vertex 4 5.150711 -58.029289
    endloop
  endfacet
  facet normal 0.03766355 0.923224208 0.382411453
    outer loop
      vertex 4 5.18 -58.099999
      vertex 4 5.150711 -58.029289
      vertex 4.384467 5.150711 -58.067155
    endloop
  endfacet
  facet normal -0.113104901 0.920972923 0.372848705
    outer loop
      vertex 3.615533 5.150711 -58.067155
      vertex 3.617533 5.18 -58.138895
      vertex 3.245842 5.150711 -58.179302
    endloop
  endfacet
  facet normal -0.111847086 0.927580691 0.356488837
    outer loop
      vertex 3.245842 5.150711 -58.179302
      vertex 3.617533 5.18 -58.138895
      vertex 3.250724 5.18 -58.25398
    endloop
  endfacet
  facet normal -0.186105887 0.91876901 0.348178267
    outer loop
      vertex 3.245842 5.150711 -58.179302
      vertex 3.250724 5.18 -58.25398
      vertex 2.905132 5.150711 -58.361416
    endloop
  endfacet
  facet normal -0.179057532 0.929446629 0.322594737
    outer loop
      vertex 2.905132 5.150711 -58.361416
      vertex 3.250724 5.18 -58.25398
      vertex 2.914591 5.18 -58.440552
    endloop
  endfacet
  facet normal -0.253550664 0.916655787 0.308956677
    outer loop
      vertex 2.905132 5.150711 -58.361416
      vertex 2.914591 5.18 -58.440552
      vertex 2.606497 5.150711 -58.606496
    endloop
  endfacet
  facet normal -0.237575325 0.931112309 0.27674507
    outer loop
      vertex 2.606497 5.150711 -58.606496
      vertex 2.914591 5.18 -58.440552
      vertex 2.622894 5.18 -58.690963
    endloop
  endfacet
  facet normal -0.312521438 0.914629895 0.256481004
    outer loop
      vertex 2.606497 5.150711 -58.606496
      vertex 2.622894 5.18 -58.690963
      vertex 2.361414 5.150711 -58.905129
    endloop
  endfacet
  facet normal -0.285409597 0.932595608 0.220922596
    outer loop
      vertex 2.361414 5.150711 -58.905129
      vertex 2.622894 5.18 -58.690963
      vertex 2.387576 5.18 -58.99497
    endloop
  endfacet
  facet normal -0.360360823 0.912710263 0.19261374
    outer loop
      vertex 2.361414 5.150711 -58.905129
      vertex 2.387576 5.18 -58.99497
      vertex 2.179301 5.150711 -59.245844
    endloop
  endfacet
  facet normal -0.320990776 0.933901991 0.157454732
    outer loop
      vertex 2.179301 5.150711 -59.245844
      vertex 2.387576 5.18 -58.99497
      vertex 2.218271 5.18 -59.340119
    endloop
  endfacet
  facet normal -0.394852927 0.910903133 0.119777495
    outer loop
      vertex 2.179301 5.150711 -59.245844
      vertex 2.218271 5.18 -59.340119
      vertex 2.067156 5.150711 -59.615536
    endloop
  endfacet
  facet normal -0.343175883 0.935058909 0.0888546573
    outer loop
      vertex 2.067156 5.150711 -59.615536
      vertex 2.218271 5.18 -59.340119
      vertex 2.12191 5.18 -59.712286
    endloop
  endfacet
  facet normal -0.414271302 0.909238373 0.0408028096
    outer loop
      vertex 2.067156 5.150711 -59.615536
      vertex 2.12191 5.18 -59.712286
      vertex 2.029289 5.150711 -60
    endloop
  endfacet
  facet normal -0.351358297 0.936071502 0.0178182451
    outer loop
      vertex 2.029289 5.150711 -60
      vertex 2.12191 5.18 -59.712286
      vertex 2.102439 5.18 -60.096235
    endloop
  endfacet
  facet normal -0.417553181 0.907721317 -0.0411260516
    outer loop
      vertex 2.029289 5.150711 -60
      vertex 2.102439 5.18 -60.096235
      vertex 2.067156 5.150711 -60.384464
    endloop
  endfacet
  facet normal -0.345455242 0.936941852 -0.0529210892
    outer loop
      vertex 2.067156 5.150711 -60.384464
      vertex 2.102439 5.18 -60.096235
      vertex 2.160653 5.18 -60.476241
    endloop
  endfacet
  facet normal -0.404319497 0.906356955 -0.122649151
    outer loop
      vertex 2.067156 5.150711 -60.384464
      vertex 2.160653 5.18 -60.476241
      vertex 2.179301 5.150711 -60.754156
    endloop
  endfacet
  facet normal -0.325860722 0.937683143 -0.120686009
    outer loop
      vertex 2.179301 5.150711 -60.754156
      vertex 2.160653 5.18 -60.476241
      vertex 2.294171 5.18 -60.836749
    endloop
  endfacet
  facet normal -0.374860149 0.905170852 -0.200363665
    outer loop
      vertex 2.179301 5.150711 -60.754156
      vertex 2.294171 5.18 -60.836749
      vertex 2.361414 5.150711 -61.094871
    endloop
  endfacet
  facet normal -0.293466863 0.938305677 -0.18291981
    outer loop
      vertex 2.361414 5.150711 -61.094871
      vertex 2.294171 5.18 -60.836749
      vertex 2.497526 5.18 -61.163001
    endloop
  endfacet
  facet normal -0.330207311 0.904170654 -0.270995498
    outer loop
      vertex 2.361414 5.150711 -61.094871
      vertex 2.497526 5.18 -61.163001
      vertex 2.606497 5.150711 -61.393504
    endloop
  endfacet
  facet normal -0.249657112 0.938803775 -0.237315822
    outer loop
      vertex 2.606497 5.150711 -61.393504
      vertex 2.497526 5.18 -61.163001
      vertex 2.762392 5.18 -61.441641
    endloop
  endfacet
  facet normal -0.272093972 0.903348266 -0.331552078
    outer loop
      vertex 2.606497 5.150711 -61.393504
      vertex 2.762392 5.18 -61.441641
      vertex 2.905132 5.150711 -61.638584
    endloop
  endfacet
  facet normal -0.196179797 0.939184777 -0.281860677
    outer loop
      vertex 2.905132 5.150711 -61.638584
      vertex 2.762392 5.18 -61.441641
      vertex 3.077926 5.18 -61.661258
    endloop
  endfacet
  facet normal -0.202801028 0.902728007 -0.379412557
    outer loop
      vertex 2.905132 5.150711 -61.638584
      vertex 3.077926 5.18 -61.661258
      vertex 3.245842 5.150711 -61.820698
    endloop
  endfacet
  facet normal -0.135129331 0.939459314 -0.314890872
    outer loop
      vertex 3.245842 5.150711 -61.820698
      vertex 3.077926 5.18 -61.661258
      vertex 3.43121 5.18 -61.812863
    endloop
  endfacet
  facet normal -0.125135094 0.902319207 -0.41250607
    outer loop
      vertex 3.245842 5.150711 -61.820698
      vertex 3.43121 5.18 -61.812863
      vertex 3.615533 5.150711 -61.932845
    endloop
  endfacet
  facet normal -0.0688899404 0.939623054 -0.335205448
    outer loop
      vertex 3.615533 5.150711 -61.932845
      vertex 3.43121 5.18 -61.812863
      vertex 3.80778 5.18 -61.890254
    endloop
  endfacet
  facet normal -0.042295762 0.902102522 -0.429443953
    outer loop
      vertex 3.615533 5.150711 -61.932845
      vertex 3.80778 5.18 -61.890254
      vertex 4 5.150711 -61.970711
    endloop
  endfacet
  facet normal 0 0.939673675 -0.342072191
    outer loop
      vertex 4 5.150711 -61.970711
      vertex 3.80778 5.18 -61.890254
      vertex 4.19222 5.18 -61.890254
    endloop
  endfacet
  facet normal 0.042295762 0.902102522 -0.429443953
    outer loop
      vertex 4 5.150711 -61.970711
      vertex 4.19222 5.18 -61.890254
      vertex 4.384467 5.150711 -61.932845
    endloop
  endfacet
  facet normal 0.0688899404 0.939623054 -0.335205448
    outer loop
      vertex 4.384467 5.150711 -61.932845
      vertex 4.19222 5.18 -61.890254
      vertex 4.56879 5.18 -61.812863
    endloop
  endfacet
  facet normal 0.125135094 0.902319207 -0.41250607
    outer loop
      vertex 4.384467 5.150711 -61.932845
      vertex 4.56879 5.18 -61.812863
      vertex 4.754158 5.150711 -61.820698
    endloop
  endfacet
  facet normal 0.135129331 0.939459314 -0.314890872
    outer loop
      vertex 4.754158 5.150711 -61.820698
      vertex 4.56879 5.18 -61.812863
      vertex 4.922074 5.18 -61.661258
    endloop
  endfacet
  facet normal 0.202801028 0.902728007 -0.379412557
    outer loop
      vertex 4.754158 5.150711 -61.820698
      vertex 4.922074 5.18 -61.661258
      vertex 5.094868 5.150711 -61.638584
    endloop
  endfacet
  facet normal 0.196179797 0.939184777 -0.281860677
    outer loop
      vertex 5.094868 5.150711 -61.638584
      vertex 4.922074 5.18 -61.661258
      vertex 5.237608 5.18 -61.441641
    endloop
  endfacet
  facet normal 0.272093972 0.903348266 -0.331552078
    outer loop
      vertex 5.094868 5.150711 -61.638584
      vertex 5.237608 5.18 -61.441641
      vertex 5.393503 5.150711 -61.393504
    endloop
  endfacet
  facet normal 0.249657112 0.938803775 -0.237315822
    outer loop
      vertex 5.393503 5.150711 -61.393504
      vertex 5.237608 5.18 -61.441641
      vertex 5.502474 5.18 -61.163001
    endloop
  endfacet
  facet normal 0.330207311 0.904170654 -0.270995498
    outer loop
      vertex 5.393503 5.150711 -61.393504
      vertex 5.502474 5.18 -61.163001
      vertex 5.638586 5.150711 -61.094871
    endloop
  endfacet
  facet normal 0.293466863 0.938305677 -0.18291981
    outer loop
      vertex 5.638586 5.150711 -61.094871
      vertex 5.502474 5.18 -61.163001
      vertex 5.705829 5.18 -60.836749
    endloop
  endfacet
  facet normal 0.374860149 0.905170852 -0.200363665
    outer loop
      vertex 5.638586 5.150711 -61.094871
      vertex 5.705829 5.18 -60.836749
      vertex 5.820699 5.150711 -60.754156
    endloop
  endfacet
  facet normal 0.325860722 0.937683143 -0.120686009
    outer loop
      vertex 5.820699 5.150711 -60.754156
      vertex 5.705829 5.18 -60.836749
      vertex 5.839347 5.18 -60.476241
    endloop
  endfacet
  facet normal 0.404319497 0.906356955 -0.122649151
    outer loop
      vertex 5.820699 5.150711 -60.754156
      vertex 5.839347 5.18 -60.476241
      vertex 5.932844 5.150711 -60.384464
    endloop
  endfacet
  facet normal 0.345455242 0.936941852 -0.0529210892
    outer loop
      vertex 5.932844 5.150711 -60.384464
      vertex 5.839347 5.18 -60.476241
      vertex 5.897561 5.18 -60.096235
    endloop
  endfacet
  facet normal 0.417553181 0.907721317 -0.0411260516
    outer loop
      vertex 5.932844 5.150711 -60.384464
      vertex 5.897561 5.18 -60.096235
      vertex 5.970711 5.150711 -60
    endloop
  endfacet
  facet normal 0.351358297 0.936071502 0.0178182451
    outer loop
      vertex 5.970711 5.150711 -60
      vertex 5.897561 5.18 -60.096235
      vertex 5.87809 5.18 -59.712286
    endloop
  endfacet
  facet normal 0.414271302 0.909238373 0.0408028096
    outer loop
      vertex 5.970711 5.150711 -60
      vertex 5.87809 5.18 -59.712286
      vertex 5.932844 5.150711 -59.615536
    endloop
  endfacet
  facet normal 0.343175883 0.935058909 0.0888546573
    outer loop
      vertex 5.932844 5.150711 -59.615536
      vertex 5.87809 5.18 -59.712286
      vertex 5.781729 5.18 -59.340119
    endloop
  endfacet
  facet normal 0.394852927 0.910903133 0.119777495
    outer loop
      vertex 5.932844 5.150711 -59.615536
      vertex 5.781729 5.18 -59.340119
      vertex 5.820699 5.150711 -59.245844
    endloop
  endfacet
  facet normal 0.320990776 0.933901991 0.157454732
    outer loop
      vertex 5.820699 5.150711 -59.245844
      vertex 5.781729 5.18 -59.340119
      vertex 5.612424 5.18 -58.99497
    endloop
  endfacet
  facet normal 0.360360823 0.912710263 0.19261374
    outer loop
      vertex 5.820699 5.150711 -59.245844
      vertex 5.612424 5.18 -58.99497
      vertex 5.638586 5.150711 -58.905129
    endloop
  endfacet
  facet normal 0.285409597 0.932595608 0.220922596
    outer loop
      vertex 5.638586 5.150711 -58.905129
      vertex 5.612424 5.18 -58.99497
      vertex 5.377106 5.18 -58.690963
    endloop
  endfacet
  facet normal 0.312521438 0.914629895 0.256481004
    outer loop
      vertex 5.638586 5.150711 -58.905129
      vertex 5.377106 5.18 -58.690963
      vertex 5.393503 5.150711 -58.606496
    endloop
  endfacet
  facet normal 0.237575993 0.931112189 0.276744899
    outer loop
      vertex 5.393503 5.150711 -58.606496
      vertex 5.377106 5.18 -58.690963
      vertex 5.08541 5.18 -58.440552
    endloop
  endfacet
  facet normal 0.253552676 0.916654404 0.308959129
    outer loop
      vertex 5.393503 5.150711 -58.606496
      vertex 5.08541 5.18 -58.440552
      vertex 5.094868 5.150711 -58.361416
    endloop
  endfacet
  facet normal 0.179058062 0.929445862 0.322596653
    outer loop
      vertex 5.094868 5.150711 -58.361416
      vertex 5.08541 5.18 -58.440552
      vertex 4.749276 5.18 -58.25398
    endloop
  endfacet
  facet normal 0.186105887 0.91876901 0.348178267
    outer loop
      vertex 5.094868 5.150711 -58.361416
      vertex 4.749276 5.18 -58.25398
      vertex 4.754158 5.150711 -58.179302
    endloop
  endfacet
  facet normal 0.111847086 0.927580691 0.356488837
    outer loop
      vertex 4.754158 5.150711 -58.179302
      vertex 4.749276 5.18 -58.25398
      vertex 4.382467 5.18 -58.138895
    endloop
  endfacet
  facet normal 0.113104901 0.920972923 0.372848705
    outer loop
      vertex 4.754158 5.150711 -58.179302
      vertex 4.382467 5.18 -58.138895
      vertex 4.384467 5.150711 -58.067155
    endloop
  endfacet
  facet normal 0.0383181627 0.925507816 0.376785086
    outer loop
      vertex 4.384467 5.150711 -58.067155
      vertex 4.382467 5.18 -58.138895
      vertex 4 5.18 -58.099999
    endloop
  endfacet
  facet normal -0.0980134163 0 0.995185093
    outer loop
      vertex 3.609819 5.08 -50.038428
      vertex 3.609819 3.33 -50.038428
      vertex 4 5.08 -50
    endloop
  endfacet
  facet normal -0.0980134163 0 0.995185093
    outer loop
      vertex 4 5.08 -50
      vertex 3.609819 3.33 -50.038428
      vertex 4 3.33 -50
    endloop
  endfacet
  facet normal 0.0980134163 0 0.995185093
    outer loop
      vertex 4 5.08 -50
      vertex 4 3.33 -50
      vertex 4.390181 5.08 -50.038428
    endloop
  endfacet
  facet normal 0.0980134163 0 0.995185093
    outer loop
      vertex 4.390181 5.08 -50.038428
      vertex 4 3.33 -50
      vertex 4.390181 3.33 -50.038428
    endloop
  endfacet
  facet normal 0.290286011 0 0.956939931
    outer loop
      vertex 4.390181 5.08 -50.038428
      vertex 4.390181 3.33 -50.038428
      vertex 4.765367 5.08 -50.15224
    endloop
  endfacet
  facet normal 0.290286011 0 0.956939931
    outer loop
      vertex 4.765367 5.08 -50.15224
      vertex 4.390181 3.33 -50.038428
      vertex 4.765367 3.33 -50.15224
    endloop
  endfacet
  facet normal 0.471400598 0 0.8819192
    outer loop
      vertex 4.765367 5.08 -50.15224
      vertex 4.765367 3.33 -50.15224
      vertex 5.111141 5.08 -50.337062
    endloop
  endfacet
  facet normal 0.471400598 0 0.8819192
    outer loop
      vertex 5.111141 5.08 -50.337062
      vertex 4.765367 3.33 -50.15224
      vertex 5.111141 3.33 -50.337062
    endloop
  endfacet
  facet normal 0.634389347 0 0.773013684
    outer loop
      vertex 5.111141 5.08 -50.337062
      vertex 5.111141 3.33 -50.337062
      vertex 5.414214 5.08 -50.585785
    endloop
  endfacet
  facet normal 0.634389347 0 0.773013684
    outer loop
      vertex 5.414214 5.08 -50.585785
      vertex 5.111141 3.33 -50.337062
      vertex 5.414214 3.33 -50.585785
    endloop
  endfacet
  facet normal 0.773011183 0 0.634392395
    outer loop
      vertex 5.414214 5.08 -50.585785
      vertex 5.414214 3.33 -50.585785
      vertex 5.662939 5.08 -50.888858
    endloop
  endfacet
  facet normal 0.773011183 0 0.634392395
    outer loop
      vertex 5.662939 5.08 -50.888858
      vertex 5.414214 3.33 -50.585785
      vertex 5.662939 3.33 -50.888858
    endloop
  endfacet
  facet normal 0.881921321 0 0.471396631
    outer loop
      vertex 5.662939 5.08 -50.888858
      vertex 5.662939 3.33 -50.888858
      vertex 5.847759 5.08 -51.234632
    endloop
  endfacet
  facet normal 0.881921321 0 0.471396631
    outer loop
      vertex 5.847759 5.08 -51.234632
      vertex 5.662939 3.33 -50.888858
      vertex 5.847759 3.33 -51.234632
    endloop
  endfacet
  facet normal 0.956940576 0 0.290283886
    outer loop
      vertex 5.847759 5.08 -51.234632
      vertex 5.847759 3.33 -51.234632
      vertex 5.961571 5.08 -51.609821
    endloop
  endfacet
  facet normal 0.956940576 0 0.290283886
    outer loop
      vertex 5.961571 5.08 -51.609821
      vertex 5.847759 3.33 -51.234632
      vertex 5.961571 3.33 -51.609821
    endloop
  endfacet
  facet normal 0.995184747 0 0.0980169375
    outer loop
      vertex 5.961571 5.08 -51.609821
      vertex 5.961571 3.33 -51.609821
      vertex 6 5.08 -51.999998
    endloop
  endfacet
  facet normal 0.995184747 0 0.0980169375
    outer loop
      vertex 6 5.08 -51.999998
      vertex 5.961571 3.33 -51.609821
      vertex 6 3.33 -51.999998
    endloop
  endfacet
  facet normal 0.995184869 0 -0.0980156935
    outer loop
      vertex 6 5.08 -51.999998
      vertex 6 3.33 -51.999998
      vertex 5.961571 5.08 -52.39018
    endloop
  endfacet
  facet normal 0.995184869 0 -0.0980156935
    outer loop
      vertex 5.961571 5.08 -52.39018
      vertex 6 3.33 -51.999998
      vertex 5.961571 3.33 -52.39018
    endloop
  endfacet
  facet normal 0.956939716 0 -0.29028672
    outer loop
      vertex 5.961571 5.08 -52.39018
      vertex 5.961571 3.33 -52.39018
      vertex 5.847759 5.08 -52.765365
    endloop
  endfacet
  facet normal 0.956939716 0 -0.29028672
    outer loop
      vertex 5.847759 5.08 -52.765365
      vertex 5.961571 3.33 -52.39018
      vertex 5.847759 3.33 -52.765365
    endloop
  endfacet
  facet normal 0.881920754 0 -0.471397691
    outer loop
      vertex 5.847759 5.08 -52.765365
      vertex 5.847759 3.33 -52.765365
      vertex 5.662939 5.08 -53.111138
    endloop
  endfacet
  facet normal 0.881920754 0 -0.471397691
    outer loop
      vertex 5.662939 5.08 -53.111138
      vertex 5.847759 3.33 -52.765365
      vertex 5.662939 3.33 -53.111138
    endloop
  endfacet
  facet normal 0.773011183 0 -0.634392395
    outer loop
      vertex 5.662939 5.08 -53.111138
      vertex 5.662939 3.33 -53.111138
      vertex 5.414214 5.08 -53.414211
    endloop
  endfacet
  facet normal 0.773011183 0 -0.634392395
    outer loop
      vertex 5.414214 5.08 -53.414211
      vertex 5.662939 3.33 -53.111138
      vertex 5.414214 3.33 -53.414211
    endloop
  endfacet
  facet normal 0.634396968 0 -0.77300743
    outer loop
      vertex 5.414214 5.08 -53.414211
      vertex 5.414214 3.33 -53.414211
      vertex 5.111141 5.08 -53.662939
    endloop
  endfacet
  facet normal 0.634396968 0 -0.77300743
    outer loop
      vertex 5.111141 5.08 -53.662939
      vertex 5.414214 3.33 -53.414211
      vertex 5.111141 3.33 -53.662939
    endloop
  endfacet
  facet normal 0.471400598 0 -0.8819192
    outer loop
      vertex 5.111141 5.08 -53.662939
      vertex 5.111141 3.33 -53.662939
      vertex 4.765367 5.08 -53.847761
    endloop
  endfacet
  facet normal 0.471400598 0 -0.8819192
    outer loop
      vertex 4.765367 5.08 -53.847761
      vertex 5.111141 3.33 -53.662939
      vertex 4.765367 3.33 -53.847761
    endloop
  endfacet
  facet normal 0.290286011 0 -0.956939931
    outer loop
      vertex 4.765367 5.08 -53.847761
      vertex 4.765367 3.33 -53.847761
      vertex 4.390181 5.08 -53.961573
    endloop
  endfacet
  facet normal 0.290286011 0 -0.956939931
    outer loop
      vertex 4.390181 5.08 -53.961573
      vertex 4.765367 3.33 -53.847761
      vertex 4.390181 3.33 -53.961573
    endloop
  endfacet
  facet normal 0.0980134163 0 -0.995185093
    outer loop
      vertex 4.390181 5.08 -53.961573
      vertex 4.390181 3.33 -53.961573
      vertex 4 5.08 -54.000001
    endloop
  endfacet
  facet normal 0.0980134163 0 -0.995185093
    outer loop
      vertex 4 5.08 -54.000001
      vertex 4.390181 3.33 -53.961573
      vertex 4 3.33 -54.000001
    endloop
  endfacet
  facet normal -0.0980134163 -0 -0.995185093
    outer loop
      vertex 4 5.08 -54.000001
      vertex 4 3.33 -54.000001
      vertex 3.609819 5.08 -53.961573
    endloop
  endfacet
  facet normal -0.0980134163 -0 -0.995185093
    outer loop
      vertex 3.609819 5.08 -53.961573
      vertex 4 3.33 -54.000001
      vertex 3.609819 3.33 -53.961573
    endloop
  endfacet
  facet normal -0.290286011 -0 -0.956939931
    outer loop
      vertex 3.609819 5.08 -53.961573
      vertex 3.609819 3.33 -53.961573
      vertex 3.234633 5.08 -53.847761
    endloop
  endfacet
  facet normal -0.290286011 -0 -0.956939931
    outer loop
      vertex 3.234633 5.08 -53.847761
      vertex 3.609819 3.33 -53.961573
      vertex 3.234633 3.33 -53.847761
    endloop
  endfacet
  facet normal -0.471401659 -0 -0.881918634
    outer loop
      vertex 3.234633 5.08 -53.847761
      vertex 3.234633 3.33 -53.847761
      vertex 2.88886 5.08 -53.662939
    endloop
  endfacet
  facet normal -0.471401659 -0 -0.881918634
    outer loop
      vertex 2.88886 5.08 -53.662939
      vertex 3.234633 3.33 -53.847761
      vertex 2.88886 3.33 -53.662939
    endloop
  endfacet
  facet normal -0.634396968 -0 -0.77300743
    outer loop
      vertex 2.88886 5.08 -53.662939
      vertex 2.88886 3.33 -53.662939
      vertex 2.585787 5.08 -53.414211
    endloop
  endfacet
  facet normal -0.634396968 -0 -0.77300743
    outer loop
      vertex 2.585787 5.08 -53.414211
      vertex 2.88886 3.33 -53.662939
      vertex 2.585787 3.33 -53.414211
    endloop
  endfacet
  facet normal -0.773009932 -0 -0.634393919
    outer loop
      vertex 2.585787 5.08 -53.414211
      vertex 2.585787 3.33 -53.414211
      vertex 2.337061 5.08 -53.111138
    endloop
  endfacet
  facet normal -0.773009932 -0 -0.634393919
    outer loop
      vertex 2.337061 5.08 -53.111138
      vertex 2.585787 3.33 -53.414211
      vertex 2.337061 3.33 -53.111138
    endloop
  endfacet
  facet normal -0.881920754 -0 -0.471397691
    outer loop
      vertex 2.337061 5.08 -53.111138
      vertex 2.337061 3.33 -53.111138
      vertex 2.152241 5.08 -52.765365
    endloop
  endfacet
  facet normal -0.881920754 -0 -0.471397691
    outer loop
      vertex 2.152241 5.08 -52.765365
      vertex 2.337061 3.33 -53.111138
      vertex 2.152241 3.33 -52.765365
    endloop
  endfacet
  facet normal -0.956939716 -0 -0.29028672
    outer loop
      vertex 2.152241 5.08 -52.765365
      vertex 2.152241 3.33 -52.765365
      vertex 2.038429 5.08 -52.39018
    endloop
  endfacet
  facet normal -0.956939716 -0 -0.29028672
    outer loop
      vertex 2.038429 5.08 -52.39018
      vertex 2.152241 3.33 -52.765365
      vertex 2.038429 3.33 -52.39018
    endloop
  endfacet
  facet normal -0.995184869 -0 -0.0980156935
    outer loop
      vertex 2.038429 5.08 -52.39018
      vertex 2.038429 3.33 -52.39018
      vertex 2 5.08 -51.999998
    endloop
  endfacet
  facet normal -0.995184869 -0 -0.0980156935
    outer loop
      vertex 2 5.08 -51.999998
      vertex 2.038429 3.33 -52.39018
      vertex 2 3.33 -51.999998
    endloop
  endfacet
  facet normal -0.995184747 0 0.0980169375
    outer loop
      vertex 2 5.08 -51.999998
      vertex 2 3.33 -51.999998
      vertex 2.038429 5.08 -51.609821
    endloop
  endfacet
  facet normal -0.995184747 0 0.0980169375
    outer loop
      vertex 2.038429 5.08 -51.609821
      vertex 2 3.33 -51.999998
      vertex 2.038429 3.33 -51.609821
    endloop
  endfacet
  facet normal -0.956940576 0 0.290283886
    outer loop
      vertex 2.038429 5.08 -51.609821
      vertex 2.038429 3.33 -51.609821
      vertex 2.152241 5.08 -51.234632
    endloop
  endfacet
  facet normal -0.956940576 0 0.290283886
    outer loop
      vertex 2.152241 5.08 -51.234632
      vertex 2.038429 3.33 -51.609821
      vertex 2.152241 3.33 -51.234632
    endloop
  endfacet
  facet normal -0.881921321 0 0.471396631
    outer loop
      vertex 2.152241 5.08 -51.234632
      vertex 2.152241 3.33 -51.234632
      vertex 2.337061 5.08 -50.888858
    endloop
  endfacet
  facet normal -0.881921321 0 0.471396631
    outer loop
      vertex 2.337061 5.08 -50.888858
      vertex 2.152241 3.33 -51.234632
      vertex 2.337061 3.33 -50.888858
    endloop
  endfacet
  facet normal -0.773009932 0 0.634393919
    outer loop
      vertex 2.337061 5.08 -50.888858
      vertex 2.337061 3.33 -50.888858
      vertex 2.585787 5.08 -50.585785
    endloop
  endfacet
  facet normal -0.773009932 0 0.634393919
    outer loop
      vertex 2.585787 5.08 -50.585785
      vertex 2.337061 3.33 -50.888858
      vertex 2.585787 3.33 -50.585785
    endloop
  endfacet
  facet normal -0.634389347 0 0.773013684
    outer loop
      vertex 2.585787 5.08 -50.585785
      vertex 2.585787 3.33 -50.585785
      vertex 2.88886 5.08 -50.337062
    endloop
  endfacet
  facet normal -0.634389347 0 0.773013684
    outer loop
      vertex 2.88886 5.08 -50.337062
      vertex 2.585787 3.33 -50.585785
      vertex 2.88886 3.33 -50.337062
    endloop
  endfacet
  facet normal -0.471401659 0 0.881918634
    outer loop
      vertex 2.88886 5.08 -50.337062
      vertex 2.88886 3.33 -50.337062
      vertex 3.234633 5.08 -50.15224
    endloop
  endfacet
  facet normal -0.471401659 0 0.881918634
    outer loop
      vertex 3.234633 5.08 -50.15224
      vertex 2.88886 3.33 -50.337062
      vertex 3.234633 3.33 -50.15224
    endloop
  endfacet
  facet normal -0.290286011 0 0.956939931
    outer loop
      vertex 3.234633 5.08 -50.15224
      vertex 3.234633 3.33 -50.15224
      vertex 3.609819 5.08 -50.038428
    endloop
  endfacet
  facet normal -0.290286011 0 0.956939931
    outer loop
      vertex 3.609819 5.08 -50.038428
      vertex 3.234633 3.33 -50.15224
      vertex 3.609819 3.33 -50.038428
    endloop
  endfacet
  facet normal 0 1 0
    outer loop
      vertex 4 5.18 -58.099999
      vertex 4.382467 5.18 -58.138895
      vertex 3.617533 5.18 -58.138895
    endloop
  endfacet
  facet normal -0 1 0
    outer loop
      vertex 3.617533 5.18 -58.138895
      vertex 4.382467 5.18 -58.138895
      vertex 4.749276 5.18 -58.25398
    endloop
  endfacet
  facet normal 0 1 0
    outer loop
      vertex 3.617533 5.18 -58.138895
      vertex 4.749276 5.18 -58.25398
      vertex 3.250724 5.18 -58.25398
    endloop
  endfacet
  facet normal -0 1 0
    outer loop
      vertex 3.250724 5.18 -58.25398
      vertex 4.749276 5.18 -58.25398
      vertex 5.08541 5.18 -58.440552
    endloop
  endfacet
  facet normal 0 1 0
    outer loop
      vertex 3.250724 5.18 -58.25398
      vertex 5.08541 5.18 -58.440552
      vertex 2.914591 5.18 -58.440552
    endloop
  endfacet
  facet normal -0 1 0
    outer loop
      vertex 2.914591 5.18 -58.440552
      vertex 5.08541 5.18 -58.440552
      vertex 5.377106 5.18 -58.690963
    endloop
  endfacet
  facet normal 0 1 0
    outer loop
      vertex 2.914591 5.18 -58.440552
      vertex 5.377106 5.18 -58.690963
      vertex 2.622894 5.18 -58.690963
    endloop
  endfacet
  facet normal -0 1 0
    outer loop
      vertex 2.622894 5.18 -58.690963
      vertex 5.377106 5.18 -58.690963
      vertex 5.612424 5.18 -58.99497
    endloop
  endfacet
  facet normal 0 1 0
    outer loop
      vertex 2.622894 5.18 -58.690963
      vertex 5.612424 5.18 -58.99497
      vertex 5.781729 5.18 -59.340119
    endloop
  endfacet
  facet normal 0 1 0
    outer loop
      vertex 5.781729 5.18 -59.340119
      vertex 5.87809 5.18 -59.712286
      vertex 2.622894 5.18 -58.690963
    endloop
  endfacet
  facet normal 0 1 0
    outer loop
      vertex 2.622894 5.18 -58.690963
      vertex 5.87809 5.18 -59.712286
      vertex 5.897561 5.18 -60.096235
    endloop
  endfacet
  facet normal 0 1 0
    outer loop
      vertex 2.622894 5.18 -58.690963
      vertex 5.897561 5.18 -60.096235
      vertex 5.839347 5.18 -60.476241
    endloop
  endfacet
  facet normal 0 1 0
    outer loop
      vertex 5.839347 5.18 -60.476241
      vertex 5.705829 5.18 -60.836749
      vertex 2.622894 5.18 -58.690963
    endloop
  endfacet
  facet normal 0 1 0
    outer loop
      vertex 2.622894 5.18 -58.690963
      vertex 5.705829 5.18 -60.836749
      vertex 5.502474 5.18 -61.163001
    endloop
  endfacet
  facet normal 0 1 0
    outer loop
      vertex 2.622894 5.18 -58.690963
      vertex 5.502474 5.18 -61.163001
      vertex 5.237608 5.18 -61.441641
    endloop
  endfacet
  facet normal 0 1 0
    outer loop
      vertex 5.237608 5.18 -61.441641
      vertex 4.922074 5.18 -61.661258
      vertex 2.622894 5.18 -58.690963
    endloop
  endfacet
  facet normal 0 1 0
    outer loop
      vertex 2.622894 5.18 -58.690963
      vertex 4.922074 5.18 -61.661258
      vertex 4.56879 5.18 -61.812863
    endloop
  endfacet
  facet normal 0 1 0
    outer loop
      vertex 2.622894 5.18 -58.690963
      vertex 4.56879 5.18 -61.812863
      vertex 4.19222 5.18 -61.890254
    endloop
  endfacet
  facet normal 0 1 0
    outer loop
      vertex 4.19222 5.18 -61.890254
      vertex 3.80778 5.18 -61.890254
      vertex 2.622894 5.18 -58.690963
    endloop
  endfacet
  facet normal 0 1 0
    outer loop
      vertex 2.622894 5.18 -58.690963
      vertex 3.80778 5.18 -61.890254
      vertex 3.43121 5.18 -61.812863
    endloop
  endfacet
  facet normal 0 1 0
    outer loop
      vertex 2.622894 5.18 -58.690963
      vertex 3.43121 5.18 -61.812863
      vertex 2.387576 5.18 -58.99497
    endloop
  endfacet
  facet normal 0 1 0
    outer loop
      vertex 2.387576 5.18 -58.99497
      vertex 3.43121 5.18 -61.812863
      vertex 3.077926 5.18 -61.661258
    endloop
  endfacet
  facet normal 0 1 0
    outer loop
      vertex 2.387576 5.18 -58.99497
      vertex 3.077926 5.18 -61.661258
      vertex 2.762392 5.18 -61.441641
    endloop
  endfacet
  facet normal 0 1 0
    outer loop
      vertex 2.762392 5.18 -61.441641
      vertex 2.497526 5.18 -61.163001
      vertex 2.387576 5.18 -58.99497
    endloop
  endfacet
  facet normal 0 1 0
    outer loop
      vertex 2.387576 5.18 -58.99497
      vertex 2.497526 5.18 -61.163001
      vertex 2.294171 5.18 -60.836749
    endloop
  endfacet
  facet normal 0 1 0
    outer loop
      vertex 2.387576 5.18 -58.99497
      vertex 2.294171 5.18 -60.836749
      vertex 2.218271 5.18 -59.340119
    endloop
  endfacet
  facet normal 0 1 0
    outer loop
      vertex 2.218271 5.18 -59.340119
      vertex 2.294171 5.18 -60.836749
      vertex 2.160653 5.18 -60.476241
    endloop
  endfacet
  facet normal 0 1 0
    outer loop
      vertex 2.218271 5.18 -59.340119
      vertex 2.160653 5.18 -60.476241
      vertex 2.12191 5.18 -59.712286
    endloop
  endfacet
  facet normal 0 1 0
    outer loop
      vertex 2.12191 5.18 -59.712286
      vertex 2.160653 5.18 -60.476241
      vertex 2.102439 5.18 -60.096235
    endloop
  endfacet
  facet normal 0.120537402 0 0.992708786
    outer loop
      vertex 3.700855 2.83 -5.213677
      vertex 4 1.83 -5.25
      vertex 4 2.83 -5.25
    endloop
  endfacet
  facet normal -0.1205378 0 0.992708738
    outer loop
      vertex 4 2.83 -5.25
      vertex 4 1.83 -5.25
      vertex 4.299144 1.83 -5.213677
    endloop
  endfacet
  facet normal -0.1205378 0 0.992708738
    outer loop
      vertex 4 2.83 -5.25
      vertex 4.299144 1.83 -5.213677
      vertex 4.299144 2.83 -5.213677
    endloop
  endfacet
  facet normal -0.354603515 0 0.935016763
    outer loop
      vertex 4.299144 2.83 -5.213677
      vertex 4.299144 1.83 -5.213677
      vertex 4.580904 1.83 -5.10682
    endloop
  endfacet
  facet normal -0.354603515 0 0.935016763
    outer loop
      vertex 4.299144 2.83 -5.213677
      vertex 4.580904 1.83 -5.10682
      vertex 4.580904 2.83 -5.10682
    endloop
  endfacet
  facet normal -0.568066208 0 0.822982857
    outer loop
      vertex 4.580904 2.83 -5.10682
      vertex 4.580904 1.83 -5.10682
      vertex 4.828903 1.83 -4.935638
    endloop
  endfacet
  facet normal -0.568066208 0 0.822982857
    outer loop
      vertex 4.580904 2.83 -5.10682
      vertex 4.828903 1.83 -4.935638
      vertex 4.828903 2.83 -4.935638
    endloop
  endfacet
  facet normal -0.748509208 0 0.663124397
    outer loop
      vertex 4.828903 2.83 -4.935638
      vertex 4.828903 1.83 -4.935638
      vertex 5.02873 1.83 -4.710081
    endloop
  endfacet
  facet normal -0.748509208 0 0.663124397
    outer loop
      vertex 4.828903 2.83 -4.935638
      vertex 5.02873 1.83 -4.710081
      vertex 5.02873 2.83 -4.710081
    endloop
  endfacet
  facet normal -0.885455429 0 0.464724309
    outer loop
      vertex 5.02873 2.83 -4.710081
      vertex 5.02873 1.83 -4.710081
      vertex 5.168771 1.83 -4.443256
    endloop
  endfacet
  facet normal -0.885455429 0 0.464724309
    outer loop
      vertex 5.02873 2.83 -4.710081
      vertex 5.168771 1.83 -4.443256
      vertex 5.168771 2.83 -4.443256
    endloop
  endfacet
  facet normal -0.970942377 0 0.239313394
    outer loop
      vertex 5.168771 2.83 -4.443256
      vertex 5.168771 1.83 -4.443256
      vertex 5.240886 1.83 -4.150671
    endloop
  endfacet
  facet normal -0.970942377 0 0.239313394
    outer loop
      vertex 5.168771 2.83 -4.443256
      vertex 5.240886 1.83 -4.150671
      vertex 5.240886 2.83 -4.150671
    endloop
  endfacet
  facet normal -1 0 0
    outer loop
      vertex 5.240886 2.83 -4.150671
      vertex 5.240886 1.83 -4.150671
      vertex 5.240886 1.83 -3.849329
    endloop
  endfacet
  facet normal -1 0 0
    outer loop
      vertex 5.240886 2.83 -4.150671
      vertex 5.240886 1.83 -3.849329
      vertex 5.240886 2.83 -3.849329
    endloop
  endfacet
  facet normal -0.970942377 -0 -0.239313394
    outer loop
      vertex 5.240886 2.83 -3.849329
      vertex 5.240886 1.83 -3.849329
      vertex 5.168771 1.83 -3.556744
    endloop
  endfacet
  facet normal -0.970942377 0 -0.239313394
    outer loop
      vertex 5.240886 2.83 -3.849329
      vertex 5.168771 1.83 -3.556744
      vertex 5.168771 2.83 -3.556744
    endloop
  endfacet
  facet normal -0.885455429 -0 -0.464724309
    outer loop
      vertex 5.168771 2.83 -3.556744
      vertex 5.168771 1.83 -3.556744
      vertex 5.02873 1.83 -3.289919
    endloop
  endfacet
  facet normal -0.885455429 0 -0.464724309
    outer loop
      vertex 5.168771 2.83 -3.556744
      vertex 5.02873 1.83 -3.289919
      vertex 5.02873 2.83 -3.289919
    endloop
  endfacet
  facet normal -0.748509208 -0 -0.663124397
    outer loop
      vertex 5.02873 2.83 -3.289919
      vertex 5.02873 1.83 -3.289919
      vertex 4.828903 1.83 -3.064362
    endloop
  endfacet
  facet normal -0.748509208 0 -0.663124397
    outer loop
      vertex 5.02873 2.83 -3.289919
      vertex 4.828903 1.83 -3.064362
      vertex 4.828903 2.83 -3.064362
    endloop
  endfacet
  facet normal -0.568066208 -0 -0.822982857
    outer loop
      vertex 4.828903 2.83 -3.064362
      vertex 4.828903 1.83 -3.064362
      vertex 4.580904 1.83 -2.89318
    endloop
  endfacet
  facet normal -0.568066208 0 -0.822982857
    outer loop
      vertex 4.828903 2.83 -3.064362
      vertex 4.580904 1.83 -2.89318
      vertex 4.580904 2.83 -2.89318
    endloop
  endfacet
  facet normal -0.354603515 -0 -0.935016763
    outer loop
      vertex 4.580904 2.83 -2.89318
      vertex 4.580904 1.83 -2.89318
      vertex 4.299144 1.83 -2.786323
    endloop
  endfacet
  facet normal -0.354603515 0 -0.935016763
    outer loop
      vertex 4.580904 2.83 -2.89318
      vertex 4.299144 1.83 -2.786323
      vertex 4.299144 2.83 -2.786323
    endloop
  endfacet
  facet normal -0.1205378 -0 -0.992708738
    outer loop
      vertex 4.299144 2.83 -2.786323
      vertex 4.299144 1.83 -2.786323
      vertex 4 2.83 -2.75
    endloop
  endfacet
  facet normal -0.1205378 -0 -0.992708738
    outer loop
      vertex 4 2.83 -2.75
      vertex 4.299144 1.83 -2.786323
      vertex 4 1.83 -2.75
    endloop
  endfacet
  facet normal 0.120537402 0 -0.992708786
    outer loop
      vertex 4 2.83 -2.75
      vertex 4 1.83 -2.75
      vertex 3.700855 2.83 -2.786323
    endloop
  endfacet
  facet normal 0.120537402 0 -0.992708786
    outer loop
      vertex 3.700855 2.83 -2.786323
      vertex 4 1.83 -2.75
      vertex 3.700855 1.83 -2.786323
    endloop
  endfacet
  facet normal 0.354604615 0 -0.935016346
    outer loop
      vertex 3.700855 2.83 -2.786323
      vertex 3.700855 1.83 -2.786323
      vertex 3.419096 1.83 -2.89318
    endloop
  endfacet
  facet normal 0.120537402 0 0.992708786
    outer loop
      vertex 4 1.83 -5.25
      vertex 3.700855 2.83 -5.213677
      vertex 3.700855 1.83 -5.213677
    endloop
  endfacet
  facet normal 0.354604615 -0 0.935016346
    outer loop
      vertex 3.700855 1.83 -5.213677
      vertex 3.700855 2.83 -5.213677
      vertex 3.419096 2.83 -5.10682
    endloop
  endfacet
  facet normal 0.354604615 0 0.935016346
    outer loop
      vertex 3.700855 1.83 -5.213677
      vertex 3.419096 2.83 -5.10682
      vertex 3.419096 1.83 -5.10682
    endloop
  endfacet
  facet normal 0.568066208 -0 0.822982857
    outer loop
      vertex 3.419096 1.83 -5.10682
      vertex 3.419096 2.83 -5.10682
      vertex 3.171097 2.83 -4.935638
    endloop
  endfacet
  facet normal 0.568066208 0 0.822982857
    outer loop
      vertex 3.419096 1.83 -5.10682
      vertex 3.171097 2.83 -4.935638
      vertex 3.171097 1.83 -4.935638
    endloop
  endfacet
  facet normal 0.748509208 -0 0.663124397
    outer loop
      vertex 3.171097 1.83 -4.935638
      vertex 3.171097 2.83 -4.935638
      vertex 2.97127 2.83 -4.710081
    endloop
  endfacet
  facet normal 0.748509208 0 0.663124397
    outer loop
      vertex 3.171097 1.83 -4.935638
      vertex 2.97127 2.83 -4.710081
      vertex 2.97127 1.83 -4.710081
    endloop
  endfacet
  facet normal 0.885456795 -0 0.464721707
    outer loop
      vertex 2.97127 1.83 -4.710081
      vertex 2.97127 2.83 -4.710081
      vertex 2.83123 2.83 -4.443256
    endloop
  endfacet
  facet normal 0.885456795 0 0.464721707
    outer loop
      vertex 2.97127 1.83 -4.710081
      vertex 2.83123 2.83 -4.443256
      vertex 2.83123 1.83 -4.443256
    endloop
  endfacet
  facet normal 0.970941606 -0 0.239316523
    outer loop
      vertex 2.83123 1.83 -4.443256
      vertex 2.83123 2.83 -4.443256
      vertex 2.759114 2.83 -4.150671
    endloop
  endfacet
  facet normal 0.970941606 0 0.239316523
    outer loop
      vertex 2.83123 1.83 -4.443256
      vertex 2.759114 2.83 -4.150671
      vertex 2.759114 1.83 -4.150671
    endloop
  endfacet
  facet normal 1 0 0
    outer loop
      vertex 2.759114 1.83 -4.150671
      vertex 2.759114 2.83 -4.150671
      vertex 2.759114 2.83 -3.849329
    endloop
  endfacet
  facet normal 1 0 0
    outer loop
      vertex 2.759114 1.83 -4.150671
      vertex 2.759114 2.83 -3.849329
      vertex 2.759114 1.83 -3.849329
    endloop
  endfacet
  facet normal 0.970941606 0 -0.239316523
    outer loop
      vertex 2.759114 1.83 -3.849329
      vertex 2.759114 2.83 -3.849329
      vertex 2.83123 2.83 -3.556744
    endloop
  endfacet
  facet normal 0.970941606 0 -0.239316523
    outer loop
      vertex 2.759114 1.83 -3.849329
      vertex 2.83123 2.83 -3.556744
      vertex 2.83123 1.83 -3.556744
    endloop
  endfacet
  facet normal 0.885456795 0 -0.464721707
    outer loop
      vertex 2.83123 1.83 -3.556744
      vertex 2.83123 2.83 -3.556744
      vertex 2.97127 2.83 -3.289919
    endloop
  endfacet
  facet normal 0.885456795 0 -0.464721707
    outer loop
      vertex 2.83123 1.83 -3.556744
      vertex 2.97127 2.83 -3.289919
      vertex 2.97127 1.83 -3.289919
    endloop
  endfacet
  facet normal 0.748509208 0 -0.663124397
    outer loop
      vertex 2.97127 1.83 -3.289919
      vertex 2.97127 2.83 -3.289919
      vertex 3.171097 2.83 -3.064362
    endloop
  endfacet
  facet normal 0.748509208 0 -0.663124397
    outer loop
      vertex 2.97127 1.83 -3.289919
      vertex 3.171097 2.83 -3.064362
      vertex 3.171097 1.83 -3.064362
    endloop
  endfacet
  facet normal 0.568066208 0 -0.822982857
    outer loop
      vertex 3.171097 1.83 -3.064362
      vertex 3.171097 2.83 -3.064362
      vertex 3.419096 2.83 -2.89318
    endloop
  endfacet
  facet normal 0.568066208 0 -0.822982857
    outer loop
      vertex 3.171097 1.83 -3.064362
      vertex 3.419096 2.83 -2.89318
      vertex 3.419096 1.83 -2.89318
    endloop
  endfacet
  facet normal 0.354604615 0 -0.935016346
    outer loop
      vertex 3.419096 1.83 -2.89318
      vertex 3.419096 2.83 -2.89318
      vertex 3.700855 2.83 -2.786323
    endloop
  endfacet
  facet normal 0.0906148695 0.381145761 0.920063506
    outer loop
      vertex 4.390181 5.08 -50.038428
      vertex 4.384467 5.150711 -50.067158
      vertex 4 5.08 -50
    endloop
  endfacet
  facet normal 0.0906311244 0.381081242 0.92008863
    outer loop
      vertex 4 5.08 -50
      vertex 4.384467 5.150711 -50.067158
      vertex 4 5.150711 -50.029287
    endloop
  endfacet
  facet normal -0.0906174571 0.381081718 0.920089779
    outer loop
      vertex 4 5.08 -50
      vertex 4 5.150711 -50.029287
      vertex 3.609819 5.08 -50.038428
    endloop
  endfacet
  facet normal -0.090628498 0.381146236 0.920061966
    outer loop
      vertex 3.609819 5.08 -50.038428
      vertex 4 5.150711 -50.029287
      vertex 3.615533 5.150711 -50.067158
    endloop
  endfacet
  facet normal -0.268373944 0.38114422 0.884705889
    outer loop
      vertex 3.609819 5.08 -50.038428
      vertex 3.615533 5.150711 -50.067158
      vertex 3.234633 5.08 -50.15224
    endloop
  endfacet
  facet normal -0.268371146 0.381110804 0.884721133
    outer loop
      vertex 3.234633 5.08 -50.15224
      vertex 3.615533 5.150711 -50.067158
      vertex 3.245842 5.150711 -50.1793
    endloop
  endfacet
  facet normal -0.435824524 0.381111598 0.81535939
    outer loop
      vertex 3.234633 5.08 -50.15224
      vertex 3.245842 5.150711 -50.1793
      vertex 2.88886 5.08 -50.337062
    endloop
  endfacet
  facet normal -0.435824642 0.381094382 0.815367373
    outer loop
      vertex 2.88886 5.08 -50.337062
      vertex 3.245842 5.150711 -50.1793
      vertex 2.905132 5.150711 -50.361414
    endloop
  endfacet
  facet normal -0.586515604 0.381095429 0.714678753
    outer loop
      vertex 2.88886 5.08 -50.337062
      vertex 2.905132 5.150711 -50.361414
      vertex 2.585787 5.08 -50.585785
    endloop
  endfacet
  facet normal -0.586512106 0.381131414 0.714662434
    outer loop
      vertex 2.585787 5.08 -50.585785
      vertex 2.905132 5.150711 -50.361414
      vertex 2.606497 5.150711 -50.606499
    endloop
  endfacet
  facet normal -0.714665816 0.381125142 0.586512061
    outer loop
      vertex 2.585787 5.08 -50.585785
      vertex 2.606497 5.150711 -50.606499
      vertex 2.337061 5.08 -50.888858
    endloop
  endfacet
  facet normal -0.714667128 0.381118006 0.5865151
    outer loop
      vertex 2.337061 5.08 -50.888858
      vertex 2.606497 5.150711 -50.606499
      vertex 2.361414 5.150711 -50.905132
    endloop
  endfacet
  facet normal -0.81536074 0.381114719 0.435819269
    outer loop
      vertex 2.337061 5.08 -50.888858
      vertex 2.361414 5.150711 -50.905132
      vertex 2.152241 5.08 -51.234632
    endloop
  endfacet
  facet normal -0.815360122 0.381117066 0.435818373
    outer loop
      vertex 2.152241 5.08 -51.234632
      vertex 2.361414 5.150711 -50.905132
      vertex 2.179301 5.150711 -51.245842
    endloop
  endfacet
  facet normal -0.884718319 0.381114223 0.268375569
    outer loop
      vertex 2.152241 5.08 -51.234632
      vertex 2.179301 5.150711 -51.245842
      vertex 2.038429 5.08 -51.609821
    endloop
  endfacet
  facet normal -0.884720082 0.381108925 0.26837728
    outer loop
      vertex 2.038429 5.08 -51.609821
      vertex 2.179301 5.150711 -51.245842
      vertex 2.067156 5.150711 -51.615534
    endloop
  endfacet
  facet normal -0.920077276 0.381111414 0.0906195128
    outer loop
      vertex 2.038429 5.08 -51.609821
      vertex 2.067156 5.150711 -51.615534
      vertex 2 5.08 -51.999998
    endloop
  endfacet
  facet normal -0.920080244 0.381103792 0.0906214329
    outer loop
      vertex 2 5.08 -51.999998
      vertex 2.067156 5.150711 -51.615534
      vertex 2.029289 5.150711 -51.999998
    endloop
  endfacet
  facet normal -0.920080476 0.381103889 -0.0906186668
    outer loop
      vertex 2 5.08 -51.999998
      vertex 2.029289 5.150711 -51.999998
      vertex 2.038429 5.08 -52.39018
    endloop
  endfacet
  facet normal -0.920077226 0.381111429 -0.0906199572
    outer loop
      vertex 2.038429 5.08 -52.39018
      vertex 2.029289 5.150711 -51.999998
      vertex 2.067156 5.150711 -52.384467
    endloop
  endfacet
  facet normal -0.884719636 0.381108869 -0.26837883
    outer loop
      vertex 2.038429 5.08 -52.39018
      vertex 2.067156 5.150711 -52.384467
      vertex 2.152241 5.08 -52.765365
    endloop
  endfacet
  facet normal -0.884723095 0.381101286 -0.268378195
    outer loop
      vertex 2.152241 5.08 -52.765365
      vertex 2.067156 5.150711 -52.384467
      vertex 2.179301 5.150711 -52.754159
    endloop
  endfacet
  facet normal -0.815367044 0.381095937 -0.435823899
    outer loop
      vertex 2.152241 5.08 -52.765365
      vertex 2.179301 5.150711 -52.754159
      vertex 2.337061 5.08 -53.111138
    endloop
  endfacet
  facet normal -0.815370557 0.38108836 -0.435823951
    outer loop
      vertex 2.337061 5.08 -53.111138
      vertex 2.179301 5.150711 -52.754159
      vertex 2.361414 5.150711 -53.094869
    endloop
  endfacet
  facet normal -0.714679369 0.381082609 -0.586523183
    outer loop
      vertex 2.337061 5.08 -53.111138
      vertex 2.361414 5.150711 -53.094869
      vertex 2.585787 5.08 -53.414211
    endloop
  endfacet
  facet normal -0.714676133 0.381089745 -0.58652249
    outer loop
      vertex 2.585787 5.08 -53.414211
      vertex 2.361414 5.150711 -53.094869
      vertex 2.606497 5.150711 -53.393502
    endloop
  endfacet
  facet normal -0.586524521 0.38108827 -0.714675253
    outer loop
      vertex 2.585787 5.08 -53.414211
      vertex 2.606497 5.150711 -53.393502
      vertex 2.88886 5.08 -53.662939
    endloop
  endfacet
  facet normal -0.586521586 0.381095164 -0.714673986
    outer loop
      vertex 2.88886 5.08 -53.662939
      vertex 2.606497 5.150711 -53.393502
      vertex 2.905132 5.150711 -53.638587
    endloop
  endfacet
  facet normal -0.435827845 0.381094509 -0.815365602
    outer loop
      vertex 2.88886 5.08 -53.662939
      vertex 2.905132 5.150711 -53.638587
      vertex 3.234633 5.08 -53.847761
    endloop
  endfacet
  facet normal -0.435821272 0.381111725 -0.815361069
    outer loop
      vertex 3.234633 5.08 -53.847761
      vertex 2.905132 5.150711 -53.638587
      vertex 3.245842 5.150711 -53.820701
    endloop
  endfacet
  facet normal -0.268377914 0.38111105 -0.884718974
    outer loop
      vertex 3.234633 5.08 -53.847761
      vertex 3.245842 5.150711 -53.820701
      vertex 3.609819 5.08 -53.961573
    endloop
  endfacet
  facet normal -0.268367118 0.381144466 -0.884707854
    outer loop
      vertex 3.609819 5.08 -53.961573
      vertex 3.245842 5.150711 -53.820701
      vertex 3.615533 5.150711 -53.932843
    endloop
  endfacet
  facet normal -0.0906148695 0.381145761 -0.920063506
    outer loop
      vertex 3.609819 5.08 -53.961573
      vertex 3.615533 5.150711 -53.932843
      vertex 4 5.08 -54.000001
    endloop
  endfacet
  facet normal -0.09061701 0.381137265 -0.920066814
    outer loop
      vertex 4 5.08 -54.000001
      vertex 3.615533 5.150711 -53.932843
      vertex 4 5.150711 -53.970709
    endloop
  endfacet
  facet normal 0.0906152103 0.381137327 -0.920066966
    outer loop
      vertex 4 5.08 -54.000001
      vertex 4 5.150711 -53.970709
      vertex 4.390181 5.08 -53.961573
    endloop
  endfacet
  facet normal 0.0906166642 0.381145823 -0.920063303
    outer loop
      vertex 4.390181 5.08 -53.961573
      vertex 4 5.150711 -53.970709
      vertex 4.384467 5.150711 -53.932843
    endloop
  endfacet
  facet normal 0.268373944 0.38114422 -0.884705889
    outer loop
      vertex 4.390181 5.08 -53.961573
      vertex 4.384467 5.150711 -53.932843
      vertex 4.765367 5.08 -53.847761
    endloop
  endfacet
  facet normal 0.268371146 0.381110804 -0.884721133
    outer loop
      vertex 4.765367 5.08 -53.847761
      vertex 4.384467 5.150711 -53.932843
      vertex 4.754158 5.150711 -53.820701
    endloop
  endfacet
  facet normal 0.435823536 0.381111636 -0.8153599
    outer loop
      vertex 4.765367 5.08 -53.847761
      vertex 4.754158 5.150711 -53.820701
      vertex 5.111141 5.08 -53.662939
    endloop
  endfacet
  facet normal 0.435823618 0.38109965 -0.815365458
    outer loop
      vertex 5.111141 5.08 -53.662939
      vertex 4.754158 5.150711 -53.820701
      vertex 5.094868 5.150711 -53.638587
    endloop
  endfacet
  facet normal 0.586520878 0.381102203 -0.714670813
    outer loop
      vertex 5.111141 5.08 -53.662939
      vertex 5.094868 5.150711 -53.638587
      vertex 5.414214 5.08 -53.414211
    endloop
  endfacet
  facet normal 0.586521548 0.381095309 -0.714673939
    outer loop
      vertex 5.414214 5.08 -53.414211
      vertex 5.094868 5.150711 -53.638587
      vertex 5.393503 5.150711 -53.393502
    endloop
  endfacet
  facet normal 0.714675536 0.381098268 -0.586517679
    outer loop
      vertex 5.414214 5.08 -53.414211
      vertex 5.393503 5.150711 -53.393502
      vertex 5.662939 5.08 -53.111138
    endloop
  endfacet
  facet normal 0.714678424 0.381082556 -0.58652437
    outer loop
      vertex 5.662939 5.08 -53.111138
      vertex 5.393503 5.150711 -53.393502
      vertex 5.638586 5.150711 -53.094869
    endloop
  endfacet
  facet normal 0.815369778 0.381088416 -0.43582536
    outer loop
      vertex 5.662939 5.08 -53.111138
      vertex 5.638586 5.150711 -53.094869
      vertex 5.847759 5.08 -52.765365
    endloop
  endfacet
  facet normal 0.815367782 0.381095993 -0.435822468
    outer loop
      vertex 5.847759 5.08 -52.765365
      vertex 5.638586 5.150711 -53.094869
      vertex 5.820699 5.150711 -52.754159
    endloop
  endfacet
  facet normal 0.884722605 0.381101341 -0.26837973
    outer loop
      vertex 5.847759 5.08 -52.765365
      vertex 5.820699 5.150711 -52.754159
      vertex 5.961571 5.08 -52.39018
    endloop
  endfacet
  facet normal 0.884720082 0.381108925 -0.26837728
    outer loop
      vertex 5.961571 5.08 -52.39018
      vertex 5.820699 5.150711 -52.754159
      vertex 5.932844 5.150711 -52.384467
    endloop
  endfacet
  facet normal 0.920077406 0.381111374 -0.0906183643
    outer loop
      vertex 5.961571 5.08 -52.39018
      vertex 5.932844 5.150711 -52.384467
      vertex 6 5.08 -51.999998
    endloop
  endfacet
  facet normal 0.920080342 0.381103833 -0.0906202641
    outer loop
      vertex 6 5.08 -51.999998
      vertex 5.932844 5.150711 -52.384467
      vertex 5.970711 5.150711 -51.999998
    endloop
  endfacet
  facet normal 0.92008038 0.381103849 0.0906198185
    outer loop
      vertex 6 5.08 -51.999998
      vertex 5.970711 5.150711 -51.999998
      vertex 5.961571 5.08 -51.609821
    endloop
  endfacet
  facet normal 0.920077094 0.38111147 0.0906211227
    outer loop
      vertex 5.961571 5.08 -51.609821
      vertex 5.970711 5.150711 -51.999998
      vertex 5.932844 5.150711 -51.615534
    endloop
  endfacet
  facet normal 0.884720393 0.381108964 0.268376198
    outer loop
      vertex 5.961571 5.08 -51.609821
      vertex 5.932844 5.150711 -51.615534
      vertex 5.847759 5.08 -51.234632
    endloop
  endfacet
  facet normal 0.884717976 0.381114262 0.268376642
    outer loop
      vertex 5.847759 5.08 -51.234632
      vertex 5.932844 5.150711 -51.615534
      vertex 5.820699 5.150711 -51.245842
    endloop
  endfacet
  facet normal 0.815359893 0.381117049 0.435818816
    outer loop
      vertex 5.847759 5.08 -51.234632
      vertex 5.820699 5.150711 -51.245842
      vertex 5.662939 5.08 -50.888858
    endloop
  endfacet
  facet normal 0.815360981 0.381114701 0.435818832
    outer loop
      vertex 5.662939 5.08 -50.888858
      vertex 5.820699 5.150711 -51.245842
      vertex 5.638586 5.150711 -50.905132
    endloop
  endfacet
  facet normal 0.71466921 0.381118121 0.586512488
    outer loop
      vertex 5.662939 5.08 -50.888858
      vertex 5.638586 5.150711 -50.905132
      vertex 5.414214 5.08 -50.585785
    endloop
  endfacet
  facet normal 0.714662084 0.381133833 0.58651096
    outer loop
      vertex 5.414214 5.08 -50.585785
      vertex 5.638586 5.150711 -50.905132
      vertex 5.393503 5.150711 -50.606499
    endloop
  endfacet
  facet normal 0.586504409 0.381138238 0.714665112
    outer loop
      vertex 5.414214 5.08 -50.585785
      vertex 5.393503 5.150711 -50.606499
      vertex 5.111141 5.08 -50.337062
    endloop
  endfacet
  facet normal 0.586519732 0.381102254 0.714671726
    outer loop
      vertex 5.111141 5.08 -50.337062
      vertex 5.393503 5.150711 -50.606499
      vertex 5.094868 5.150711 -50.361414
    endloop
  endfacet
  facet normal 0.435825848 0.381099739 0.815364225
    outer loop
      vertex 5.111141 5.08 -50.337062
      vertex 5.094868 5.150711 -50.361414
      vertex 4.765367 5.08 -50.15224
    endloop
  endfacet
  facet normal 0.435821272 0.381111725 0.815361069
    outer loop
      vertex 4.765367 5.08 -50.15224
      vertex 5.094868 5.150711 -50.361414
      vertex 4.754158 5.150711 -50.1793
    endloop
  endfacet
  facet normal 0.268377914 0.38111105 0.884718974
    outer loop
      vertex 4.765367 5.08 -50.15224
      vertex 4.754158 5.150711 -50.1793
      vertex 4.390181 5.08 -50.038428
    endloop
  endfacet
  facet normal 0.268367118 0.381144466 0.884707854
    outer loop
      vertex 4.390181 5.08 -50.038428
      vertex 4.754158 5.150711 -50.1793
      vertex 4.384467 5.150711 -50.067158
    endloop
  endfacet
  facet normal -0.038315537 0.925498715 0.376807706
    outer loop
      vertex 3.617533 5.18 -50.138893
      vertex 3.615533 5.150711 -50.067158
      vertex 4 5.18 -50.100002
    endloop
  endfacet
  facet normal -0.037666246 0.923233673 0.382388334
    outer loop
      vertex 4 5.18 -50.100002
      vertex 3.615533 5.150711 -50.067158
      vertex 4 5.150711 -50.029287
    endloop
  endfacet
  facet normal 0.037666246 0.923233673 0.382388334
    outer loop
      vertex 4 5.18 -50.100002
      vertex 4 5.150711 -50.029287
      vertex 4.384467 5.150711 -50.067158
    endloop
  endfacet
  facet normal -0.113106588 0.920963732 0.372870894
    outer loop
      vertex 3.615533 5.150711 -50.067158
      vertex 3.617533 5.18 -50.138893
      vertex 3.245842 5.150711 -50.1793
    endloop
  endfacet
  facet normal -0.111847086 0.927580691 0.356488837
    outer loop
      vertex 3.245842 5.150711 -50.1793
      vertex 3.617533 5.18 -50.138893
      vertex 3.250724 5.18 -50.253978
    endloop
  endfacet
  facet normal -0.186105887 0.91876901 0.348178267
    outer loop
      vertex 3.245842 5.150711 -50.1793
      vertex 3.250724 5.18 -50.253978
      vertex 2.905132 5.150711 -50.361414
    endloop
  endfacet
  facet normal -0.179057532 0.929446629 0.322594737
    outer loop
      vertex 2.905132 5.150711 -50.361414
      vertex 3.250724 5.18 -50.253978
      vertex 2.914591 5.18 -50.44055
    endloop
  endfacet
  facet normal -0.253555116 0.916654852 0.308955799
    outer loop
      vertex 2.905132 5.150711 -50.361414
      vertex 2.914591 5.18 -50.44055
      vertex 2.606497 5.150711 -50.606499
    endloop
  endfacet
  facet normal -0.237585776 0.931106023 0.276757244
    outer loop
      vertex 2.606497 5.150711 -50.606499
      vertex 2.914591 5.18 -50.44055
      vertex 2.622894 5.18 -50.690961
    endloop
  endfacet
  facet normal -0.312533954 0.914622738 0.256491276
    outer loop
      vertex 2.606497 5.150711 -50.606499
      vertex 2.622894 5.18 -50.690961
      vertex 2.361414 5.150711 -50.905132
    endloop
  endfacet
  facet normal -0.285419636 0.932590695 0.220930366
    outer loop
      vertex 2.361414 5.150711 -50.905132
      vertex 2.622894 5.18 -50.690961
      vertex 2.387576 5.18 -50.994968
    endloop
  endfacet
  facet normal -0.36036859 0.912705724 0.192620719
    outer loop
      vertex 2.361414 5.150711 -50.905132
      vertex 2.387576 5.18 -50.994968
      vertex 2.179301 5.150711 -51.245842
    endloop
  endfacet
  facet normal -0.320985035 0.933904824 0.157449635
    outer loop
      vertex 2.179301 5.150711 -51.245842
      vertex 2.387576 5.18 -50.994968
      vertex 2.218271 5.18 -51.340122
    endloop
  endfacet
  facet normal -0.394845573 0.910906614 0.119775264
    outer loop
      vertex 2.179301 5.150711 -51.245842
      vertex 2.218271 5.18 -51.340122
      vertex 2.067156 5.150711 -51.615534
    endloop
  endfacet
  facet normal -0.343171015 0.935060815 0.0888533971
    outer loop
      vertex 2.067156 5.150711 -51.615534
      vertex 2.218271 5.18 -51.340122
      vertex 2.12191 5.18 -51.712289
    endloop
  endfacet
  facet normal -0.414268678 0.90923958 0.0408025512
    outer loop
      vertex 2.067156 5.150711 -51.615534
      vertex 2.12191 5.18 -51.712289
      vertex 2.029289 5.150711 -51.999998
    endloop
  endfacet
  facet normal -0.351358045 0.936071593 0.0178184644
    outer loop
      vertex 2.029289 5.150711 -51.999998
      vertex 2.12191 5.18 -51.712289
      vertex 2.102439 5.18 -52.096233
    endloop
  endfacet
  facet normal -0.417552525 0.907721646 -0.0411254521
    outer loop
      vertex 2.029289 5.150711 -51.999998
      vertex 2.102439 5.18 -52.096233
      vertex 2.067156 5.150711 -52.384467
    endloop
  endfacet
  facet normal -0.345452317 0.936942956 -0.0529206413
    outer loop
      vertex 2.067156 5.150711 -52.384467
      vertex 2.102439 5.18 -52.096233
      vertex 2.160653 5.18 -52.476239
    endloop
  endfacet
  facet normal -0.404311824 0.906360693 -0.122646824
    outer loop
      vertex 2.067156 5.150711 -52.384467
      vertex 2.160653 5.18 -52.476239
      vertex 2.179301 5.150711 -52.754159
    endloop
  endfacet
  facet normal -0.325854427 0.937685631 -0.120683678
    outer loop
      vertex 2.179301 5.150711 -52.754159
      vertex 2.160653 5.18 -52.476239
      vertex 2.294171 5.18 -52.836747
    endloop
  endfacet
  facet normal -0.374851135 0.905175 -0.200361788
    outer loop
      vertex 2.179301 5.150711 -52.754159
      vertex 2.294171 5.18 -52.836747
      vertex 2.361414 5.150711 -53.094869
    endloop
  endfacet
  facet normal -0.293466863 0.938305677 -0.18291981
    outer loop
      vertex 2.361414 5.150711 -53.094869
      vertex 2.294171 5.18 -52.836747
      vertex 2.497526 5.18 -53.162999
    endloop
  endfacet
  facet normal -0.330207311 0.904170654 -0.270995498
    outer loop
      vertex 2.361414 5.150711 -53.094869
      vertex 2.497526 5.18 -53.162999
      vertex 2.606497 5.150711 -53.393502
    endloop
  endfacet
  facet normal -0.249657112 0.938803775 -0.237315822
    outer loop
      vertex 2.606497 5.150711 -53.393502
      vertex 2.497526 5.18 -53.162999
      vertex 2.762392 5.18 -53.441639
    endloop
  endfacet
  facet normal -0.27209185 0.903352337 -0.331542728
    outer loop
      vertex 2.606497 5.150711 -53.393502
      vertex 2.762392 5.18 -53.441639
      vertex 2.905132 5.150711 -53.638587
    endloop
  endfacet
  facet normal -0.196179237 0.939187062 -0.281853454
    outer loop
      vertex 2.905132 5.150711 -53.638587
      vertex 2.762392 5.18 -53.441639
      vertex 3.077926 5.18 -53.661261
    endloop
  endfacet
  facet normal -0.202801028 0.902728007 -0.379412557
    outer loop
      vertex 2.905132 5.150711 -53.638587
      vertex 3.077926 5.18 -53.661261
      vertex 3.245842 5.150711 -53.820701
    endloop
  endfacet
  facet normal -0.135129331 0.939459314 -0.314890872
    outer loop
      vertex 3.245842 5.150711 -53.820701
      vertex 3.077926 5.18 -53.661261
      vertex 3.43121 5.18 -53.812866
    endloop
  endfacet
  facet normal -0.12513359 0.902313275 -0.412519501
    outer loop
      vertex 3.245842 5.150711 -53.820701
      vertex 3.43121 5.18 -53.812866
      vertex 3.615533 5.150711 -53.932843
    endloop
  endfacet
  facet normal -0.0688874017 0.939619921 -0.335214753
    outer loop
      vertex 3.615533 5.150711 -53.932843
      vertex 3.43121 5.18 -53.812866
      vertex 3.80778 5.18 -53.890252
    endloop
  endfacet
  facet normal -0.042295762 0.902102522 -0.429443953
    outer loop
      vertex 3.615533 5.150711 -53.932843
      vertex 3.80778 5.18 -53.890252
      vertex 4 5.150711 -53.970709
    endloop
  endfacet
  facet normal 0 0.939673675 -0.342072191
    outer loop
      vertex 4 5.150711 -53.970709
      vertex 3.80778 5.18 -53.890252
      vertex 4.19222 5.18 -53.890252
    endloop
  endfacet
  facet normal 0.042295762 0.902102522 -0.429443953
    outer loop
      vertex 4 5.150711 -53.970709
      vertex 4.19222 5.18 -53.890252
      vertex 4.384467 5.150711 -53.932843
    endloop
  endfacet
  facet normal 0.0688874017 0.939619921 -0.335214753
    outer loop
      vertex 4.384467 5.150711 -53.932843
      vertex 4.19222 5.18 -53.890252
      vertex 4.56879 5.18 -53.812866
    endloop
  endfacet
  facet normal 0.12513359 0.902313275 -0.412519501
    outer loop
      vertex 4.384467 5.150711 -53.932843
      vertex 4.56879 5.18 -53.812866
      vertex 4.754158 5.150711 -53.820701
    endloop
  endfacet
  facet normal 0.135129331 0.939459314 -0.314890872
    outer loop
      vertex 4.754158 5.150711 -53.820701
      vertex 4.56879 5.18 -53.812866
      vertex 4.922074 5.18 -53.661261
    endloop
  endfacet
  facet normal 0.202801028 0.902728007 -0.379412557
    outer loop
      vertex 4.754158 5.150711 -53.820701
      vertex 4.922074 5.18 -53.661261
      vertex 5.094868 5.150711 -53.638587
    endloop
  endfacet
  facet normal 0.196179237 0.939187062 -0.281853454
    outer loop
      vertex 5.094868 5.150711 -53.638587
      vertex 4.922074 5.18 -53.661261
      vertex 5.237608 5.18 -53.441639
    endloop
  endfacet
  facet normal 0.27209185 0.903352337 -0.331542728
    outer loop
      vertex 5.094868 5.150711 -53.638587
      vertex 5.237608 5.18 -53.441639
      vertex 5.393503 5.150711 -53.393502
    endloop
  endfacet
  facet normal 0.249657112 0.938803775 -0.237315822
    outer loop
      vertex 5.393503 5.150711 -53.393502
      vertex 5.237608 5.18 -53.441639
      vertex 5.502474 5.18 -53.162999
    endloop
  endfacet
  facet normal 0.330207311 0.904170654 -0.270995498
    outer loop
      vertex 5.393503 5.150711 -53.393502
      vertex 5.502474 5.18 -53.162999
      vertex 5.638586 5.150711 -53.094869
    endloop
  endfacet
  facet normal 0.293466863 0.938305677 -0.18291981
    outer loop
      vertex 5.638586 5.150711 -53.094869
      vertex 5.502474 5.18 -53.162999
      vertex 5.705829 5.18 -52.836747
    endloop
  endfacet
  facet normal 0.374851135 0.905175 -0.200361788
    outer loop
      vertex 5.638586 5.150711 -53.094869
      vertex 5.705829 5.18 -52.836747
      vertex 5.820699 5.150711 -52.754159
    endloop
  endfacet
  facet normal 0.325854427 0.937685631 -0.120683678
    outer loop
      vertex 5.820699 5.150711 -52.754159
      vertex 5.705829 5.18 -52.836747
      vertex 5.839347 5.18 -52.476239
    endloop
  endfacet
  facet normal 0.404311824 0.906360693 -0.122646824
    outer loop
      vertex 5.820699 5.150711 -52.754159
      vertex 5.839347 5.18 -52.476239
      vertex 5.932844 5.150711 -52.384467
    endloop
  endfacet
  facet normal 0.345452317 0.936942956 -0.0529206413
    outer loop
      vertex 5.932844 5.150711 -52.384467
      vertex 5.839347 5.18 -52.476239
      vertex 5.897561 5.18 -52.096233
    endloop
  endfacet
  facet normal 0.417552525 0.907721646 -0.0411254521
    outer loop
      vertex 5.932844 5.150711 -52.384467
      vertex 5.897561 5.18 -52.096233
      vertex 5.970711 5.150711 -51.999998
    endloop
  endfacet
  facet normal 0.351358045 0.936071593 0.0178184644
    outer loop
      vertex 5.970711 5.150711 -51.999998
      vertex 5.897561 5.18 -52.096233
      vertex 5.87809 5.18 -51.712289
    endloop
  endfacet
  facet normal 0.414268678 0.90923958 0.0408025512
    outer loop
      vertex 5.970711 5.150711 -51.999998
      vertex 5.87809 5.18 -51.712289
      vertex 5.932844 5.150711 -51.615534
    endloop
  endfacet
  facet normal 0.343171015 0.935060815 0.0888533971
    outer loop
      vertex 5.932844 5.150711 -51.615534
      vertex 5.87809 5.18 -51.712289
      vertex 5.781729 5.18 -51.340122
    endloop
  endfacet
  facet normal 0.394845573 0.910906614 0.119775264
    outer loop
      vertex 5.932844 5.150711 -51.615534
      vertex 5.781729 5.18 -51.340122
      vertex 5.820699 5.150711 -51.245842
    endloop
  endfacet
  facet normal 0.320985035 0.933904824 0.157449635
    outer loop
      vertex 5.820699 5.150711 -51.245842
      vertex 5.781729 5.18 -51.340122
      vertex 5.612424 5.18 -50.994968
    endloop
  endfacet
  facet normal 0.36036859 0.912705724 0.192620719
    outer loop
      vertex 5.820699 5.150711 -51.245842
      vertex 5.612424 5.18 -50.994968
      vertex 5.638586 5.150711 -50.905132
    endloop
  endfacet
  facet normal 0.285419636 0.932590695 0.220930366
    outer loop
      vertex 5.638586 5.150711 -50.905132
      vertex 5.612424 5.18 -50.994968
      vertex 5.377106 5.18 -50.690961
    endloop
  endfacet
  facet normal 0.312533954 0.914622738 0.256491276
    outer loop
      vertex 5.638586 5.150711 -50.905132
      vertex 5.377106 5.18 -50.690961
      vertex 5.393503 5.150711 -50.606499
    endloop
  endfacet
  facet normal 0.237586444 0.931105904 0.276757073
    outer loop
      vertex 5.393503 5.150711 -50.606499
      vertex 5.377106 5.18 -50.690961
      vertex 5.08541 5.18 -50.44055
    endloop
  endfacet
  facet normal 0.253557128 0.916653469 0.308958251
    outer loop
      vertex 5.393503 5.150711 -50.606499
      vertex 5.08541 5.18 -50.44055
      vertex 5.094868 5.150711 -50.361414
    endloop
  endfacet
  facet normal 0.179058062 0.929445862 0.322596653
    outer loop
      vertex 5.094868 5.150711 -50.361414
      vertex 5.08541 5.18 -50.44055
      vertex 4.749276 5.18 -50.253978
    endloop
  endfacet
  facet normal 0.186105887 0.91876901 0.348178267
    outer loop
      vertex 5.094868 5.150711 -50.361414
      vertex 4.749276 5.18 -50.253978
      vertex 4.754158 5.150711 -50.1793
    endloop
  endfacet
  facet normal 0.111847086 0.927580691 0.356488837
    outer loop
      vertex 4.754158 5.150711 -50.1793
      vertex 4.749276 5.18 -50.253978
      vertex 4.382467 5.18 -50.138893
    endloop
  endfacet
  facet normal 0.113106588 0.920963732 0.372870894
    outer loop
      vertex 4.754158 5.150711 -50.1793
      vertex 4.382467 5.18 -50.138893
      vertex 4.384467 5.150711 -50.067158
    endloop
  endfacet
  facet normal 0.038315537 0.925498715 0.376807706
    outer loop
      vertex 4.384467 5.150711 -50.067158
      vertex 4.382467 5.18 -50.138893
      vertex 4 5.18 -50.100002
    endloop
  endfacet
  facet normal 0 1 0
    outer loop
      vertex 4 5.18 -26.099999
      vertex 4.382467 5.18 -26.138892
      vertex 3.617533 5.18 -26.138892
    endloop
  endfacet
  facet normal -0 1 0
    outer loop
      vertex 3.617533 5.18 -26.138892
      vertex 4.382467 5.18 -26.138892
      vertex 4.749276 5.18 -26.253979
    endloop
  endfacet
  facet normal 0 1 0
    outer loop
      vertex 3.617533 5.18 -26.138892
      vertex 4.749276 5.18 -26.253979
      vertex 3.250724 5.18 -26.253979
    endloop
  endfacet
  facet normal -0 1 0
    outer loop
      vertex 3.250724 5.18 -26.253979
      vertex 4.749276 5.18 -26.253979
      vertex 5.08541 5.18 -26.440549
    endloop
  endfacet
  facet normal 0 1 0
    outer loop
      vertex 3.250724 5.18 -26.253979
      vertex 5.08541 5.18 -26.440549
      vertex 2.914591 5.18 -26.440549
    endloop
  endfacet
  facet normal -0 1 0
    outer loop
      vertex 2.914591 5.18 -26.440549
      vertex 5.08541 5.18 -26.440549
      vertex 5.377106 5.18 -26.690962
    endloop
  endfacet
  facet normal 0 1 0
    outer loop
      vertex 2.914591 5.18 -26.440549
      vertex 5.377106 5.18 -26.690962
      vertex 2.622894 5.18 -26.690962
    endloop
  endfacet
  facet normal -0 1 0
    outer loop
      vertex 2.622894 5.18 -26.690962
      vertex 5.377106 5.18 -26.690962
      vertex 5.612424 5.18 -26.994967
    endloop
  endfacet
  facet normal 0 1 0
    outer loop
      vertex 2.622894 5.18 -26.690962
      vertex 5.612424 5.18 -26.994967
      vertex 5.781729 5.18 -27.340119
    endloop
  endfacet
  facet normal 0 1 0
    outer loop
      vertex 5.781729 5.18 -27.340119
      vertex 5.87809 5.18 -27.712288
      vertex 2.622894 5.18 -26.690962
    endloop
  endfacet
  facet normal 0 1 0
    outer loop
      vertex 2.622894 5.18 -26.690962
      vertex 5.87809 5.18 -27.712288
      vertex 5.897561 5.18 -28.096232
    endloop
  endfacet
  facet normal 0 1 0
    outer loop
      vertex 2.622894 5.18 -26.690962
      vertex 5.897561 5.18 -28.096232
      vertex 5.839347 5.18 -28.476241
    endloop
  endfacet
  facet normal 0 1 0
    outer loop
      vertex 5.839347 5.18 -28.476241
      vertex 5.705829 5.18 -28.836749
      vertex 2.622894 5.18 -26.690962
    endloop
  endfacet
  facet normal 0 1 0
    outer loop
      vertex 2.622894 5.18 -26.690962
      vertex 5.705829 5.18 -28.836749
      vertex 5.502474 5.18 -29.163001
    endloop
  endfacet
  facet normal 0 1 0
    outer loop
      vertex 2.622894 5.18 -26.690962
      vertex 5.502474 5.18 -29.163001
      vertex 5.237608 5.18 -29.44164
    endloop
  endfacet
  facet normal 0 1 0
    outer loop
      vertex 5.237608 5.18 -29.44164
      vertex 4.922074 5.18 -29.66126
      vertex 2.622894 5.18 -26.690962
    endloop
  endfacet
  facet normal 0 1 0
    outer loop
      vertex 2.622894 5.18 -26.690962
      vertex 4.922074 5.18 -29.66126
      vertex 4.56879 5.18 -29.812865
    endloop
  endfacet
  facet normal 0 1 0
    outer loop
      vertex 2.622894 5.18 -26.690962
      vertex 4.56879 5.18 -29.812865
      vertex 4.19222 5.18 -29.890251
    endloop
  endfacet
  facet normal 0 1 0
    outer loop
      vertex 4.19222 5.18 -29.890251
      vertex 3.80778 5.18 -29.890251
      vertex 2.622894 5.18 -26.690962
    endloop
  endfacet
  facet normal 0 1 0
    outer loop
      vertex 2.622894 5.18 -26.690962
      vertex 3.80778 5.18 -29.890251
      vertex 3.43121 5.18 -29.812865
    endloop
  endfacet
  facet normal 0 1 0
    outer loop
      vertex 2.622894 5.18 -26.690962
      vertex 3.43121 5.18 -29.812865
      vertex 2.387576 5.18 -26.994967
    endloop
  endfacet
  facet normal 0 1 0
    outer loop
      vertex 2.387576 5.18 -26.994967
      vertex 3.43121 5.18 -29.812865
      vertex 3.077926 5.18 -29.66126
    endloop
  endfacet
  facet normal 0 1 0
    outer loop
      vertex 2.387576 5.18 -26.994967
      vertex 3.077926 5.18 -29.66126
      vertex 2.762392 5.18 -29.44164
    endloop
  endfacet
  facet normal 0 1 0
    outer loop
      vertex 2.762392 5.18 -29.44164
      vertex 2.497526 5.18 -29.163001
      vertex 2.387576 5.18 -26.994967
    endloop
  endfacet
  facet normal 0 1 0
    outer loop
      vertex 2.387576 5.18 -26.994967
      vertex 2.497526 5.18 -29.163001
      vertex 2.294171 5.18 -28.836749
    endloop
  endfacet
  facet normal 0 1 0
    outer loop
      vertex 2.387576 5.18 -26.994967
      vertex 2.294171 5.18 -28.836749
      vertex 2.218271 5.18 -27.340119
    endloop
  endfacet
  facet normal 0 1 0
    outer loop
      vertex 2.218271 5.18 -27.340119
      vertex 2.294171 5.18 -28.836749
      vertex 2.160653 5.18 -28.476241
    endloop
  endfacet
  facet normal 0 1 0
    outer loop
      vertex 2.218271 5.18 -27.340119
      vertex 2.160653 5.18 -28.476241
      vertex 2.12191 5.18 -27.712288
    endloop
  endfacet
  facet normal 0 1 0
    outer loop
      vertex 2.12191 5.18 -27.712288
      vertex 2.160653 5.18 -28.476241
      vertex 2.102439 5.18 -28.096232
    endloop
  endfacet
  facet normal -0 -1 0
    outer loop
      vertex 4.299144 2.83 -5.213677
      vertex 4.299144 2.83 -2.786323
      vertex 4 2.83 -5.25
    endloop
  endfacet
  facet normal 0 -1 0
    outer loop
      vertex 4 2.83 -5.25
      vertex 4.299144 2.83 -2.786323
      vertex 4 2.83 -2.75
    endloop
  endfacet
  facet normal 0 -1 0
    outer loop
      vertex 4 2.83 -5.25
      vertex 4 2.83 -2.75
      vertex 3.700855 2.83 -5.213677
    endloop
  endfacet
  facet normal 0 -1 0
    outer loop
      vertex 3.700855 2.83 -5.213677
      vertex 4 2.83 -2.75
      vertex 3.700855 2.83 -2.786323
    endloop
  endfacet
  facet normal 0 -1 0
    outer loop
      vertex 3.700855 2.83 -5.213677
      vertex 3.700855 2.83 -2.786323
      vertex 3.419096 2.83 -5.10682
    endloop
  endfacet
  facet normal 0 -1 0
    outer loop
      vertex 3.419096 2.83 -5.10682
      vertex 3.700855 2.83 -2.786323
      vertex 3.419096 2.83 -2.89318
    endloop
  endfacet
  facet normal 0 -1 0
    outer loop
      vertex 3.419096 2.83 -5.10682
      vertex 3.419096 2.83 -2.89318
      vertex 3.171097 2.83 -4.935638
    endloop
  endfacet
  facet normal 0 -1 0
    outer loop
      vertex 3.171097 2.83 -4.935638
      vertex 3.419096 2.83 -2.89318
      vertex 3.171097 2.83 -3.064362
    endloop
  endfacet
  facet normal 0 -1 0
    outer loop
      vertex 3.171097 2.83 -4.935638
      vertex 3.171097 2.83 -3.064362
      vertex 2.97127 2.83 -4.710081
    endloop
  endfacet
  facet normal 0 -1 0
    outer loop
      vertex 2.97127 2.83 -4.710081
      vertex 3.171097 2.83 -3.064362
      vertex 2.97127 2.83 -3.289919
    endloop
  endfacet
  facet normal 0 -1 0
    outer loop
      vertex 2.97127 2.83 -4.710081
      vertex 2.97127 2.83 -3.289919
      vertex 2.83123 2.83 -4.443256
    endloop
  endfacet
  facet normal 0 -1 0
    outer loop
      vertex 2.83123 2.83 -4.443256
      vertex 2.97127 2.83 -3.289919
      vertex 2.83123 2.83 -3.556744
    endloop
  endfacet
  facet normal 0 -1 0
    outer loop
      vertex 2.83123 2.83 -4.443256
      vertex 2.83123 2.83 -3.556744
      vertex 2.759114 2.83 -4.150671
    endloop
  endfacet
  facet normal 0 -1 0
    outer loop
      vertex 2.759114 2.83 -4.150671
      vertex 2.83123 2.83 -3.556744
      vertex 2.759114 2.83 -3.849329
    endloop
  endfacet
  facet normal 0 -1 0
    outer loop
      vertex 4.299144 2.83 -2.786323
      vertex 4.299144 2.83 -5.213677
      vertex 4.580904 2.83 -2.89318
    endloop
  endfacet
  facet normal 0 -1 -0
    outer loop
      vertex 4.580904 2.83 -2.89318
      vertex 4.299144 2.83 -5.213677
      vertex 4.580904 2.83 -5.10682
    endloop
  endfacet
  facet normal 0 -1 0
    outer loop
      vertex 4.580904 2.83 -2.89318
      vertex 4.580904 2.83 -5.10682
      vertex 4.828903 2.83 -3.064362
    endloop
  endfacet
  facet normal 0 -1 -0
    outer loop
      vertex 4.828903 2.83 -3.064362
      vertex 4.580904 2.83 -5.10682
      vertex 4.828903 2.83 -4.935638
    endloop
  endfacet
  facet normal 0 -1 0
    outer loop
      vertex 4.828903 2.83 -3.064362
      vertex 4.828903 2.83 -4.935638
      vertex 5.02873 2.83 -3.289919
    endloop
  endfacet
  facet normal 0 -1 -0
    outer loop
      vertex 5.02873 2.83 -3.289919
      vertex 4.828903 2.83 -4.935638
      vertex 5.02873 2.83 -4.710081
    endloop
  endfacet
  facet normal 0 -1 0
    outer loop
      vertex 5.02873 2.83 -3.289919
      vertex 5.02873 2.83 -4.710081
      vertex 5.168771 2.83 -3.556744
    endloop
  endfacet
  facet normal 0 -1 -0
    outer loop
      vertex 5.168771 2.83 -3.556744
      vertex 5.02873 2.83 -4.710081
      vertex 5.168771 2.83 -4.443256
    endloop
  endfacet
  facet normal 0 -1 0
    outer loop
      vertex 5.168771 2.83 -3.556744
      vertex 5.168771 2.83 -4.443256
      vertex 5.240886 2.83 -3.849329
    endloop
  endfacet
  facet normal 0 -1 -0
    outer loop
      vertex 5.240886 2.83 -3.849329
      vertex 5.168771 2.83 -4.443256
      vertex 5.240886 2.83 -4.150671
    endloop
  endfacet
  facet normal 0.0906185498 0.381112477 0.920076931
    outer loop
      vertex 4.390181 5.08 -2.038429
      vertex 4.384467 5.150711 -2.067156
      vertex 4 5.08 -2
    endloop
  endfacet
  facet normal 0.0906207316 0.381103817 0.920080303
    outer loop
      vertex 4 5.08 -2
      vertex 4.384467 5.150711 -2.067156
      vertex 4 5.150711 -2.029289
    endloop
  endfacet
  facet normal -0.0906188971 0.381103881 0.920080457
    outer loop
      vertex 4 5.08 -2
      vertex 4 5.150711 -2.029289
      vertex 3.609819 5.08 -2.038429
    endloop
  endfacet
  facet normal -0.0906203791 0.381112541 0.920076724
    outer loop
      vertex 3.609819 5.08 -2.038429
      vertex 4 5.150711 -2.029289
      vertex 3.615533 5.150711 -2.067156
    endloop
  endfacet
  facet normal -0.268377784 0.381112137 0.884718545
    outer loop
      vertex 3.609819 5.08 -2.038429
      vertex 3.615533 5.150711 -2.067156
      vertex 3.234633 5.08 -2.152241
    endloop
  endfacet
  facet normal -0.268377692 0.381111042 0.884719045
    outer loop
      vertex 3.234633 5.08 -2.152241
      vertex 3.615533 5.150711 -2.067156
      vertex 3.245842 5.150711 -2.179301
    endloop
  endfacet
  facet normal -0.435820828 0.381111742 0.815361298
    outer loop
      vertex 3.234633 5.08 -2.152241
      vertex 3.245842 5.150711 -2.179301
      vertex 2.88886 5.08 -2.337061
    endloop
  endfacet
  facet normal -0.43582088 0.381104165 0.815364812
    outer loop
      vertex 2.88886 5.08 -2.337061
      vertex 3.245842 5.150711 -2.179301
      vertex 2.905132 5.150711 -2.361414
    endloop
  endfacet
  facet normal -0.586517621 0.381103879 0.714672592
    outer loop
      vertex 2.88886 5.08 -2.337061
      vertex 2.905132 5.150711 -2.361414
      vertex 2.585787 5.08 -2.585787
    endloop
  endfacet
  facet normal -0.586518316 0.38109673 0.714675834
    outer loop
      vertex 2.585787 5.08 -2.585787
      vertex 2.905132 5.150711 -2.361414
      vertex 2.606497 5.150711 -2.606497
    endloop
  endfacet
  facet normal -0.714674853 0.381096782 0.586519477
    outer loop
      vertex 2.585787 5.08 -2.585787
      vertex 2.606497 5.150711 -2.606497
      vertex 2.337061 5.08 -2.88886
    endloop
  endfacet
  facet normal -0.714673539 0.381103931 0.586516433
    outer loop
      vertex 2.337061 5.08 -2.88886
      vertex 2.606497 5.150711 -2.606497
      vertex 2.361414 5.150711 -2.905132
    endloop
  endfacet
  facet normal -0.815364032 0.381104221 0.435822289
    outer loop
      vertex 2.337061 5.08 -2.88886
      vertex 2.361414 5.150711 -2.905132
      vertex 2.152241 5.08 -3.234633
    endloop
  endfacet
  facet normal -0.815362037 0.381111798 0.435819397
    outer loop
      vertex 2.152241 5.08 -3.234633
      vertex 2.361414 5.150711 -2.905132
      vertex 2.179301 5.150711 -3.245842
    endloop
  endfacet
  facet normal -0.884718974 0.38111105 0.268377914
    outer loop
      vertex 2.152241 5.08 -3.234633
      vertex 2.179301 5.150711 -3.245842
      vertex 2.038429 5.08 -3.609819
    endloop
  endfacet
  facet normal -0.88471861 0.381112145 0.26837756
    outer loop
      vertex 2.038429 5.08 -3.609819
      vertex 2.179301 5.150711 -3.245842
      vertex 2.067156 5.150711 -3.615533
    endloop
  endfacet
  facet normal -0.920076931 0.381112477 0.0906185498
    outer loop
      vertex 2.038429 5.08 -3.609819
      vertex 2.067156 5.150711 -3.615533
      vertex 2 5.08 -4
    endloop
  endfacet
  facet normal -0.920080303 0.381103817 0.0906207316
    outer loop
      vertex 2 5.08 -4
      vertex 2.067156 5.150711 -3.615533
      vertex 2.029289 5.150711 -4
    endloop
  endfacet
  facet normal -0.920080457 0.381103881 -0.0906188971
    outer loop
      vertex 2 5.08 -4
      vertex 2.029289 5.150711 -4
      vertex 2.038429 5.08 -4.390181
    endloop
  endfacet
  facet normal -0.920076724 0.381112541 -0.0906203791
    outer loop
      vertex 2.038429 5.08 -4.390181
      vertex 2.029289 5.150711 -4
      vertex 2.067156 5.150711 -4.384467
    endloop
  endfacet
  facet normal -0.884718545 0.381112137 -0.268377784
    outer loop
      vertex 2.038429 5.08 -4.390181
      vertex 2.067156 5.150711 -4.384467
      vertex 2.152241 5.08 -4.765367
    endloop
  endfacet
  facet normal -0.884719045 0.381111042 -0.268377692
    outer loop
      vertex 2.152241 5.08 -4.765367
      vertex 2.067156 5.150711 -4.384467
      vertex 2.179301 5.150711 -4.754158
    endloop
  endfacet
  facet normal -0.815361808 0.38111178 -0.43581984
    outer loop
      vertex 2.152241 5.08 -4.765367
      vertex 2.179301 5.150711 -4.754158
      vertex 2.337061 5.08 -5.111141
    endloop
  endfacet
  facet normal -0.815362896 0.381109433 -0.435819856
    outer loop
      vertex 2.337061 5.08 -5.111141
      vertex 2.179301 5.150711 -4.754158
      vertex 2.361414 5.150711 -5.094868
    endloop
  endfacet
  facet normal -0.714670333 0.381110968 -0.586515767
    outer loop
      vertex 2.337061 5.08 -5.111141
      vertex 2.361414 5.150711 -5.094868
      vertex 2.585787 5.08 -5.414214
    endloop
  endfacet
  facet normal -0.714673575 0.381103819 -0.586516462
    outer loop
      vertex 2.585787 5.08 -5.414214
      vertex 2.361414 5.150711 -5.094868
      vertex 2.606497 5.150711 -5.393503
    endloop
  endfacet
  facet normal -0.586515825 0.381105358 -0.714673277
    outer loop
      vertex 2.585787 5.08 -5.414214
      vertex 2.606497 5.150711 -5.393503
      vertex 2.88886 5.08 -5.662939
    endloop
  endfacet
  facet normal -0.586516433 0.381103931 -0.714673539
    outer loop
      vertex 2.88886 5.08 -5.662939
      vertex 2.606497 5.150711 -5.393503
      vertex 2.905132 5.150711 -5.638586
    endloop
  endfacet
  facet normal -0.435822289 0.381104221 -0.815364032
    outer loop
      vertex 2.88886 5.08 -5.662939
      vertex 2.905132 5.150711 -5.638586
      vertex 3.234633 5.08 -5.847759
    endloop
  endfacet
  facet normal -0.435819397 0.381111798 -0.815362037
    outer loop
      vertex 3.234633 5.08 -5.847759
      vertex 2.905132 5.150711 -5.638586
      vertex 3.245842 5.150711 -5.820699
    endloop
  endfacet
  facet normal -0.268377914 0.38111105 -0.884718974
    outer loop
      vertex 3.234633 5.08 -5.847759
      vertex 3.245842 5.150711 -5.820699
      vertex 3.609819 5.08 -5.961571
    endloop
  endfacet
  facet normal -0.26837756 0.381112145 -0.88471861
    outer loop
      vertex 3.609819 5.08 -5.961571
      vertex 3.245842 5.150711 -5.820699
      vertex 3.615533 5.150711 -5.932844
    endloop
  endfacet
  facet normal -0.0906185498 0.381112477 -0.920076931
    outer loop
      vertex 3.609819 5.08 -5.961571
      vertex 3.615533 5.150711 -5.932844
      vertex 4 5.08 -6
    endloop
  endfacet
  facet normal -0.0906207316 0.381103817 -0.920080303
    outer loop
      vertex 4 5.08 -6
      vertex 3.615533 5.150711 -5.932844
      vertex 4 5.150711 -5.970711
    endloop
  endfacet
  facet normal 0.0906188971 0.381103881 -0.920080457
    outer loop
      vertex 4 5.08 -6
      vertex 4 5.150711 -5.970711
      vertex 4.390181 5.08 -5.961571
    endloop
  endfacet
  facet normal 0.0906203791 0.381112541 -0.920076724
    outer loop
      vertex 4.390181 5.08 -5.961571
      vertex 4 5.150711 -5.970711
      vertex 4.384467 5.150711 -5.932844
    endloop
  endfacet
  facet normal 0.268377784 0.381112137 -0.884718545
    outer loop
      vertex 4.390181 5.08 -5.961571
      vertex 4.384467 5.150711 -5.932844
      vertex 4.765367 5.08 -5.847759
    endloop
  endfacet
  facet normal 0.268377692 0.381111042 -0.884719045
    outer loop
      vertex 4.765367 5.08 -5.847759
      vertex 4.384467 5.150711 -5.932844
      vertex 4.754158 5.150711 -5.820699
    endloop
  endfacet
  facet normal 0.43581984 0.38111178 -0.815361808
    outer loop
      vertex 4.765367 5.08 -5.847759
      vertex 4.754158 5.150711 -5.820699
      vertex 5.111141 5.08 -5.662939
    endloop
  endfacet
  facet normal 0.435819856 0.381109433 -0.815362896
    outer loop
      vertex 5.111141 5.08 -5.662939
      vertex 4.754158 5.150711 -5.820699
      vertex 5.094868 5.150711 -5.638586
    endloop
  endfacet
  facet normal 0.586514342 0.381111032 -0.714671469
    outer loop
      vertex 5.111141 5.08 -5.662939
      vertex 5.094868 5.150711 -5.638586
      vertex 5.414214 5.08 -5.414214
    endloop
  endfacet
  facet normal 0.586514203 0.381112458 -0.714670822
    outer loop
      vertex 5.414214 5.08 -5.414214
      vertex 5.094868 5.150711 -5.638586
      vertex 5.393503 5.150711 -5.393503
    endloop
  endfacet
  facet normal 0.714671018 0.381112448 -0.586513971
    outer loop
      vertex 5.414214 5.08 -5.414214
      vertex 5.393503 5.150711 -5.393503
      vertex 5.662939 5.08 -5.111141
    endloop
  endfacet
  facet normal 0.71467128 0.381111021 -0.586514579
    outer loop
      vertex 5.662939 5.08 -5.111141
      vertex 5.393503 5.150711 -5.393503
      vertex 5.638586 5.150711 -5.094868
    endloop
  endfacet
  facet normal 0.815362655 0.381109451 -0.435820293
    outer loop
      vertex 5.662939 5.08 -5.111141
      vertex 5.638586 5.150711 -5.094868
      vertex 5.847759 5.08 -4.765367
    endloop
  endfacet
  facet normal 0.815362037 0.381111798 -0.435819397
    outer loop
      vertex 5.847759 5.08 -4.765367
      vertex 5.638586 5.150711 -5.094868
      vertex 5.820699 5.150711 -4.754158
    endloop
  endfacet
  facet normal 0.884718974 0.38111105 -0.268377914
    outer loop
      vertex 5.847759 5.08 -4.765367
      vertex 5.820699 5.150711 -4.754158
      vertex 5.961571 5.08 -4.390181
    endloop
  endfacet
  facet normal 0.88471861 0.381112145 -0.26837756
    outer loop
      vertex 5.961571 5.08 -4.390181
      vertex 5.820699 5.150711 -4.754158
      vertex 5.932844 5.150711 -4.384467
    endloop
  endfacet
  facet normal 0.920076931 0.381112477 -0.0906185498
    outer loop
      vertex 5.961571 5.08 -4.390181
      vertex 5.932844 5.150711 -4.384467
      vertex 6 5.08 -4
    endloop
  endfacet
  facet normal 0.920080303 0.381103817 -0.0906207316
    outer loop
      vertex 6 5.08 -4
      vertex 5.932844 5.150711 -4.384467
      vertex 5.970711 5.150711 -4
    endloop
  endfacet
  facet normal 0.920080457 0.381103881 0.0906188971
    outer loop
      vertex 6 5.08 -4
      vertex 5.970711 5.150711 -4
      vertex 5.961571 5.08 -3.609819
    endloop
  endfacet
  facet normal 0.920076724 0.381112541 0.0906203791
    outer loop
      vertex 5.961571 5.08 -3.609819
      vertex 5.970711 5.150711 -4
      vertex 5.932844 5.150711 -3.615533
    endloop
  endfacet
  facet normal 0.884718545 0.381112137 0.268377784
    outer loop
      vertex 5.961571 5.08 -3.609819
      vertex 5.932844 5.150711 -3.615533
      vertex 5.847759 5.08 -3.234633
    endloop
  endfacet
  facet normal 0.884719045 0.381111042 0.268377692
    outer loop
      vertex 5.847759 5.08 -3.234633
      vertex 5.932844 5.150711 -3.615533
      vertex 5.820699 5.150711 -3.245842
    endloop
  endfacet
  facet normal 0.815361298 0.381111742 0.435820828
    outer loop
      vertex 5.847759 5.08 -3.234633
      vertex 5.820699 5.150711 -3.245842
      vertex 5.662939 5.08 -2.88886
    endloop
  endfacet
  facet normal 0.815364812 0.381104165 0.43582088
    outer loop
      vertex 5.662939 5.08 -2.88886
      vertex 5.820699 5.150711 -3.245842
      vertex 5.638586 5.150711 -2.905132
    endloop
  endfacet
  facet normal 0.714673728 0.381103942 0.586516196
    outer loop
      vertex 5.662939 5.08 -2.88886
      vertex 5.638586 5.150711 -2.905132
      vertex 5.414214 5.08 -2.585787
    endloop
  endfacet
  facet normal 0.714673081 0.381105369 0.586516057
    outer loop
      vertex 5.414214 5.08 -2.585787
      vertex 5.638586 5.150711 -2.905132
      vertex 5.393503 5.150711 -2.606497
    endloop
  endfacet
  facet normal 0.586517623 0.381103872 0.714672594
    outer loop
      vertex 5.414214 5.08 -2.585787
      vertex 5.393503 5.150711 -2.606497
      vertex 5.111141 5.08 -2.337061
    endloop
  endfacet
  facet normal 0.586514579 0.381111021 0.71467128
    outer loop
      vertex 5.111141 5.08 -2.337061
      vertex 5.393503 5.150711 -2.606497
      vertex 5.094868 5.150711 -2.361414
    endloop
  endfacet
  facet normal 0.435820293 0.381109451 0.815362655
    outer loop
      vertex 5.111141 5.08 -2.337061
      vertex 5.094868 5.150711 -2.361414
      vertex 4.765367 5.08 -2.152241
    endloop
  endfacet
  facet normal 0.435819397 0.381111798 0.815362037
    outer loop
      vertex 4.765367 5.08 -2.152241
      vertex 5.094868 5.150711 -2.361414
      vertex 4.754158 5.150711 -2.179301
    endloop
  endfacet
  facet normal 0.268377914 0.38111105 0.884718974
    outer loop
      vertex 4.765367 5.08 -2.152241
      vertex 4.754158 5.150711 -2.179301
      vertex 4.390181 5.08 -2.038429
    endloop
  endfacet
  facet normal 0.26837756 0.381112145 0.88471861
    outer loop
      vertex 4.390181 5.08 -2.038429
      vertex 4.754158 5.150711 -2.179301
      vertex 4.384467 5.150711 -2.067156
    endloop
  endfacet
  facet normal -0.0383165873 0.925502356 0.376798658
    outer loop
      vertex 3.617533 5.18 -2.138893
      vertex 3.615533 5.150711 -2.067156
      vertex 4 5.18 -2.1
    endloop
  endfacet
  facet normal -0.0376640892 0.923226101 0.382406829
    outer loop
      vertex 4 5.18 -2.1
      vertex 3.615533 5.150711 -2.067156
      vertex 4 5.150711 -2.029289
    endloop
  endfacet
  facet normal 0.0376640892 0.923226101 0.382406829
    outer loop
      vertex 4 5.18 -2.1
      vertex 4 5.150711 -2.029289
      vertex 4.384467 5.150711 -2.067156
    endloop
  endfacet
  facet normal -0.113106902 0.920967314 0.372861952
    outer loop
      vertex 3.615533 5.150711 -2.067156
      vertex 3.617533 5.18 -2.138893
      vertex 3.245842 5.150711 -2.179301
    endloop
  endfacet
  facet normal -0.111847709 0.927582234 0.356484628
    outer loop
      vertex 3.245842 5.150711 -2.179301
      vertex 3.617533 5.18 -2.138893
      vertex 3.250724 5.18 -2.25398
    endloop
  endfacet
  facet normal -0.186102897 0.918771011 0.348174584
    outer loop
      vertex 3.245842 5.150711 -2.179301
      vertex 3.250724 5.18 -2.25398
      vertex 2.905132 5.150711 -2.361414
    endloop
  endfacet
  facet normal -0.179056733 0.929445482 0.322598485
    outer loop
      vertex 2.905132 5.150711 -2.361414
      vertex 3.250724 5.18 -2.25398
      vertex 2.914591 5.18 -2.440549
    endloop
  endfacet
  facet normal -0.253555787 0.916653541 0.308959138
    outer loop
      vertex 2.905132 5.150711 -2.361414
      vertex 2.914591 5.18 -2.440549
      vertex 2.606497 5.150711 -2.606497
    endloop
  endfacet
  facet normal -0.237579749 0.931110634 0.276746907
    outer loop
      vertex 2.606497 5.150711 -2.606497
      vertex 2.914591 5.18 -2.440549
      vertex 2.622894 5.18 -2.690963
    endloop
  endfacet
  facet normal -0.312525495 0.914628057 0.256482616
    outer loop
      vertex 2.606497 5.150711 -2.606497
      vertex 2.622894 5.18 -2.690963
      vertex 2.361414 5.150711 -2.905132
    endloop
  endfacet
  facet normal -0.285418357 0.932590977 0.22093083
    outer loop
      vertex 2.361414 5.150711 -2.905132
      vertex 2.622894 5.18 -2.690963
      vertex 2.387576 5.18 -2.994968
    endloop
  endfacet
  facet normal -0.36036859 0.912705724 0.192620719
    outer loop
      vertex 2.361414 5.150711 -2.905132
      vertex 2.387576 5.18 -2.994968
      vertex 2.179301 5.150711 -3.245842
    endloop
  endfacet
  facet normal -0.320987331 0.933903691 0.157451674
    outer loop
      vertex 2.179301 5.150711 -3.245842
      vertex 2.387576 5.18 -2.994968
      vertex 2.218271 5.18 -3.34012
    endloop
  endfacet
  facet normal -0.394848124 0.910905364 0.119776362
    outer loop
      vertex 2.179301 5.150711 -3.245842
      vertex 2.218271 5.18 -3.34012
      vertex 2.067156 5.150711 -3.615533
    endloop
  endfacet
  facet normal -0.343171989 0.935060434 0.0888536491
    outer loop
      vertex 2.067156 5.150711 -3.615533
      vertex 2.218271 5.18 -3.34012
      vertex 2.12191 5.18 -3.712287
    endloop
  endfacet
  facet normal -0.414269605 0.909239168 0.0408023241
    outer loop
      vertex 2.067156 5.150711 -3.615533
      vertex 2.12191 5.18 -3.712287
      vertex 2.029289 5.150711 -4
    endloop
  endfacet
  facet normal -0.351358396 0.936071463 0.017818343
    outer loop
      vertex 2.029289 5.150711 -4
      vertex 2.12191 5.18 -3.712287
      vertex 2.102439 5.18 -4.096234
    endloop
  endfacet
  facet normal -0.417552255 0.907721761 -0.0411256395
    outer loop
      vertex 2.029289 5.150711 -4
      vertex 2.102439 5.18 -4.096234
      vertex 2.067156 5.150711 -4.384467
    endloop
  endfacet
  facet normal -0.345452902 0.936942735 -0.0529207309
    outer loop
      vertex 2.067156 5.150711 -4.384467
      vertex 2.102439 5.18 -4.096234
      vertex 2.160653 5.18 -4.47624
    endloop
  endfacet
  facet normal -0.404313723 0.906359723 -0.122647731
    outer loop
      vertex 2.067156 5.150711 -4.384467
      vertex 2.160653 5.18 -4.47624
      vertex 2.179301 5.150711 -4.754158
    endloop
  endfacet
  facet normal -0.325857929 0.93768429 -0.12068464
    outer loop
      vertex 2.179301 5.150711 -4.754158
      vertex 2.160653 5.18 -4.47624
      vertex 2.294171 5.18 -4.836749
    endloop
  endfacet
  facet normal -0.374858099 0.905171292 -0.20036551
    outer loop
      vertex 2.179301 5.150711 -4.754158
      vertex 2.294171 5.18 -4.836749
      vertex 2.361414 5.150711 -5.094868
    endloop
  endfacet
  facet normal -0.293472022 0.938303436 -0.182923026
    outer loop
      vertex 2.361414 5.150711 -5.094868
      vertex 2.294171 5.18 -4.836749
      vertex 2.497526 5.18 -5.163001
    endloop
  endfacet
  facet normal -0.330214501 0.904166804 -0.270999583
    outer loop
      vertex 2.361414 5.150711 -5.094868
      vertex 2.497526 5.18 -5.163001
      vertex 2.606497 5.150711 -5.393503
    endloop
  endfacet
  facet normal -0.249659011 0.938802813 -0.237317627
    outer loop
      vertex 2.606497 5.150711 -5.393503
      vertex 2.497526 5.18 -5.163001
      vertex 2.762392 5.18 -5.441641
    endloop
  endfacet
  facet normal -0.272095481 0.903348626 -0.331549858
    outer loop
      vertex 2.606497 5.150711 -5.393503
      vertex 2.762392 5.18 -5.441641
      vertex 2.905132 5.150711 -5.638586
    endloop
  endfacet
  facet normal -0.196177912 0.939186369 -0.281856685
    outer loop
      vertex 2.905132 5.150711 -5.638586
      vertex 2.762392 5.18 -5.441641
      vertex 3.077926 5.18 -5.661259
    endloop
  endfacet
  facet normal -0.202798792 0.902729392 -0.379410456
    outer loop
      vertex 2.905132 5.150711 -5.638586
      vertex 3.077926 5.18 -5.661259
      vertex 3.245842 5.150711 -5.820699
    endloop
  endfacet
  facet normal -0.135129331 0.939459314 -0.314890872
    outer loop
      vertex 3.245842 5.150711 -5.820699
      vertex 3.077926 5.18 -5.661259
      vertex 3.43121 5.18 -5.812864
    endloop
  endfacet
  facet normal -0.125134492 0.902316834 -0.412511442
    outer loop
      vertex 3.245842 5.150711 -5.820699
      vertex 3.43121 5.18 -5.812864
      vertex 3.615533 5.150711 -5.932844
    endloop
  endfacet
  facet normal -0.0688876764 0.939622514 -0.335207426
    outer loop
      vertex 3.615533 5.150711 -5.932844
      vertex 3.43121 5.18 -5.812864
      vertex 3.80778 5.18 -5.890252
    endloop
  endfacet
  facet normal -0.0422960378 0.902106575 -0.429435412
    outer loop
      vertex 3.615533 5.150711 -5.932844
      vertex 3.80778 5.18 -5.890252
      vertex 4 5.150711 -5.970711
    endloop
  endfacet
  facet normal 0 0.939676408 -0.342064683
    outer loop
      vertex 4 5.150711 -5.970711
      vertex 3.80778 5.18 -5.890252
      vertex 4.19222 5.18 -5.890252
    endloop
  endfacet
  facet normal 0.0422960378 0.902106575 -0.429435412
    outer loop
      vertex 4 5.150711 -5.970711
      vertex 4.19222 5.18 -5.890252
      vertex 4.384467 5.150711 -5.932844
    endloop
  endfacet
  facet normal 0.0688876764 0.939622514 -0.335207426
    outer loop
      vertex 4.384467 5.150711 -5.932844
      vertex 4.19222 5.18 -5.890252
      vertex 4.56879 5.18 -5.812864
    endloop
  endfacet
  facet normal 0.125134492 0.902316834 -0.412511442
    outer loop
      vertex 4.384467 5.150711 -5.932844
      vertex 4.56879 5.18 -5.812864
      vertex 4.754158 5.150711 -5.820699
    endloop
  endfacet
  facet normal 0.135129331 0.939459314 -0.314890872
    outer loop
      vertex 4.754158 5.150711 -5.820699
      vertex 4.56879 5.18 -5.812864
      vertex 4.922074 5.18 -5.661259
    endloop
  endfacet
  facet normal 0.202798792 0.902729392 -0.379410456
    outer loop
      vertex 4.754158 5.150711 -5.820699
      vertex 4.922074 5.18 -5.661259
      vertex 5.094868 5.150711 -5.638586
    endloop
  endfacet
  facet normal 0.196177912 0.939186369 -0.281856685
    outer loop
      vertex 5.094868 5.150711 -5.638586
      vertex 4.922074 5.18 -5.661259
      vertex 5.237608 5.18 -5.441641
    endloop
  endfacet
  facet normal 0.272095481 0.903348626 -0.331549858
    outer loop
      vertex 5.094868 5.150711 -5.638586
      vertex 5.237608 5.18 -5.441641
      vertex 5.393503 5.150711 -5.393503
    endloop
  endfacet
  facet normal 0.249659011 0.938802813 -0.237317627
    outer loop
      vertex 5.393503 5.150711 -5.393503
      vertex 5.237608 5.18 -5.441641
      vertex 5.502474 5.18 -5.163001
    endloop
  endfacet
  facet normal 0.330214501 0.904166804 -0.270999583
    outer loop
      vertex 5.393503 5.150711 -5.393503
      vertex 5.502474 5.18 -5.163001
      vertex 5.638586 5.150711 -5.094868
    endloop
  endfacet
  facet normal 0.293472022 0.938303436 -0.182923026
    outer loop
      vertex 5.638586 5.150711 -5.094868
      vertex 5.502474 5.18 -5.163001
      vertex 5.705829 5.18 -4.836749
    endloop
  endfacet
  facet normal 0.374858099 0.905171292 -0.20036551
    outer loop
      vertex 5.638586 5.150711 -5.094868
      vertex 5.705829 5.18 -4.836749
      vertex 5.820699 5.150711 -4.754158
    endloop
  endfacet
  facet normal 0.325857929 0.93768429 -0.12068464
    outer loop
      vertex 5.820699 5.150711 -4.754158
      vertex 5.705829 5.18 -4.836749
      vertex 5.839347 5.18 -4.47624
    endloop
  endfacet
  facet normal 0.404313723 0.906359723 -0.122647731
    outer loop
      vertex 5.820699 5.150711 -4.754158
      vertex 5.839347 5.18 -4.47624
      vertex 5.932844 5.150711 -4.384467
    endloop
  endfacet
  facet normal 0.345452902 0.936942735 -0.0529207309
    outer loop
      vertex 5.932844 5.150711 -4.384467
      vertex 5.839347 5.18 -4.47624
      vertex 5.897561 5.18 -4.096234
    endloop
  endfacet
  facet normal 0.417552255 0.907721761 -0.0411256395
    outer loop
      vertex 5.932844 5.150711 -4.384467
      vertex 5.897561 5.18 -4.096234
      vertex 5.970711 5.150711 -4
    endloop
  endfacet
  facet normal 0.351358396 0.936071463 0.017818343
    outer loop
      vertex 5.970711 5.150711 -4
      vertex 5.897561 5.18 -4.096234
      vertex 5.87809 5.18 -3.712287
    endloop
  endfacet
  facet normal 0.414269605 0.909239168 0.0408023241
    outer loop
      vertex 5.970711 5.150711 -4
      vertex 5.87809 5.18 -3.712287
      vertex 5.932844 5.150711 -3.615533
    endloop
  endfacet
  facet normal 0.343171989 0.935060434 0.0888536491
    outer loop
      vertex 5.932844 5.150711 -3.615533
      vertex 5.87809 5.18 -3.712287
      vertex 5.781729 5.18 -3.34012
    endloop
  endfacet
  facet normal 0.394848124 0.910905364 0.119776362
    outer loop
      vertex 5.932844 5.150711 -3.615533
      vertex 5.781729 5.18 -3.34012
      vertex 5.820699 5.150711 -3.245842
    endloop
  endfacet
  facet normal 0.320987331 0.933903691 0.157451674
    outer loop
      vertex 5.820699 5.150711 -3.245842
      vertex 5.781729 5.18 -3.34012
      vertex 5.612424 5.18 -2.994968
    endloop
  endfacet
  facet normal 0.36036859 0.912705724 0.192620719
    outer loop
      vertex 5.820699 5.150711 -3.245842
      vertex 5.612424 5.18 -2.994968
      vertex 5.638586 5.150711 -2.905132
    endloop
  endfacet
  facet normal 0.285418357 0.932590977 0.22093083
    outer loop
      vertex 5.638586 5.150711 -2.905132
      vertex 5.612424 5.18 -2.994968
      vertex 5.377106 5.18 -2.690963
    endloop
  endfacet
  facet normal 0.312525495 0.914628057 0.256482616
    outer loop
      vertex 5.638586 5.150711 -2.905132
      vertex 5.377106 5.18 -2.690963
      vertex 5.393503 5.150711 -2.606497
    endloop
  endfacet
  facet normal 0.237580416 0.931110514 0.276746736
    outer loop
      vertex 5.393503 5.150711 -2.606497
      vertex 5.377106 5.18 -2.690963
      vertex 5.08541 5.18 -2.440549
    endloop
  endfacet
  facet normal 0.253557799 0.916652158 0.30896159
    outer loop
      vertex 5.393503 5.150711 -2.606497
      vertex 5.08541 5.18 -2.440549
      vertex 5.094868 5.150711 -2.361414
    endloop
  endfacet
  facet normal 0.179057263 0.929444715 0.3226004
    outer loop
      vertex 5.094868 5.150711 -2.361414
      vertex 5.08541 5.18 -2.440549
      vertex 4.749276 5.18 -2.25398
    endloop
  endfacet
  facet normal 0.186102897 0.918771011 0.348174584
    outer loop
      vertex 5.094868 5.150711 -2.361414
      vertex 4.749276 5.18 -2.25398
      vertex 4.754158 5.150711 -2.179301
    endloop
  endfacet
  facet normal 0.111847709 0.927582234 0.356484628
    outer loop
      vertex 4.754158 5.150711 -2.179301
      vertex 4.749276 5.18 -2.25398
      vertex 4.382467 5.18 -2.138893
    endloop
  endfacet
  facet normal 0.113106902 0.920967314 0.372861952
    outer loop
      vertex 4.754158 5.150711 -2.179301
      vertex 4.382467 5.18 -2.138893
      vertex 4.384467 5.150711 -2.067156
    endloop
  endfacet
  facet normal 0.0383165873 0.925502356 0.376798658
    outer loop
      vertex 4.384467 5.150711 -2.067156
      vertex 4.382467 5.18 -2.138893
      vertex 4 5.18 -2.1
    endloop
  endfacet
  facet normal 0.0906287771 0.381090559 0.920085002
    outer loop
      vertex 4.390181 5.08 -42.038431
      vertex 4.384467 5.150711 -42.067156
      vertex 4 5.08 -41.999998
    endloop
  endfacet
  facet normal 0.09061701 0.381137265 0.920066814
    outer loop
      vertex 4 5.08 -41.999998
      vertex 4.384467 5.150711 -42.067156
      vertex 4 5.150711 -42.02929
    endloop
  endfacet
  facet normal -0.0906269037 0.38113692 0.920065983
    outer loop
      vertex 4 5.08 -41.999998
      vertex 4 5.150711 -42.02929
      vertex 3.609819 5.08 -42.038431
    endloop
  endfacet
  facet normal -0.0906189111 0.381090214 0.920086116
    outer loop
      vertex 3.609819 5.08 -42.038431
      vertex 4 5.150711 -42.02929
      vertex 3.615533 5.150711 -42.067156
    endloop
  endfacet
  facet normal -0.268380343 0.381090748 0.884726983
    outer loop
      vertex 3.609819 5.08 -42.038431
      vertex 3.615533 5.150711 -42.067156
      vertex 3.234633 5.08 -42.152243
    endloop
  endfacet
  facet normal -0.268377544 0.381057329 0.884742226
    outer loop
      vertex 3.234633 5.08 -42.152243
      vertex 3.615533 5.150711 -42.067156
      vertex 3.245842 5.150711 -42.179298
    endloop
  endfacet
  facet normal -0.435824859 0.381062676 0.815382075
    outer loop
      vertex 3.234633 5.08 -42.152243
      vertex 3.245842 5.150711 -42.179298
      vertex 2.88886 5.08 -42.33706
    endloop
  endfacet
  facet normal -0.435824642 0.381094382 0.815367373
    outer loop
      vertex 2.88886 5.08 -42.33706
      vertex 3.245842 5.150711 -42.179298
      vertex 2.905132 5.150711 -42.361412
    endloop
  endfacet
  facet normal -0.586522732 0.381095113 0.714673072
    outer loop
      vertex 2.88886 5.08 -42.33706
      vertex 2.905132 5.150711 -42.361412
      vertex 2.585787 5.08 -42.585788
    endloop
  endfacet
  facet normal -0.586523402 0.381088219 0.714676198
    outer loop
      vertex 2.585787 5.08 -42.585788
      vertex 2.905132 5.150711 -42.361412
      vertex 2.606497 5.150711 -42.606497
    endloop
  endfacet
  facet normal -0.714677112 0.381089692 0.586521331
    outer loop
      vertex 2.585787 5.08 -42.585788
      vertex 2.606497 5.150711 -42.606497
      vertex 2.337061 5.08 -42.888861
    endloop
  endfacet
  facet normal -0.714678424 0.381082556 0.58652437
    outer loop
      vertex 2.337061 5.08 -42.888861
      vertex 2.606497 5.150711 -42.606497
      vertex 2.361414 5.150711 -42.90513
    endloop
  endfacet
  facet normal -0.815369778 0.381088416 0.43582536
    outer loop
      vertex 2.337061 5.08 -42.888861
      vertex 2.361414 5.150711 -42.90513
      vertex 2.152241 5.08 -43.234634
    endloop
  endfacet
  facet normal -0.815367782 0.381095993 0.435822468
    outer loop
      vertex 2.152241 5.08 -43.234634
      vertex 2.361414 5.150711 -42.90513
      vertex 2.179301 5.150711 -43.24584
    endloop
  endfacet
  facet normal -0.884722605 0.381101341 0.26837973
    outer loop
      vertex 2.152241 5.08 -43.234634
      vertex 2.179301 5.150711 -43.24584
      vertex 2.038429 5.08 -43.609819
    endloop
  endfacet
  facet normal -0.884720082 0.381108925 0.26837728
    outer loop
      vertex 2.038429 5.08 -43.609819
      vertex 2.179301 5.150711 -43.24584
      vertex 2.067156 5.150711 -43.615532
    endloop
  endfacet
  facet normal -0.920077406 0.381111374 0.0906183643
    outer loop
      vertex 2.038429 5.08 -43.609819
      vertex 2.067156 5.150711 -43.615532
      vertex 2 5.08 -44.000001
    endloop
  endfacet
  facet normal -0.920080342 0.381103833 0.0906202641
    outer loop
      vertex 2 5.08 -44.000001
      vertex 2.067156 5.150711 -43.615532
      vertex 2.029289 5.150711 -44.000001
    endloop
  endfacet
  facet normal -0.920080457 0.381103881 -0.0906188971
    outer loop
      vertex 2 5.08 -44.000001
      vertex 2.029289 5.150711 -44.000001
      vertex 2.038429 5.08 -44.390182
    endloop
  endfacet
  facet normal -0.920075297 0.381115852 -0.0906209457
    outer loop
      vertex 2.038429 5.08 -44.390182
      vertex 2.029289 5.150711 -44.000001
      vertex 2.067156 5.150711 -44.384465
    endloop
  endfacet
  facet normal -0.884714706 0.381121869 -0.268376619
    outer loop
      vertex 2.038429 5.08 -44.390182
      vertex 2.067156 5.150711 -44.384465
      vertex 2.152241 5.08 -44.765368
    endloop
  endfacet
  facet normal -0.884716696 0.381117506 -0.268376254
    outer loop
      vertex 2.152241 5.08 -44.765368
      vertex 2.067156 5.150711 -44.384465
      vertex 2.179301 5.150711 -44.754157
    endloop
  endfacet
  facet normal -0.815357467 0.381122278 -0.43581878
    outer loop
      vertex 2.152241 5.08 -44.765368
      vertex 2.179301 5.150711 -44.754157
      vertex 2.337061 5.08 -45.111141
    endloop
  endfacet
  facet normal -0.815360981 0.381114701 -0.435818832
    outer loop
      vertex 2.337061 5.08 -45.111141
      vertex 2.179301 5.150711 -44.754157
      vertex 2.361414 5.150711 -45.094867
    endloop
  endfacet
  facet normal -0.714668073 0.381118058 -0.586513913
    outer loop
      vertex 2.337061 5.08 -45.111141
      vertex 2.361414 5.150711 -45.094867
      vertex 2.585787 5.08 -45.414214
    endloop
  endfacet
  facet normal -0.714681033 0.381089482 -0.586516691
    outer loop
      vertex 2.585787 5.08 -45.414214
      vertex 2.361414 5.150711 -45.094867
      vertex 2.606497 5.150711 -45.393505
    endloop
  endfacet
  facet normal -0.586517559 0.381087953 -0.714681135
    outer loop
      vertex 2.585787 5.08 -45.414214
      vertex 2.606497 5.150711 -45.393505
      vertex 2.88886 5.08 -45.662937
    endloop
  endfacet
  facet normal -0.586514352 0.381095485 -0.714679751
    outer loop
      vertex 2.88886 5.08 -45.662937
      vertex 2.606497 5.150711 -45.393505
      vertex 2.905132 5.150711 -45.638585
    endloop
  endfacet
  facet normal -0.435827845 0.381094509 -0.815365602
    outer loop
      vertex 2.88886 5.08 -45.662937
      vertex 2.905132 5.150711 -45.638585
      vertex 3.234633 5.08 -45.847759
    endloop
  endfacet
  facet normal -0.435821272 0.381111725 -0.815361069
    outer loop
      vertex 3.234633 5.08 -45.847759
      vertex 2.905132 5.150711 -45.638585
      vertex 3.245842 5.150711 -45.820699
    endloop
  endfacet
  facet normal -0.268377914 0.38111105 -0.884718974
    outer loop
      vertex 3.234633 5.08 -45.847759
      vertex 3.245842 5.150711 -45.820699
      vertex 3.609819 5.08 -45.961571
    endloop
  endfacet
  facet normal -0.268384521 0.381090597 -0.88472578
    outer loop
      vertex 3.609819 5.08 -45.961571
      vertex 3.245842 5.150711 -45.820699
      vertex 3.615533 5.150711 -45.932846
    endloop
  endfacet
  facet normal -0.0906171163 0.381090152 -0.920086319
    outer loop
      vertex 3.609819 5.08 -45.961571
      vertex 3.615533 5.150711 -45.932846
      vertex 4 5.08 -45.999999
    endloop
  endfacet
  facet normal -0.0906192569 0.381081655 -0.920089627
    outer loop
      vertex 4 5.08 -45.999999
      vertex 3.615533 5.150711 -45.932846
      vertex 4 5.150711 -45.970712
    endloop
  endfacet
  facet normal 0.0906174571 0.381081718 -0.920089779
    outer loop
      vertex 4 5.08 -45.999999
      vertex 4 5.150711 -45.970712
      vertex 4.390181 5.08 -45.961571
    endloop
  endfacet
  facet normal 0.0906189111 0.381090214 -0.920086116
    outer loop
      vertex 4.390181 5.08 -45.961571
      vertex 4 5.150711 -45.970712
      vertex 4.384467 5.150711 -45.932846
    endloop
  endfacet
  facet normal 0.268380343 0.381090748 -0.884726983
    outer loop
      vertex 4.390181 5.08 -45.961571
      vertex 4.384467 5.150711 -45.932846
      vertex 4.765367 5.08 -45.847759
    endloop
  endfacet
  facet normal 0.268382056 0.381111201 -0.884717652
    outer loop
      vertex 4.765367 5.08 -45.847759
      vertex 4.384467 5.150711 -45.932846
      vertex 4.754158 5.150711 -45.820699
    endloop
  endfacet
  facet normal 0.435823536 0.381111636 -0.8153599
    outer loop
      vertex 4.765367 5.08 -45.847759
      vertex 4.754158 5.150711 -45.820699
      vertex 5.111141 5.08 -45.662937
    endloop
  endfacet
  facet normal 0.435823618 0.38109965 -0.815365458
    outer loop
      vertex 5.111141 5.08 -45.662937
      vertex 4.754158 5.150711 -45.820699
      vertex 5.094868 5.150711 -45.638585
    endloop
  endfacet
  facet normal 0.58651375 0.381102519 -0.714676494
    outer loop
      vertex 5.111141 5.08 -45.662937
      vertex 5.094868 5.150711 -45.638585
      vertex 5.414214 5.08 -45.414214
    endloop
  endfacet
  facet normal 0.586514482 0.381094988 -0.71467991
    outer loop
      vertex 5.414214 5.08 -45.414214
      vertex 5.094868 5.150711 -45.638585
      vertex 5.393503 5.150711 -45.393505
    endloop
  endfacet
  facet normal 0.714675536 0.381098268 -0.586517679
    outer loop
      vertex 5.414214 5.08 -45.414214
      vertex 5.393503 5.150711 -45.393505
      vertex 5.662939 5.08 -45.111141
    endloop
  endfacet
  facet normal 0.71467186 0.381118269 -0.586509163
    outer loop
      vertex 5.662939 5.08 -45.111141
      vertex 5.393503 5.150711 -45.393505
      vertex 5.638586 5.150711 -45.094867
    endloop
  endfacet
  facet normal 0.815360202 0.381114757 -0.435820242
    outer loop
      vertex 5.662939 5.08 -45.111141
      vertex 5.638586 5.150711 -45.094867
      vertex 5.847759 5.08 -44.765368
    endloop
  endfacet
  facet normal 0.815358206 0.381122334 -0.435817349
    outer loop
      vertex 5.847759 5.08 -44.765368
      vertex 5.638586 5.150711 -45.094867
      vertex 5.820699 5.150711 -44.754157
    endloop
  endfacet
  facet normal 0.884716415 0.381117538 -0.268377137
    outer loop
      vertex 5.847759 5.08 -44.765368
      vertex 5.820699 5.150711 -44.754157
      vertex 5.961571 5.08 -44.390182
    endloop
  endfacet
  facet normal 0.884714963 0.381121901 -0.268375728
    outer loop
      vertex 5.961571 5.08 -44.390182
      vertex 5.820699 5.150711 -44.754157
      vertex 5.932844 5.150711 -44.384465
    endloop
  endfacet
  facet normal 0.920075582 0.381115763 -0.090618417
    outer loop
      vertex 5.961571 5.08 -44.390182
      vertex 5.932844 5.150711 -44.384465
      vertex 6 5.08 -44.000001
    endloop
  endfacet
  facet normal 0.920080244 0.381103792 -0.0906214329
    outer loop
      vertex 6 5.08 -44.000001
      vertex 5.932844 5.150711 -44.384465
      vertex 5.970711 5.150711 -44.000001
    endloop
  endfacet
  facet normal 0.920080476 0.381103889 0.0906186668
    outer loop
      vertex 6 5.08 -44.000001
      vertex 5.970711 5.150711 -44.000001
      vertex 5.961571 5.08 -43.609819
    endloop
  endfacet
  facet normal 0.920077226 0.381111429 0.0906199572
    outer loop
      vertex 5.961571 5.08 -43.609819
      vertex 5.970711 5.150711 -44.000001
      vertex 5.932844 5.150711 -43.615532
    endloop
  endfacet
  facet normal 0.884719636 0.381108869 0.26837883
    outer loop
      vertex 5.961571 5.08 -43.609819
      vertex 5.932844 5.150711 -43.615532
      vertex 5.847759 5.08 -43.234634
    endloop
  endfacet
  facet normal 0.884723095 0.381101286 0.268378195
    outer loop
      vertex 5.847759 5.08 -43.234634
      vertex 5.932844 5.150711 -43.615532
      vertex 5.820699 5.150711 -43.24584
    endloop
  endfacet
  facet normal 0.815367044 0.381095937 0.435823899
    outer loop
      vertex 5.847759 5.08 -43.234634
      vertex 5.820699 5.150711 -43.24584
      vertex 5.662939 5.08 -42.888861
    endloop
  endfacet
  facet normal 0.815370557 0.38108836 0.435823951
    outer loop
      vertex 5.662939 5.08 -42.888861
      vertex 5.820699 5.150711 -43.24584
      vertex 5.638586 5.150711 -42.90513
    endloop
  endfacet
  facet normal 0.714680505 0.381082672 0.586521758
    outer loop
      vertex 5.662939 5.08 -42.888861
      vertex 5.638586 5.150711 -42.90513
      vertex 5.414214 5.08 -42.585788
    endloop
  endfacet
  facet normal 0.71467338 0.381098384 0.586520231
    outer loop
      vertex 5.414214 5.08 -42.585788
      vertex 5.638586 5.150711 -42.90513
      vertex 5.393503 5.150711 -42.606497
    endloop
  endfacet
  facet normal 0.586522667 0.38109536 0.714672993
    outer loop
      vertex 5.414214 5.08 -42.585788
      vertex 5.393503 5.150711 -42.606497
      vertex 5.111141 5.08 -42.33706
    endloop
  endfacet
  facet normal 0.586519732 0.381102254 0.714671726
    outer loop
      vertex 5.111141 5.08 -42.33706
      vertex 5.393503 5.150711 -42.606497
      vertex 5.094868 5.150711 -42.361412
    endloop
  endfacet
  facet normal 0.435816748 0.381099378 0.815369258
    outer loop
      vertex 5.111141 5.08 -42.33706
      vertex 5.094868 5.150711 -42.361412
      vertex 4.765367 5.08 -42.152243
    endloop
  endfacet
  facet normal 0.435830848 0.381062443 0.815378984
    outer loop
      vertex 4.765367 5.08 -42.152243
      vertex 5.094868 5.150711 -42.361412
      vertex 4.754158 5.150711 -42.179298
    endloop
  endfacet
  facet normal 0.268384312 0.381057576 0.884740066
    outer loop
      vertex 4.765367 5.08 -42.152243
      vertex 4.754158 5.150711 -42.179298
      vertex 4.390181 5.08 -42.038431
    endloop
  endfacet
  facet normal 0.268373516 0.381090994 0.884728947
    outer loop
      vertex 4.390181 5.08 -42.038431
      vertex 4.754158 5.150711 -42.179298
      vertex 4.384467 5.150711 -42.067156
    endloop
  endfacet
  facet normal -0.038315537 0.925498715 0.376807706
    outer loop
      vertex 3.617533 5.18 -42.138891
      vertex 3.615533 5.150711 -42.067156
      vertex 4 5.18 -42.1
    endloop
  endfacet
  facet normal -0.03766355 0.923224208 0.382411453
    outer loop
      vertex 4 5.18 -42.1
      vertex 3.615533 5.150711 -42.067156
      vertex 4 5.150711 -42.02929
    endloop
  endfacet
  facet normal 0.03766355 0.923224208 0.382411453
    outer loop
      vertex 4 5.18 -42.1
      vertex 4 5.150711 -42.02929
      vertex 4.384467 5.150711 -42.067156
    endloop
  endfacet
  facet normal -0.113106588 0.920963732 0.372870894
    outer loop
      vertex 3.615533 5.150711 -42.067156
      vertex 3.617533 5.18 -42.138891
      vertex 3.245842 5.150711 -42.179298
    endloop
  endfacet
  facet normal -0.111845487 0.927588795 0.356468253
    outer loop
      vertex 3.245842 5.150711 -42.179298
      vertex 3.617533 5.18 -42.138891
      vertex 3.250724 5.18 -42.253981
    endloop
  endfacet
  facet normal -0.186095724 0.918778273 0.348159253
    outer loop
      vertex 3.245842 5.150711 -42.179298
      vertex 3.250724 5.18 -42.253981
      vertex 2.905132 5.150711 -42.361412
    endloop
  endfacet
  facet normal -0.179053145 0.929447216 0.322595479
    outer loop
      vertex 2.905132 5.150711 -42.361412
      vertex 3.250724 5.18 -42.253981
      vertex 2.914591 5.18 -42.440548
    endloop
  endfacet
  facet normal -0.253555116 0.916654852 0.308955799
    outer loop
      vertex 2.905132 5.150711 -42.361412
      vertex 2.914591 5.18 -42.440548
      vertex 2.606497 5.150711 -42.606497
    endloop
  endfacet
  facet normal -0.237579214 0.931111613 0.276744073
    outer loop
      vertex 2.606497 5.150711 -42.606497
      vertex 2.914591 5.18 -42.440548
      vertex 2.622894 5.18 -42.690964
    endloop
  endfacet
  facet normal -0.312521438 0.914629895 0.256481004
    outer loop
      vertex 2.606497 5.150711 -42.606497
      vertex 2.622894 5.18 -42.690964
      vertex 2.361414 5.150711 -42.90513
    endloop
  endfacet
  facet normal -0.285415071 0.932592241 0.22092974
    outer loop
      vertex 2.361414 5.150711 -42.90513
      vertex 2.622894 5.18 -42.690964
      vertex 2.387576 5.18 -42.994967
    endloop
  endfacet
  facet normal -0.360366427 0.912706822 0.192619562
    outer loop
      vertex 2.361414 5.150711 -42.90513
      vertex 2.387576 5.18 -42.994967
      vertex 2.179301 5.150711 -43.24584
    endloop
  endfacet
  facet normal -0.320984571 0.933904944 0.157449864
    outer loop
      vertex 2.179301 5.150711 -43.24584
      vertex 2.387576 5.18 -42.994967
      vertex 2.218271 5.18 -43.34012
    endloop
  endfacet
  facet normal -0.394845573 0.910906614 0.119775264
    outer loop
      vertex 2.179301 5.150711 -43.24584
      vertex 2.218271 5.18 -43.34012
      vertex 2.067156 5.150711 -43.615532
    endloop
  endfacet
  facet normal -0.343171015 0.935060815 0.0888533971
    outer loop
      vertex 2.067156 5.150711 -43.615532
      vertex 2.218271 5.18 -43.34012
      vertex 2.12191 5.18 -43.712287
    endloop
  endfacet
  facet normal -0.414269348 0.909239296 0.0408020865
    outer loop
      vertex 2.067156 5.150711 -43.615532
      vertex 2.12191 5.18 -43.712287
      vertex 2.029289 5.150711 -44.000001
    endloop
  endfacet
  facet normal -0.351359045 0.936071216 0.0178185151
    outer loop
      vertex 2.029289 5.150711 -44.000001
      vertex 2.12191 5.18 -43.712287
      vertex 2.102439 5.18 -44.096231
    endloop
  endfacet
  facet normal -0.41755052 0.907722553 -0.0411257896
    outer loop
      vertex 2.029289 5.150711 -44.000001
      vertex 2.102439 5.18 -44.096231
      vertex 2.067156 5.150711 -44.384465
    endloop
  endfacet
  facet normal -0.345454548 0.936942153 -0.0529202867
    outer loop
      vertex 2.067156 5.150711 -44.384465
      vertex 2.102439 5.18 -44.096231
      vertex 2.160653 5.18 -44.476242
    endloop
  endfacet
  facet normal -0.404319497 0.906356955 -0.122649151
    outer loop
      vertex 2.067156 5.150711 -44.384465
      vertex 2.160653 5.18 -44.476242
      vertex 2.179301 5.150711 -44.754157
    endloop
  endfacet
  facet normal -0.325860722 0.937683143 -0.120686009
    outer loop
      vertex 2.179301 5.150711 -44.754157
      vertex 2.160653 5.18 -44.476242
      vertex 2.294171 5.18 -44.83675
    endloop
  endfacet
  facet normal -0.374862741 0.90516882 -0.200367992
    outer loop
      vertex 2.179301 5.150711 -44.754157
      vertex 2.294171 5.18 -44.83675
      vertex 2.361414 5.150711 -45.094867
    endloop
  endfacet
  facet normal -0.293475462 0.938301943 -0.18292517
    outer loop
      vertex 2.361414 5.150711 -45.094867
      vertex 2.294171 5.18 -44.83675
      vertex 2.497526 5.18 -45.163002
    endloop
  endfacet
  facet normal -0.330218379 0.90416525 -0.271000043
    outer loop
      vertex 2.361414 5.150711 -45.094867
      vertex 2.497526 5.18 -45.163002
      vertex 2.606497 5.150711 -45.393505
    endloop
  endfacet
  facet normal -0.249657112 0.938803775 -0.237315822
    outer loop
      vertex 2.606497 5.150711 -45.393505
      vertex 2.497526 5.18 -45.163002
      vertex 2.762392 5.18 -45.441642
    endloop
  endfacet
  facet normal -0.272093972 0.903348266 -0.331552078
    outer loop
      vertex 2.606497 5.150711 -45.393505
      vertex 2.762392 5.18 -45.441642
      vertex 2.905132 5.150711 -45.638585
    endloop
  endfacet
  facet normal -0.196179797 0.939184777 -0.281860677
    outer loop
      vertex 2.905132 5.150711 -45.638585
      vertex 2.762392 5.18 -45.441642
      vertex 3.077926 5.18 -45.661259
    endloop
  endfacet
  facet normal -0.202801028 0.902728007 -0.379412557
    outer loop
      vertex 2.905132 5.150711 -45.638585
      vertex 3.077926 5.18 -45.661259
      vertex 3.245842 5.150711 -45.820699
    endloop
  endfacet
  facet normal -0.135129331 0.939459314 -0.314890872
    outer loop
      vertex 3.245842 5.150711 -45.820699
      vertex 3.077926 5.18 -45.661259
      vertex 3.43121 5.18 -45.812864
    endloop
  endfacet
  facet normal -0.125135094 0.902319207 -0.41250607
    outer loop
      vertex 3.245842 5.150711 -45.820699
      vertex 3.43121 5.18 -45.812864
      vertex 3.615533 5.150711 -45.932846
    endloop
  endfacet
  facet normal -0.0688836978 0.939626622 -0.335196729
    outer loop
      vertex 3.615533 5.150711 -45.932846
      vertex 3.43121 5.18 -45.812864
      vertex 3.80778 5.18 -45.89025
    endloop
  endfacet
  facet normal -0.0422929649 0.902116172 -0.429415554
    outer loop
      vertex 3.615533 5.150711 -45.932846
      vertex 3.80778 5.18 -45.89025
      vertex 4 5.150711 -45.970712
    endloop
  endfacet
  facet normal 0 0.939680508 -0.342053421
    outer loop
      vertex 4 5.150711 -45.970712
      vertex 3.80778 5.18 -45.89025
      vertex 4.19222 5.18 -45.89025
    endloop
  endfacet
  facet normal 0.0422929649 0.902116172 -0.429415554
    outer loop
      vertex 4 5.150711 -45.970712
      vertex 4.19222 5.18 -45.89025
      vertex 4.384467 5.150711 -45.932846
    endloop
  endfacet
  facet normal 0.0688836978 0.939626622 -0.335196729
    outer loop
      vertex 4.384467 5.150711 -45.932846
      vertex 4.19222 5.18 -45.89025
      vertex 4.56879 5.18 -45.812864
    endloop
  endfacet
  facet normal 0.125135094 0.902319207 -0.41250607
    outer loop
      vertex 4.384467 5.150711 -45.932846
      vertex 4.56879 5.18 -45.812864
      vertex 4.754158 5.150711 -45.820699
    endloop
  endfacet
  facet normal 0.135129331 0.939459314 -0.314890872
    outer loop
      vertex 4.754158 5.150711 -45.820699
      vertex 4.56879 5.18 -45.812864
      vertex 4.922074 5.18 -45.661259
    endloop
  endfacet
  facet normal 0.202801028 0.902728007 -0.379412557
    outer loop
      vertex 4.754158 5.150711 -45.820699
      vertex 4.922074 5.18 -45.661259
      vertex 5.094868 5.150711 -45.638585
    endloop
  endfacet
  facet normal 0.196179797 0.939184777 -0.281860677
    outer loop
      vertex 5.094868 5.150711 -45.638585
      vertex 4.922074 5.18 -45.661259
      vertex 5.237608 5.18 -45.441642
    endloop
  endfacet
  facet normal 0.272093972 0.903348266 -0.331552078
    outer loop
      vertex 5.094868 5.150711 -45.638585
      vertex 5.237608 5.18 -45.441642
      vertex 5.393503 5.150711 -45.393505
    endloop
  endfacet
  facet normal 0.249657112 0.938803775 -0.237315822
    outer loop
      vertex 5.393503 5.150711 -45.393505
      vertex 5.237608 5.18 -45.441642
      vertex 5.502474 5.18 -45.163002
    endloop
  endfacet
  facet normal 0.330218379 0.90416525 -0.271000043
    outer loop
      vertex 5.393503 5.150711 -45.393505
      vertex 5.502474 5.18 -45.163002
      vertex 5.638586 5.150711 -45.094867
    endloop
  endfacet
  facet normal 0.293475462 0.938301943 -0.18292517
    outer loop
      vertex 5.638586 5.150711 -45.094867
      vertex 5.502474 5.18 -45.163002
      vertex 5.705829 5.18 -44.83675
    endloop
  endfacet
  facet normal 0.374862741 0.90516882 -0.200367992
    outer loop
      vertex 5.638586 5.150711 -45.094867
      vertex 5.705829 5.18 -44.83675
      vertex 5.820699 5.150711 -44.754157
    endloop
  endfacet
  facet normal 0.325860722 0.937683143 -0.120686009
    outer loop
      vertex 5.820699 5.150711 -44.754157
      vertex 5.705829 5.18 -44.83675
      vertex 5.839347 5.18 -44.476242
    endloop
  endfacet
  facet normal 0.404319497 0.906356955 -0.122649151
    outer loop
      vertex 5.820699 5.150711 -44.754157
      vertex 5.839347 5.18 -44.476242
      vertex 5.932844 5.150711 -44.384465
    endloop
  endfacet
  facet normal 0.345454548 0.936942153 -0.0529202867
    outer loop
      vertex 5.932844 5.150711 -44.384465
      vertex 5.839347 5.18 -44.476242
      vertex 5.897561 5.18 -44.096231
    endloop
  endfacet
  facet normal 0.41755052 0.907722553 -0.0411257896
    outer loop
      vertex 5.932844 5.150711 -44.384465
      vertex 5.897561 5.18 -44.096231
      vertex 5.970711 5.150711 -44.000001
    endloop
  endfacet
  facet normal 0.351359045 0.936071216 0.0178185151
    outer loop
      vertex 5.970711 5.150711 -44.000001
      vertex 5.897561 5.18 -44.096231
      vertex 5.87809 5.18 -43.712287
    endloop
  endfacet
  facet normal 0.414269348 0.909239296 0.0408020865
    outer loop
      vertex 5.970711 5.150711 -44.000001
      vertex 5.87809 5.18 -43.712287
      vertex 5.932844 5.150711 -43.615532
    endloop
  endfacet
  facet normal 0.343171015 0.935060815 0.0888533971
    outer loop
      vertex 5.932844 5.150711 -43.615532
      vertex 5.87809 5.18 -43.712287
      vertex 5.781729 5.18 -43.34012
    endloop
  endfacet
  facet normal 0.394845573 0.910906614 0.119775264
    outer loop
      vertex 5.932844 5.150711 -43.615532
      vertex 5.781729 5.18 -43.34012
      vertex 5.820699 5.150711 -43.24584
    endloop
  endfacet
  facet normal 0.320984571 0.933904944 0.157449864
    outer loop
      vertex 5.820699 5.150711 -43.24584
      vertex 5.781729 5.18 -43.34012
      vertex 5.612424 5.18 -42.994967
    endloop
  endfacet
  facet normal 0.360366427 0.912706822 0.192619562
    outer loop
      vertex 5.820699 5.150711 -43.24584
      vertex 5.612424 5.18 -42.994967
      vertex 5.638586 5.150711 -42.90513
    endloop
  endfacet
  facet normal 0.285415071 0.932592241 0.22092974
    outer loop
      vertex 5.638586 5.150711 -42.90513
      vertex 5.612424 5.18 -42.994967
      vertex 5.377106 5.18 -42.690964
    endloop
  endfacet
  facet normal 0.312521438 0.914629895 0.256481004
    outer loop
      vertex 5.638586 5.150711 -42.90513
      vertex 5.377106 5.18 -42.690964
      vertex 5.393503 5.150711 -42.606497
    endloop
  endfacet
  facet normal 0.237579881 0.931111493 0.276743902
    outer loop
      vertex 5.393503 5.150711 -42.606497
      vertex 5.377106 5.18 -42.690964
      vertex 5.08541 5.18 -42.440548
    endloop
  endfacet
  facet normal 0.253557128 0.916653469 0.308958251
    outer loop
      vertex 5.393503 5.150711 -42.606497
      vertex 5.08541 5.18 -42.440548
      vertex 5.094868 5.150711 -42.361412
    endloop
  endfacet
  facet normal 0.179053675 0.92944645 0.322597394
    outer loop
      vertex 5.094868 5.150711 -42.361412
      vertex 5.08541 5.18 -42.440548
      vertex 4.749276 5.18 -42.253981
    endloop
  endfacet
  facet normal 0.186095724 0.918778273 0.348159253
    outer loop
      vertex 5.094868 5.150711 -42.361412
      vertex 4.749276 5.18 -42.253981
      vertex 4.754158 5.150711 -42.179298
    endloop
  endfacet
  facet normal 0.111845487 0.927588795 0.356468253
    outer loop
      vertex 4.754158 5.150711 -42.179298
      vertex 4.749276 5.18 -42.253981
      vertex 4.382467 5.18 -42.138891
    endloop
  endfacet
  facet normal 0.113106588 0.920963732 0.372870894
    outer loop
      vertex 4.754158 5.150711 -42.179298
      vertex 4.382467 5.18 -42.138891
      vertex 4.384467 5.150711 -42.067156
    endloop
  endfacet
  facet normal 0.038315537 0.925498715 0.376807706
    outer loop
      vertex 4.384467 5.150711 -42.067156
      vertex 4.382467 5.18 -42.138891
      vertex 4 5.18 -42.1
    endloop
  endfacet
  facet normal -0.11196683 0 -0.993711945
    outer loop
      vertex 3.691218 0.025 -73.487391
      vertex 3.691218 1.83 -73.487391
      vertex 4.025 0.025 -73.525
    endloop
  endfacet
  facet normal -0.11196683 0 -0.993711945
    outer loop
      vertex 4.025 0.025 -73.525
      vertex 3.691218 1.83 -73.487391
      vertex 4.025 1.83 -73.525
    endloop
  endfacet
  facet normal 0.111967161 0 -0.993711907
    outer loop
      vertex 4.025 0.025 -73.525
      vertex 4.025 1.83 -73.525
      vertex 4.358781 0.025 -73.487391
    endloop
  endfacet
  facet normal 0.111967161 0 -0.993711907
    outer loop
      vertex 4.358781 0.025 -73.487391
      vertex 4.025 1.83 -73.525
      vertex 4.358781 1.83 -73.487391
    endloop
  endfacet
  facet normal 0.33027152 0 -0.943885969
    outer loop
      vertex 4.358781 0.025 -73.487391
      vertex 4.358781 1.83 -73.487391
      vertex 4.675826 0.025 -73.376455
    endloop
  endfacet
  facet normal 0.33027152 0 -0.943885969
    outer loop
      vertex 4.675826 0.025 -73.376455
      vertex 4.358781 1.83 -73.487391
      vertex 4.675826 1.83 -73.376455
    endloop
  endfacet
  facet normal 0.532038439 0 -0.846720201
    outer loop
      vertex 4.675826 0.025 -73.376455
      vertex 4.675826 1.83 -73.376455
      vertex 4.960235 0.025 -73.197746
    endloop
  endfacet
  facet normal 0.532038439 0 -0.846720201
    outer loop
      vertex 4.960235 0.025 -73.197746
      vertex 4.675826 1.83 -73.376455
      vertex 4.960235 1.83 -73.197746
    endloop
  endfacet
  facet normal 0.707106781 0 -0.707106781
    outer loop
      vertex 4.960235 0.025 -73.197746
      vertex 4.960235 1.83 -73.197746
      vertex 5.197747 0.025 -72.960234
    endloop
  endfacet
  facet normal 0.707106781 0 -0.707106781
    outer loop
      vertex 5.197747 0.025 -72.960234
      vertex 4.960235 1.83 -73.197746
      vertex 5.197747 1.83 -72.960234
    endloop
  endfacet
  facet normal 0.846725067 0 -0.532030695
    outer loop
      vertex 5.197747 0.025 -72.960234
      vertex 5.197747 1.83 -72.960234
      vertex 5.376453 0.025 -72.675824
    endloop
  endfacet
  facet normal 0.846725067 0 -0.532030695
    outer loop
      vertex 5.376453 0.025 -72.675824
      vertex 5.197747 1.83 -72.960234
      vertex 5.376453 1.83 -72.675824
    endloop
  endfacet
  facet normal 0.94388286 0 -0.330280405
    outer loop
      vertex 5.376453 0.025 -72.675824
      vertex 5.376453 1.83 -72.675824
      vertex 5.487392 0.025 -72.35878
    endloop
  endfacet
  facet normal 0.94388286 0 -0.330280405
    outer loop
      vertex 5.487392 0.025 -72.35878
      vertex 5.376453 1.83 -72.675824
      vertex 5.487392 1.83 -72.35878
    endloop
  endfacet
  facet normal 0.993712239 0 -0.111964222
    outer loop
      vertex 5.487392 0.025 -72.35878
      vertex 5.487392 1.83 -72.35878
      vertex 5.525 0.025 -72.024999
    endloop
  endfacet
  facet normal 0.993712239 0 -0.111964222
    outer loop
      vertex 5.525 0.025 -72.024999
      vertex 5.487392 1.83 -72.35878
      vertex 5.525 1.83 -72.024999
    endloop
  endfacet
  facet normal 0.993712276 -0 0.11196389
    outer loop
      vertex 5.525 0.025 -72.024999
      vertex 5.525 1.83 -72.024999
      vertex 5.487392 0.025 -71.691217
    endloop
  endfacet
  facet normal 0.993712276 -0 0.11196389
    outer loop
      vertex 5.487392 0.025 -71.691217
      vertex 5.525 1.83 -72.024999
      vertex 5.487392 1.83 -71.691217
    endloop
  endfacet
  facet normal 0.94388286 -0 0.330280405
    outer loop
      vertex 5.487392 0.025 -71.691217
      vertex 5.487392 1.83 -71.691217
      vertex 5.376453 0.025 -71.374173
    endloop
  endfacet
  facet normal 0.94388286 -0 0.330280405
    outer loop
      vertex 5.376453 0.025 -71.374173
      vertex 5.487392 1.83 -71.691217
      vertex 5.376453 1.83 -71.374173
    endloop
  endfacet
  facet normal 0.846724225 -0 0.532032036
    outer loop
      vertex 5.376453 0.025 -71.374173
      vertex 5.376453 1.83 -71.374173
      vertex 5.197747 0.025 -71.089764
    endloop
  endfacet
  facet normal 0.846724225 -0 0.532032036
    outer loop
      vertex 5.197747 0.025 -71.089764
      vertex 5.376453 1.83 -71.374173
      vertex 5.197747 1.83 -71.089764
    endloop
  endfacet
  facet normal 0.70710827 -0 0.707105293
    outer loop
      vertex 5.197747 0.025 -71.089764
      vertex 5.197747 1.83 -71.089764
      vertex 4.960235 0.025 -70.852251
    endloop
  endfacet
  facet normal 0.70710827 -0 0.707105293
    outer loop
      vertex 4.960235 0.025 -70.852251
      vertex 5.197747 1.83 -71.089764
      vertex 4.960235 1.83 -70.852251
    endloop
  endfacet
  facet normal 0.532027767 -0 0.846726907
    outer loop
      vertex 4.960235 0.025 -70.852251
      vertex 4.960235 1.83 -70.852251
      vertex 4.675826 0.025 -70.673547
    endloop
  endfacet
  facet normal 0.532027767 -0 0.846726907
    outer loop
      vertex 4.675826 0.025 -70.673547
      vertex 4.960235 1.83 -70.852251
      vertex 4.675826 1.83 -70.673547
    endloop
  endfacet
  facet normal 0.330284781 -0 0.943881329
    outer loop
      vertex 4.675826 0.025 -70.673547
      vertex 4.675826 1.83 -70.673547
      vertex 4.358781 0.025 -70.562606
    endloop
  endfacet
  facet normal 0.330284781 -0 0.943881329
    outer loop
      vertex 4.358781 0.025 -70.562606
      vertex 4.675826 1.83 -70.673547
      vertex 4.358781 1.83 -70.562606
    endloop
  endfacet
  facet normal 0.111964222 -0 0.993712239
    outer loop
      vertex 4.358781 0.025 -70.562606
      vertex 4.358781 1.83 -70.562606
      vertex 4.025 0.025 -70.524998
    endloop
  endfacet
  facet normal 0.111964222 -0 0.993712239
    outer loop
      vertex 4.025 0.025 -70.524998
      vertex 4.358781 1.83 -70.562606
      vertex 4.025 1.83 -70.524998
    endloop
  endfacet
  facet normal -0.11196389 0 0.993712276
    outer loop
      vertex 4.025 0.025 -70.524998
      vertex 4.025 1.83 -70.524998
      vertex 3.691218 0.025 -70.562606
    endloop
  endfacet
  facet normal -0.11196389 0 0.993712276
    outer loop
      vertex 3.691218 0.025 -70.562606
      vertex 4.025 1.83 -70.524998
      vertex 3.691218 1.83 -70.562606
    endloop
  endfacet
  facet normal -0.330286638 0 0.943880679
    outer loop
      vertex 3.691218 0.025 -70.562606
      vertex 3.691218 1.83 -70.562606
      vertex 3.374175 0.025 -70.673547
    endloop
  endfacet
  facet normal -0.330286638 0 0.943880679
    outer loop
      vertex 3.374175 0.025 -70.673547
      vertex 3.691218 1.83 -70.562606
      vertex 3.374175 1.83 -70.673547
    endloop
  endfacet
  facet normal -0.532026426 0 0.84672775
    outer loop
      vertex 3.374175 0.025 -70.673547
      vertex 3.374175 1.83 -70.673547
      vertex 3.089765 0.025 -70.852251
    endloop
  endfacet
  facet normal -0.532026426 0 0.84672775
    outer loop
      vertex 3.089765 0.025 -70.852251
      vertex 3.374175 1.83 -70.673547
      vertex 3.089765 1.83 -70.852251
    endloop
  endfacet
  facet normal -0.70710827 0 0.707105293
    outer loop
      vertex 3.089765 0.025 -70.852251
      vertex 3.089765 1.83 -70.852251
      vertex 2.852253 0.025 -71.089764
    endloop
  endfacet
  facet normal -0.70710827 0 0.707105293
    outer loop
      vertex 2.852253 0.025 -71.089764
      vertex 3.089765 1.83 -70.852251
      vertex 2.852253 1.83 -71.089764
    endloop
  endfacet
  facet normal -0.846724225 0 0.532032036
    outer loop
      vertex 2.852253 0.025 -71.089764
      vertex 2.852253 1.83 -71.089764
      vertex 2.673547 0.025 -71.374173
    endloop
  endfacet
  facet normal -0.846724225 0 0.532032036
    outer loop
      vertex 2.673547 0.025 -71.374173
      vertex 2.852253 1.83 -71.089764
      vertex 2.673547 1.83 -71.374173
    endloop
  endfacet
  facet normal -0.94388286 0 0.330280405
    outer loop
      vertex 2.673547 0.025 -71.374173
      vertex 2.673547 1.83 -71.374173
      vertex 2.562608 0.025 -71.691217
    endloop
  endfacet
  facet normal -0.94388286 0 0.330280405
    outer loop
      vertex 2.562608 0.025 -71.691217
      vertex 2.673547 1.83 -71.374173
      vertex 2.562608 1.83 -71.691217
    endloop
  endfacet
  facet normal -0.993712276 0 0.11196389
    outer loop
      vertex 2.562608 0.025 -71.691217
      vertex 2.562608 1.83 -71.691217
      vertex 2.525 0.025 -72.024999
    endloop
  endfacet
  facet normal -0.993712276 0 0.11196389
    outer loop
      vertex 2.525 0.025 -72.024999
      vertex 2.562608 1.83 -71.691217
      vertex 2.525 1.83 -72.024999
    endloop
  endfacet
  facet normal -0.993712239 0 -0.111964222
    outer loop
      vertex 2.525 0.025 -72.024999
      vertex 2.525 1.83 -72.024999
      vertex 2.562608 0.025 -72.35878
    endloop
  endfacet
  facet normal -0.993712239 0 -0.111964222
    outer loop
      vertex 2.562608 0.025 -72.35878
      vertex 2.525 1.83 -72.024999
      vertex 2.562608 1.83 -72.35878
    endloop
  endfacet
  facet normal -0.94388286 0 -0.330280405
    outer loop
      vertex 2.562608 0.025 -72.35878
      vertex 2.562608 1.83 -72.35878
      vertex 2.673547 0.025 -72.675824
    endloop
  endfacet
  facet normal -0.94388286 0 -0.330280405
    outer loop
      vertex 2.673547 0.025 -72.675824
      vertex 2.562608 1.83 -72.35878
      vertex 2.673547 1.83 -72.675824
    endloop
  endfacet
  facet normal -0.846725067 0 -0.532030695
    outer loop
      vertex 2.673547 0.025 -72.675824
      vertex 2.673547 1.83 -72.675824
      vertex 2.852253 0.025 -72.960234
    endloop
  endfacet
  facet normal -0.846725067 0 -0.532030695
    outer loop
      vertex 2.852253 0.025 -72.960234
      vertex 2.673547 1.83 -72.675824
      vertex 2.852253 1.83 -72.960234
    endloop
  endfacet
  facet normal -0.707106781 0 -0.707106781
    outer loop
      vertex 2.852253 0.025 -72.960234
      vertex 2.852253 1.83 -72.960234
      vertex 3.089765 0.025 -73.197746
    endloop
  endfacet
  facet normal -0.707106781 0 -0.707106781
    outer loop
      vertex 3.089765 0.025 -73.197746
      vertex 2.852253 1.83 -72.960234
      vertex 3.089765 1.83 -73.197746
    endloop
  endfacet
  facet normal -0.532037098 0 -0.846721044
    outer loop
      vertex 3.089765 0.025 -73.197746
      vertex 3.089765 1.83 -73.197746
      vertex 3.374175 0.025 -73.376455
    endloop
  endfacet
  facet normal -0.532037098 0 -0.846721044
    outer loop
      vertex 3.374175 0.025 -73.376455
      vertex 3.089765 1.83 -73.197746
      vertex 3.374175 1.83 -73.376455
    endloop
  endfacet
  facet normal -0.330273376 0 -0.94388532
    outer loop
      vertex 3.374175 0.025 -73.376455
      vertex 3.374175 1.83 -73.376455
      vertex 3.691218 0.025 -73.487391
    endloop
  endfacet
  facet normal -0.330273376 0 -0.94388532
    outer loop
      vertex 3.691218 0.025 -73.487391
      vertex 3.374175 1.83 -73.376455
      vertex 3.691218 1.83 -73.487391
    endloop
  endfacet
  facet normal -0 -1 0
    outer loop
      vertex 4.358781 0.025 -9.487392
      vertex 4.358781 0.025 -6.562608
      vertex 4.025 0.025 -9.525
    endloop
  endfacet
  facet normal 0 -1 0
    outer loop
      vertex 4.025 0.025 -9.525
      vertex 4.358781 0.025 -6.562608
      vertex 4.025 0.025 -6.525
    endloop
  endfacet
  facet normal 0 -1 0
    outer loop
      vertex 4.025 0.025 -9.525
      vertex 4.025 0.025 -6.525
      vertex 3.691218 0.025 -9.487392
    endloop
  endfacet
  facet normal 0 -1 0
    outer loop
      vertex 3.691218 0.025 -9.487392
      vertex 4.025 0.025 -6.525
      vertex 3.691218 0.025 -6.562608
    endloop
  endfacet
  facet normal 0 -1 0
    outer loop
      vertex 3.691218 0.025 -9.487392
      vertex 3.691218 0.025 -6.562608
      vertex 3.374175 0.025 -9.376453
    endloop
  endfacet
  facet normal 0 -1 0
    outer loop
      vertex 3.374175 0.025 -9.376453
      vertex 3.691218 0.025 -6.562608
      vertex 3.374175 0.025 -6.673546
    endloop
  endfacet
  facet normal 0 -1 0
    outer loop
      vertex 3.374175 0.025 -9.376453
      vertex 3.374175 0.025 -6.673546
      vertex 3.089765 0.025 -9.197747
    endloop
  endfacet
  facet normal 0 -1 0
    outer loop
      vertex 3.089765 0.025 -9.197747
      vertex 3.374175 0.025 -6.673546
      vertex 3.089765 0.025 -6.852252
    endloop
  endfacet
  facet normal 0 -1 0
    outer loop
      vertex 3.089765 0.025 -9.197747
      vertex 3.089765 0.025 -6.852252
      vertex 2.852253 0.025 -8.960235
    endloop
  endfacet
  facet normal 0 -1 0
    outer loop
      vertex 2.852253 0.025 -8.960235
      vertex 3.089765 0.025 -6.852252
      vertex 2.852253 0.025 -7.089765
    endloop
  endfacet
  facet normal 0 -1 0
    outer loop
      vertex 2.852253 0.025 -8.960235
      vertex 2.852253 0.025 -7.089765
      vertex 2.673547 0.025 -8.675826
    endloop
  endfacet
  facet normal 0 -1 0
    outer loop
      vertex 2.673547 0.025 -8.675826
      vertex 2.852253 0.025 -7.089765
      vertex 2.673547 0.025 -7.374175
    endloop
  endfacet
  facet normal 0 -1 0
    outer loop
      vertex 2.673547 0.025 -8.675826
      vertex 2.673547 0.025 -7.374175
      vertex 2.562608 0.025 -8.358781
    endloop
  endfacet
  facet normal 0 -1 0
    outer loop
      vertex 2.562608 0.025 -8.358781
      vertex 2.673547 0.025 -7.374175
      vertex 2.562608 0.025 -7.691219
    endloop
  endfacet
  facet normal 0 -1 0
    outer loop
      vertex 2.562608 0.025 -8.358781
      vertex 2.562608 0.025 -7.691219
      vertex 2.525 0.025 -8.025
    endloop
  endfacet
  facet normal 0 -1 0
    outer loop
      vertex 4.358781 0.025 -6.562608
      vertex 4.358781 0.025 -9.487392
      vertex 4.675826 0.025 -6.673546
    endloop
  endfacet
  facet normal 0 -1 -0
    outer loop
      vertex 4.675826 0.025 -6.673546
      vertex 4.358781 0.025 -9.487392
      vertex 4.675826 0.025 -9.376453
    endloop
  endfacet
  facet normal 0 -1 0
    outer loop
      vertex 4.675826 0.025 -6.673546
      vertex 4.675826 0.025 -9.376453
      vertex 4.960235 0.025 -6.852252
    endloop
  endfacet
  facet normal 0 -1 -0
    outer loop
      vertex 4.960235 0.025 -6.852252
      vertex 4.675826 0.025 -9.376453
      vertex 4.960235 0.025 -9.197747
    endloop
  endfacet
  facet normal 0 -1 0
    outer loop
      vertex 4.960235 0.025 -6.852252
      vertex 4.960235 0.025 -9.197747
      vertex 5.197747 0.025 -7.089765
    endloop
  endfacet
  facet normal 0 -1 -0
    outer loop
      vertex 5.197747 0.025 -7.089765
      vertex 4.960235 0.025 -9.197747
      vertex 5.197747 0.025 -8.960235
    endloop
  endfacet
  facet normal 0 -1 0
    outer loop
      vertex 5.197747 0.025 -7.089765
      vertex 5.197747 0.025 -8.960235
      vertex 5.376453 0.025 -7.374175
    endloop
  endfacet
  facet normal 0 -1 -0
    outer loop
      vertex 5.376453 0.025 -7.374175
      vertex 5.197747 0.025 -8.960235
      vertex 5.376453 0.025 -8.675826
    endloop
  endfacet
  facet normal 0 -1 0
    outer loop
      vertex 5.376453 0.025 -7.374175
      vertex 5.376453 0.025 -8.675826
      vertex 5.487392 0.025 -7.691219
    endloop
  endfacet
  facet normal 0 -1 -0
    outer loop
      vertex 5.487392 0.025 -7.691219
      vertex 5.376453 0.025 -8.675826
      vertex 5.487392 0.025 -8.358781
    endloop
  endfacet
  facet normal 0 -1 0
    outer loop
      vertex 5.487392 0.025 -7.691219
      vertex 5.487392 0.025 -8.358781
      vertex 5.525 0.025 -8.025
    endloop
  endfacet
  facet normal -0.11196389 0 -0.993712276
    outer loop
      vertex 3.691218 0.025 -65.48739
      vertex 3.691218 1.83 -65.48739
      vertex 4.025 0.025 -65.524998
    endloop
  endfacet
  facet normal -0.11196389 0 -0.993712276
    outer loop
      vertex 4.025 0.025 -65.524998
      vertex 3.691218 1.83 -65.48739
      vertex 4.025 1.83 -65.524998
    endloop
  endfacet
  facet normal 0.111964222 0 -0.993712239
    outer loop
      vertex 4.025 0.025 -65.524998
      vertex 4.025 1.83 -65.524998
      vertex 4.358781 0.025 -65.48739
    endloop
  endfacet
  facet normal 0.111964222 0 -0.993712239
    outer loop
      vertex 4.358781 0.025 -65.48739
      vertex 4.025 1.83 -65.524998
      vertex 4.358781 1.83 -65.48739
    endloop
  endfacet
  facet normal 0.330274172 0 -0.943885041
    outer loop
      vertex 4.358781 0.025 -65.48739
      vertex 4.358781 1.83 -65.48739
      vertex 4.675826 0.025 -65.376453
    endloop
  endfacet
  facet normal 0.330274172 0 -0.943885041
    outer loop
      vertex 4.675826 0.025 -65.376453
      vertex 4.358781 1.83 -65.48739
      vertex 4.675826 1.83 -65.376453
    endloop
  endfacet
  facet normal 0.532027767 0 -0.846726907
    outer loop
      vertex 4.675826 0.025 -65.376453
      vertex 4.675826 1.83 -65.376453
      vertex 4.960235 0.025 -65.197749
    endloop
  endfacet
  facet normal 0.532027767 0 -0.846726907
    outer loop
      vertex 4.960235 0.025 -65.197749
      vertex 4.675826 1.83 -65.376453
      vertex 4.960235 1.83 -65.197749
    endloop
  endfacet
  facet normal 0.707106781 0 -0.707106781
    outer loop
      vertex 4.960235 0.025 -65.197749
      vertex 4.960235 1.83 -65.197749
      vertex 5.197747 0.025 -64.960237
    endloop
  endfacet
  facet normal 0.707106781 0 -0.707106781
    outer loop
      vertex 5.197747 0.025 -64.960237
      vertex 4.960235 1.83 -65.197749
      vertex 5.197747 1.83 -64.960237
    endloop
  endfacet
  facet normal 0.846725067 0 -0.532030695
    outer loop
      vertex 5.197747 0.025 -64.960237
      vertex 5.197747 1.83 -64.960237
      vertex 5.376453 0.025 -64.675827
    endloop
  endfacet
  facet normal 0.846725067 0 -0.532030695
    outer loop
      vertex 5.376453 0.025 -64.675827
      vertex 5.197747 1.83 -64.960237
      vertex 5.376453 1.83 -64.675827
    endloop
  endfacet
  facet normal 0.94388286 0 -0.330280405
    outer loop
      vertex 5.376453 0.025 -64.675827
      vertex 5.376453 1.83 -64.675827
      vertex 5.487392 0.025 -64.358783
    endloop
  endfacet
  facet normal 0.94388286 0 -0.330280405
    outer loop
      vertex 5.487392 0.025 -64.358783
      vertex 5.376453 1.83 -64.675827
      vertex 5.487392 1.83 -64.358783
    endloop
  endfacet
  facet normal 0.993712239 0 -0.111964222
    outer loop
      vertex 5.487392 0.025 -64.358783
      vertex 5.487392 1.83 -64.358783
      vertex 5.525 0.025 -64.025002
    endloop
  endfacet
  facet normal 0.993712239 0 -0.111964222
    outer loop
      vertex 5.525 0.025 -64.025002
      vertex 5.487392 1.83 -64.358783
      vertex 5.525 1.83 -64.025002
    endloop
  endfacet
  facet normal 0.993712276 -0 0.11196389
    outer loop
      vertex 5.525 0.025 -64.025002
      vertex 5.525 1.83 -64.025002
      vertex 5.487392 0.025 -63.69122
    endloop
  endfacet
  facet normal 0.993712276 -0 0.11196389
    outer loop
      vertex 5.487392 0.025 -63.69122
      vertex 5.525 1.83 -64.025002
      vertex 5.487392 1.83 -63.69122
    endloop
  endfacet
  facet normal 0.94388286 -0 0.330280405
    outer loop
      vertex 5.487392 0.025 -63.69122
      vertex 5.487392 1.83 -63.69122
      vertex 5.376453 0.025 -63.374176
    endloop
  endfacet
  facet normal 0.94388286 -0 0.330280405
    outer loop
      vertex 5.376453 0.025 -63.374176
      vertex 5.487392 1.83 -63.69122
      vertex 5.376453 1.83 -63.374176
    endloop
  endfacet
  facet normal 0.846724225 -0 0.532032036
    outer loop
      vertex 5.376453 0.025 -63.374176
      vertex 5.376453 1.83 -63.374176
      vertex 5.197747 0.025 -63.089767
    endloop
  endfacet
  facet normal 0.846724225 -0 0.532032036
    outer loop
      vertex 5.197747 0.025 -63.089767
      vertex 5.376453 1.83 -63.374176
      vertex 5.197747 1.83 -63.089767
    endloop
  endfacet
  facet normal 0.70710827 -0 0.707105293
    outer loop
      vertex 5.197747 0.025 -63.089767
      vertex 5.197747 1.83 -63.089767
      vertex 4.960235 0.025 -62.852254
    endloop
  endfacet
  facet normal 0.70710827 -0 0.707105293
    outer loop
      vertex 4.960235 0.025 -62.852254
      vertex 5.197747 1.83 -63.089767
      vertex 4.960235 1.83 -62.852254
    endloop
  endfacet
  facet normal 0.532038439 -0 0.846720201
    outer loop
      vertex 4.960235 0.025 -62.852254
      vertex 4.960235 1.83 -62.852254
      vertex 4.675826 0.025 -62.673545
    endloop
  endfacet
  facet normal 0.532038439 -0 0.846720201
    outer loop
      vertex 4.675826 0.025 -62.673545
      vertex 4.960235 1.83 -62.852254
      vertex 4.675826 1.83 -62.673545
    endloop
  endfacet
  facet normal 0.33027152 -0 0.943885969
    outer loop
      vertex 4.675826 0.025 -62.673545
      vertex 4.675826 1.83 -62.673545
      vertex 4.358781 0.025 -62.562609
    endloop
  endfacet
  facet normal 0.33027152 -0 0.943885969
    outer loop
      vertex 4.358781 0.025 -62.562609
      vertex 4.675826 1.83 -62.673545
      vertex 4.358781 1.83 -62.562609
    endloop
  endfacet
  facet normal 0.111964222 -0 0.993712239
    outer loop
      vertex 4.358781 0.025 -62.562609
      vertex 4.358781 1.83 -62.562609
      vertex 4.025 0.025 -62.525001
    endloop
  endfacet
  facet normal 0.111964222 -0 0.993712239
    outer loop
      vertex 4.025 0.025 -62.525001
      vertex 4.358781 1.83 -62.562609
      vertex 4.025 1.83 -62.525001
    endloop
  endfacet
  facet normal -0.11196389 0 0.993712276
    outer loop
      vertex 4.025 0.025 -62.525001
      vertex 4.025 1.83 -62.525001
      vertex 3.691218 0.025 -62.562609
    endloop
  endfacet
  facet normal -0.11196389 0 0.993712276
    outer loop
      vertex 3.691218 0.025 -62.562609
      vertex 4.025 1.83 -62.525001
      vertex 3.691218 1.83 -62.562609
    endloop
  endfacet
  facet normal -0.330273376 0 0.94388532
    outer loop
      vertex 3.691218 0.025 -62.562609
      vertex 3.691218 1.83 -62.562609
      vertex 3.374175 0.025 -62.673545
    endloop
  endfacet
  facet normal -0.330273376 0 0.94388532
    outer loop
      vertex 3.374175 0.025 -62.673545
      vertex 3.691218 1.83 -62.562609
      vertex 3.374175 1.83 -62.673545
    endloop
  endfacet
  facet normal -0.532037098 0 0.846721044
    outer loop
      vertex 3.374175 0.025 -62.673545
      vertex 3.374175 1.83 -62.673545
      vertex 3.089765 0.025 -62.852254
    endloop
  endfacet
  facet normal -0.532037098 0 0.846721044
    outer loop
      vertex 3.089765 0.025 -62.852254
      vertex 3.374175 1.83 -62.673545
      vertex 3.089765 1.83 -62.852254
    endloop
  endfacet
  facet normal -0.70710827 0 0.707105293
    outer loop
      vertex 3.089765 0.025 -62.852254
      vertex 3.089765 1.83 -62.852254
      vertex 2.852253 0.025 -63.089767
    endloop
  endfacet
  facet normal -0.70710827 0 0.707105293
    outer loop
      vertex 2.852253 0.025 -63.089767
      vertex 3.089765 1.83 -62.852254
      vertex 2.852253 1.83 -63.089767
    endloop
  endfacet
  facet normal -0.846724225 0 0.532032036
    outer loop
      vertex 2.852253 0.025 -63.089767
      vertex 2.852253 1.83 -63.089767
      vertex 2.673547 0.025 -63.374176
    endloop
  endfacet
  facet normal -0.846724225 0 0.532032036
    outer loop
      vertex 2.673547 0.025 -63.374176
      vertex 2.852253 1.83 -63.089767
      vertex 2.673547 1.83 -63.374176
    endloop
  endfacet
  facet normal -0.94388286 0 0.330280405
    outer loop
      vertex 2.673547 0.025 -63.374176
      vertex 2.673547 1.83 -63.374176
      vertex 2.562608 0.025 -63.69122
    endloop
  endfacet
  facet normal -0.94388286 0 0.330280405
    outer loop
      vertex 2.562608 0.025 -63.69122
      vertex 2.673547 1.83 -63.374176
      vertex 2.562608 1.83 -63.69122
    endloop
  endfacet
  facet normal -0.993712276 0 0.11196389
    outer loop
      vertex 2.562608 0.025 -63.69122
      vertex 2.562608 1.83 -63.69122
      vertex 2.525 0.025 -64.025002
    endloop
  endfacet
  facet normal -0.993712276 0 0.11196389
    outer loop
      vertex 2.525 0.025 -64.025002
      vertex 2.562608 1.83 -63.69122
      vertex 2.525 1.83 -64.025002
    endloop
  endfacet
  facet normal -0.993712239 0 -0.111964222
    outer loop
      vertex 2.525 0.025 -64.025002
      vertex 2.525 1.83 -64.025002
      vertex 2.562608 0.025 -64.358783
    endloop
  endfacet
  facet normal -0.993712239 0 -0.111964222
    outer loop
      vertex 2.562608 0.025 -64.358783
      vertex 2.525 1.83 -64.025002
      vertex 2.562608 1.83 -64.358783
    endloop
  endfacet
  facet normal -0.94388286 0 -0.330280405
    outer loop
      vertex 2.562608 0.025 -64.358783
      vertex 2.562608 1.83 -64.358783
      vertex 2.673547 0.025 -64.675827
    endloop
  endfacet
  facet normal -0.94388286 0 -0.330280405
    outer loop
      vertex 2.673547 0.025 -64.675827
      vertex 2.562608 1.83 -64.358783
      vertex 2.673547 1.83 -64.675827
    endloop
  endfacet
  facet normal -0.846725067 0 -0.532030695
    outer loop
      vertex 2.673547 0.025 -64.675827
      vertex 2.673547 1.83 -64.675827
      vertex 2.852253 0.025 -64.960237
    endloop
  endfacet
  facet normal -0.846725067 0 -0.532030695
    outer loop
      vertex 2.852253 0.025 -64.960237
      vertex 2.673547 1.83 -64.675827
      vertex 2.852253 1.83 -64.960237
    endloop
  endfacet
  facet normal -0.707106781 0 -0.707106781
    outer loop
      vertex 2.852253 0.025 -64.960237
      vertex 2.852253 1.83 -64.960237
      vertex 3.089765 0.025 -65.197749
    endloop
  endfacet
  facet normal -0.707106781 0 -0.707106781
    outer loop
      vertex 3.089765 0.025 -65.197749
      vertex 2.852253 1.83 -64.960237
      vertex 3.089765 1.83 -65.197749
    endloop
  endfacet
  facet normal -0.532026426 0 -0.84672775
    outer loop
      vertex 3.089765 0.025 -65.197749
      vertex 3.089765 1.83 -65.197749
      vertex 3.374175 0.025 -65.376453
    endloop
  endfacet
  facet normal -0.532026426 0 -0.84672775
    outer loop
      vertex 3.374175 0.025 -65.376453
      vertex 3.089765 1.83 -65.197749
      vertex 3.374175 1.83 -65.376453
    endloop
  endfacet
  facet normal -0.330276028 0 -0.943884392
    outer loop
      vertex 3.374175 0.025 -65.376453
      vertex 3.374175 1.83 -65.376453
      vertex 3.691218 0.025 -65.48739
    endloop
  endfacet
  facet normal -0.330276028 0 -0.943884392
    outer loop
      vertex 3.691218 0.025 -65.48739
      vertex 3.374175 1.83 -65.376453
      vertex 3.691218 1.83 -65.48739
    endloop
  endfacet
  facet normal -0 -1 0
    outer loop
      vertex 4.358781 0.025 -73.487391
      vertex 4.358781 0.025 -70.562606
      vertex 4.025 0.025 -73.525
    endloop
  endfacet
  facet normal 0 -1 0
    outer loop
      vertex 4.025 0.025 -73.525
      vertex 4.358781 0.025 -70.562606
      vertex 4.025 0.025 -70.524998
    endloop
  endfacet
  facet normal 0 -1 0
    outer loop
      vertex 4.025 0.025 -73.525
      vertex 4.025 0.025 -70.524998
      vertex 3.691218 0.025 -73.487391
    endloop
  endfacet
  facet normal 0 -1 0
    outer loop
      vertex 3.691218 0.025 -73.487391
      vertex 4.025 0.025 -70.524998
      vertex 3.691218 0.025 -70.562606
    endloop
  endfacet
  facet normal 0 -1 0
    outer loop
      vertex 3.691218 0.025 -73.487391
      vertex 3.691218 0.025 -70.562606
      vertex 3.374175 0.025 -73.376455
    endloop
  endfacet
  facet normal 0 -1 0
    outer loop
      vertex 3.374175 0.025 -73.376455
      vertex 3.691218 0.025 -70.562606
      vertex 3.374175 0.025 -70.673547
    endloop
  endfacet
  facet normal 0 -1 0
    outer loop
      vertex 3.374175 0.025 -73.376455
      vertex 3.374175 0.025 -70.673547
      vertex 3.089765 0.025 -73.197746
    endloop
  endfacet
  facet normal 0 -1 0
    outer loop
      vertex 3.089765 0.025 -73.197746
      vertex 3.374175 0.025 -70.673547
      vertex 3.089765 0.025 -70.852251
    endloop
  endfacet
  facet normal 0 -1 0
    outer loop
      vertex 3.089765 0.025 -73.197746
      vertex 3.089765 0.025 -70.852251
      vertex 2.852253 0.025 -72.960234
    endloop
  endfacet
  facet normal 0 -1 0
    outer loop
      vertex 2.852253 0.025 -72.960234
      vertex 3.089765 0.025 -70.852251
      vertex 2.852253 0.025 -71.089764
    endloop
  endfacet
  facet normal 0 -1 0
    outer loop
      vertex 2.852253 0.025 -72.960234
      vertex 2.852253 0.025 -71.089764
      vertex 2.673547 0.025 -72.675824
    endloop
  endfacet
  facet normal 0 -1 0
    outer loop
      vertex 2.673547 0.025 -72.675824
      vertex 2.852253 0.025 -71.089764
      vertex 2.673547 0.025 -71.374173
    endloop
  endfacet
  facet normal 0 -1 0
    outer loop
      vertex 2.673547 0.025 -72.675824
      vertex 2.673547 0.025 -71.374173
      vertex 2.562608 0.025 -72.35878
    endloop
  endfacet
  facet normal 0 -1 0
    outer loop
      vertex 2.562608 0.025 -72.35878
      vertex 2.673547 0.025 -71.374173
      vertex 2.562608 0.025 -71.691217
    endloop
  endfacet
  facet normal 0 -1 0
    outer loop
      vertex 2.562608 0.025 -72.35878
      vertex 2.562608 0.025 -71.691217
      vertex 2.525 0.025 -72.024999
    endloop
  endfacet
  facet normal 0 -1 0
    outer loop
      vertex 4.358781 0.025 -70.562606
      vertex 4.358781 0.025 -73.487391
      vertex 4.675826 0.025 -70.673547
    endloop
  endfacet
  facet normal 0 -1 -0
    outer loop
      vertex 4.675826 0.025 -70.673547
      vertex 4.358781 0.025 -73.487391
      vertex 4.675826 0.025 -73.376455
    endloop
  endfacet
  facet normal 0 -1 0
    outer loop
      vertex 4.675826 0.025 -70.673547
      vertex 4.675826 0.025 -73.376455
      vertex 4.960235 0.025 -70.852251
    endloop
  endfacet
  facet normal 0 -1 -0
    outer loop
      vertex 4.960235 0.025 -70.852251
      vertex 4.675826 0.025 -73.376455
      vertex 4.960235 0.025 -73.197746
    endloop
  endfacet
  facet normal 0 -1 0
    outer loop
      vertex 4.960235 0.025 -70.852251
      vertex 4.960235 0.025 -73.197746
      vertex 5.197747 0.025 -71.089764
    endloop
  endfacet
  facet normal 0 -1 -0
    outer loop
      vertex 5.197747 0.025 -71.089764
      vertex 4.960235 0.025 -73.197746
      vertex 5.197747 0.025 -72.960234
    endloop
  endfacet
  facet normal 0 -1 0
    outer loop
      vertex 5.197747 0.025 -71.089764
      vertex 5.197747 0.025 -72.960234
      vertex 5.376453 0.025 -71.374173
    endloop
  endfacet
  facet normal 0 -1 -0
    outer loop
      vertex 5.376453 0.025 -71.374173
      vertex 5.197747 0.025 -72.960234
      vertex 5.376453 0.025 -72.675824
    endloop
  endfacet
  facet normal 0 -1 0
    outer loop
      vertex 5.376453 0.025 -71.374173
      vertex 5.376453 0.025 -72.675824
      vertex 5.487392 0.025 -71.691217
    endloop
  endfacet
  facet normal 0 -1 -0
    outer loop
      vertex 5.487392 0.025 -71.691217
      vertex 5.376453 0.025 -72.675824
      vertex 5.487392 0.025 -72.35878
    endloop
  endfacet
  facet normal 0 -1 0
    outer loop
      vertex 5.487392 0.025 -71.691217
      vertex 5.487392 0.025 -72.35878
      vertex 5.525 0.025 -72.024999
    endloop
  endfacet
  facet normal -0.0980159423 0 0.995184845
    outer loop
      vertex 3.609819 5.08 -10.038429
      vertex 3.609819 3.33 -10.038429
      vertex 4 5.08 -10
    endloop
  endfacet
  facet normal -0.0980159423 0 0.995184845
    outer loop
      vertex 4 5.08 -10
      vertex 3.609819 3.33 -10.038429
      vertex 4 3.33 -10
    endloop
  endfacet
  facet normal 0.0980159423 0 0.995184845
    outer loop
      vertex 4 5.08 -10
      vertex 4 3.33 -10
      vertex 4.390181 5.08 -10.038429
    endloop
  endfacet
  facet normal 0.0980159423 0 0.995184845
    outer loop
      vertex 4.390181 5.08 -10.038429
      vertex 4 3.33 -10
      vertex 4.390181 3.33 -10.038429
    endloop
  endfacet
  facet normal 0.290286011 0 0.956939931
    outer loop
      vertex 4.390181 5.08 -10.038429
      vertex 4.390181 3.33 -10.038429
      vertex 4.765367 5.08 -10.152241
    endloop
  endfacet
  facet normal 0.290286011 0 0.956939931
    outer loop
      vertex 4.765367 5.08 -10.152241
      vertex 4.390181 3.33 -10.038429
      vertex 4.765367 3.33 -10.152241
    endloop
  endfacet
  facet normal 0.471396631 0 0.881921321
    outer loop
      vertex 4.765367 5.08 -10.152241
      vertex 4.765367 3.33 -10.152241
      vertex 5.111141 5.08 -10.337061
    endloop
  endfacet
  facet normal 0.471396631 0 0.881921321
    outer loop
      vertex 5.111141 5.08 -10.337061
      vertex 4.765367 3.33 -10.152241
      vertex 5.111141 3.33 -10.337061
    endloop
  endfacet
  facet normal 0.634392395 0 0.773011183
    outer loop
      vertex 5.111141 5.08 -10.337061
      vertex 5.111141 3.33 -10.337061
      vertex 5.414214 5.08 -10.585786
    endloop
  endfacet
  facet normal 0.634392395 0 0.773011183
    outer loop
      vertex 5.414214 5.08 -10.585786
      vertex 5.111141 3.33 -10.337061
      vertex 5.414214 3.33 -10.585786
    endloop
  endfacet
  facet normal 0.773011183 0 0.634392395
    outer loop
      vertex 5.414214 5.08 -10.585786
      vertex 5.414214 3.33 -10.585786
      vertex 5.662939 5.08 -10.888859
    endloop
  endfacet
  facet normal 0.773011183 0 0.634392395
    outer loop
      vertex 5.662939 5.08 -10.888859
      vertex 5.414214 3.33 -10.585786
      vertex 5.662939 3.33 -10.888859
    endloop
  endfacet
  facet normal 0.881921321 0 0.471396631
    outer loop
      vertex 5.662939 5.08 -10.888859
      vertex 5.662939 3.33 -10.888859
      vertex 5.847759 5.08 -11.234633
    endloop
  endfacet
  facet normal 0.881921321 0 0.471396631
    outer loop
      vertex 5.847759 5.08 -11.234633
      vertex 5.662939 3.33 -10.888859
      vertex 5.847759 3.33 -11.234633
    endloop
  endfacet
  facet normal 0.956939931 0 0.290286011
    outer loop
      vertex 5.847759 5.08 -11.234633
      vertex 5.847759 3.33 -11.234633
      vertex 5.961571 5.08 -11.609819
    endloop
  endfacet
  facet normal 0.956939931 0 0.290286011
    outer loop
      vertex 5.961571 5.08 -11.609819
      vertex 5.847759 3.33 -11.234633
      vertex 5.961571 3.33 -11.609819
    endloop
  endfacet
  facet normal 0.995184845 0 0.0980159423
    outer loop
      vertex 5.961571 5.08 -11.609819
      vertex 5.961571 3.33 -11.609819
      vertex 6 5.08 -12
    endloop
  endfacet
  facet normal 0.995184845 0 0.0980159423
    outer loop
      vertex 6 5.08 -12
      vertex 5.961571 3.33 -11.609819
      vertex 6 3.33 -12
    endloop
  endfacet
  facet normal 0.995184845 0 -0.0980159423
    outer loop
      vertex 6 5.08 -12
      vertex 6 3.33 -12
      vertex 5.961571 5.08 -12.390181
    endloop
  endfacet
  facet normal 0.995184845 0 -0.0980159423
    outer loop
      vertex 5.961571 5.08 -12.390181
      vertex 6 3.33 -12
      vertex 5.961571 3.33 -12.390181
    endloop
  endfacet
  facet normal 0.956939931 0 -0.290286011
    outer loop
      vertex 5.961571 5.08 -12.390181
      vertex 5.961571 3.33 -12.390181
      vertex 5.847759 5.08 -12.765367
    endloop
  endfacet
  facet normal 0.956939931 0 -0.290286011
    outer loop
      vertex 5.847759 5.08 -12.765367
      vertex 5.961571 3.33 -12.390181
      vertex 5.847759 3.33 -12.765367
    endloop
  endfacet
  facet normal 0.881921321 0 -0.471396631
    outer loop
      vertex 5.847759 5.08 -12.765367
      vertex 5.847759 3.33 -12.765367
      vertex 5.662939 5.08 -13.111141
    endloop
  endfacet
  facet normal 0.881921321 0 -0.471396631
    outer loop
      vertex 5.662939 5.08 -13.111141
      vertex 5.847759 3.33 -12.765367
      vertex 5.662939 3.33 -13.111141
    endloop
  endfacet
  facet normal 0.773011183 0 -0.634392395
    outer loop
      vertex 5.662939 5.08 -13.111141
      vertex 5.662939 3.33 -13.111141
      vertex 5.414214 5.08 -13.414214
    endloop
  endfacet
  facet normal 0.773011183 0 -0.634392395
    outer loop
      vertex 5.414214 5.08 -13.414214
      vertex 5.662939 3.33 -13.111141
      vertex 5.414214 3.33 -13.414214
    endloop
  endfacet
  facet normal 0.634392395 0 -0.773011183
    outer loop
      vertex 5.414214 5.08 -13.414214
      vertex 5.414214 3.33 -13.414214
      vertex 5.111141 5.08 -13.662939
    endloop
  endfacet
  facet normal 0.634392395 0 -0.773011183
    outer loop
      vertex 5.111141 5.08 -13.662939
      vertex 5.414214 3.33 -13.414214
      vertex 5.111141 3.33 -13.662939
    endloop
  endfacet
  facet normal 0.471396631 0 -0.881921321
    outer loop
      vertex 5.111141 5.08 -13.662939
      vertex 5.111141 3.33 -13.662939
      vertex 4.765367 5.08 -13.847759
    endloop
  endfacet
  facet normal 0.471396631 0 -0.881921321
    outer loop
      vertex 4.765367 5.08 -13.847759
      vertex 5.111141 3.33 -13.662939
      vertex 4.765367 3.33 -13.847759
    endloop
  endfacet
  facet normal 0.290283676 0 -0.95694064
    outer loop
      vertex 4.765367 5.08 -13.847759
      vertex 4.765367 3.33 -13.847759
      vertex 4.390181 5.08 -13.96157
    endloop
  endfacet
  facet normal 0.290283676 0 -0.95694064
    outer loop
      vertex 4.390181 5.08 -13.96157
      vertex 4.765367 3.33 -13.847759
      vertex 4.390181 3.33 -13.96157
    endloop
  endfacet
  facet normal 0.0980184684 0 -0.995184596
    outer loop
      vertex 4.390181 5.08 -13.96157
      vertex 4.390181 3.33 -13.96157
      vertex 4 5.08 -14
    endloop
  endfacet
  facet normal 0.0980184684 0 -0.995184596
    outer loop
      vertex 4 5.08 -14
      vertex 4.390181 3.33 -13.96157
      vertex 4 3.33 -14
    endloop
  endfacet
  facet normal -0.0980184684 -0 -0.995184596
    outer loop
      vertex 4 5.08 -14
      vertex 4 3.33 -14
      vertex 3.609819 5.08 -13.96157
    endloop
  endfacet
  facet normal -0.0980184684 -0 -0.995184596
    outer loop
      vertex 3.609819 5.08 -13.96157
      vertex 4 3.33 -14
      vertex 3.609819 3.33 -13.96157
    endloop
  endfacet
  facet normal -0.290283676 -0 -0.95694064
    outer loop
      vertex 3.609819 5.08 -13.96157
      vertex 3.609819 3.33 -13.96157
      vertex 3.234633 5.08 -13.847759
    endloop
  endfacet
  facet normal -0.290283676 -0 -0.95694064
    outer loop
      vertex 3.234633 5.08 -13.847759
      vertex 3.609819 3.33 -13.96157
      vertex 3.234633 3.33 -13.847759
    endloop
  endfacet
  facet normal -0.471397691 -0 -0.881920754
    outer loop
      vertex 3.234633 5.08 -13.847759
      vertex 3.234633 3.33 -13.847759
      vertex 2.88886 5.08 -13.662939
    endloop
  endfacet
  facet normal -0.471397691 -0 -0.881920754
    outer loop
      vertex 2.88886 5.08 -13.662939
      vertex 3.234633 3.33 -13.847759
      vertex 2.88886 3.33 -13.662939
    endloop
  endfacet
  facet normal -0.634392395 -0 -0.773011183
    outer loop
      vertex 2.88886 5.08 -13.662939
      vertex 2.88886 3.33 -13.662939
      vertex 2.585787 5.08 -13.414214
    endloop
  endfacet
  facet normal -0.634392395 -0 -0.773011183
    outer loop
      vertex 2.585787 5.08 -13.414214
      vertex 2.88886 3.33 -13.662939
      vertex 2.585787 3.33 -13.414214
    endloop
  endfacet
  facet normal -0.773009932 -0 -0.634393919
    outer loop
      vertex 2.585787 5.08 -13.414214
      vertex 2.585787 3.33 -13.414214
      vertex 2.337061 5.08 -13.111141
    endloop
  endfacet
  facet normal -0.773009932 -0 -0.634393919
    outer loop
      vertex 2.337061 5.08 -13.111141
      vertex 2.585787 3.33 -13.414214
      vertex 2.337061 3.33 -13.111141
    endloop
  endfacet
  facet normal -0.881921321 -0 -0.471396631
    outer loop
      vertex 2.337061 5.08 -13.111141
      vertex 2.337061 3.33 -13.111141
      vertex 2.152241 5.08 -12.765367
    endloop
  endfacet
  facet normal -0.881921321 -0 -0.471396631
    outer loop
      vertex 2.152241 5.08 -12.765367
      vertex 2.337061 3.33 -13.111141
      vertex 2.152241 3.33 -12.765367
    endloop
  endfacet
  facet normal -0.956939931 -0 -0.290286011
    outer loop
      vertex 2.152241 5.08 -12.765367
      vertex 2.152241 3.33 -12.765367
      vertex 2.038429 5.08 -12.390181
    endloop
  endfacet
  facet normal -0.956939931 -0 -0.290286011
    outer loop
      vertex 2.038429 5.08 -12.390181
      vertex 2.152241 3.33 -12.765367
      vertex 2.038429 3.33 -12.390181
    endloop
  endfacet
  facet normal -0.995184845 -0 -0.0980159423
    outer loop
      vertex 2.038429 5.08 -12.390181
      vertex 2.038429 3.33 -12.390181
      vertex 2 5.08 -12
    endloop
  endfacet
  facet normal -0.995184845 -0 -0.0980159423
    outer loop
      vertex 2 5.08 -12
      vertex 2.038429 3.33 -12.390181
      vertex 2 3.33 -12
    endloop
  endfacet
  facet normal -0.995184845 0 0.0980159423
    outer loop
      vertex 2 5.08 -12
      vertex 2 3.33 -12
      vertex 2.038429 5.08 -11.609819
    endloop
  endfacet
  facet normal -0.995184845 0 0.0980159423
    outer loop
      vertex 2.038429 5.08 -11.609819
      vertex 2 3.33 -12
      vertex 2.038429 3.33 -11.609819
    endloop
  endfacet
  facet normal -0.956939931 0 0.290286011
    outer loop
      vertex 2.038429 5.08 -11.609819
      vertex 2.038429 3.33 -11.609819
      vertex 2.152241 5.08 -11.234633
    endloop
  endfacet
  facet normal -0.956939931 0 0.290286011
    outer loop
      vertex 2.152241 5.08 -11.234633
      vertex 2.038429 3.33 -11.609819
      vertex 2.152241 3.33 -11.234633
    endloop
  endfacet
  facet normal -0.881921321 0 0.471396631
    outer loop
      vertex 2.152241 5.08 -11.234633
      vertex 2.152241 3.33 -11.234633
      vertex 2.337061 5.08 -10.888859
    endloop
  endfacet
  facet normal -0.881921321 0 0.471396631
    outer loop
      vertex 2.337061 5.08 -10.888859
      vertex 2.152241 3.33 -11.234633
      vertex 2.337061 3.33 -10.888859
    endloop
  endfacet
  facet normal -0.773009932 0 0.634393919
    outer loop
      vertex 2.337061 5.08 -10.888859
      vertex 2.337061 3.33 -10.888859
      vertex 2.585787 5.08 -10.585786
    endloop
  endfacet
  facet normal -0.773009932 0 0.634393919
    outer loop
      vertex 2.585787 5.08 -10.585786
      vertex 2.337061 3.33 -10.888859
      vertex 2.585787 3.33 -10.585786
    endloop
  endfacet
  facet normal -0.634392395 0 0.773011183
    outer loop
      vertex 2.585787 5.08 -10.585786
      vertex 2.585787 3.33 -10.585786
      vertex 2.88886 5.08 -10.337061
    endloop
  endfacet
  facet normal -0.634392395 0 0.773011183
    outer loop
      vertex 2.88886 5.08 -10.337061
      vertex 2.585787 3.33 -10.585786
      vertex 2.88886 3.33 -10.337061
    endloop
  endfacet
  facet normal -0.471397691 0 0.881920754
    outer loop
      vertex 2.88886 5.08 -10.337061
      vertex 2.88886 3.33 -10.337061
      vertex 3.234633 5.08 -10.152241
    endloop
  endfacet
  facet normal -0.471397691 0 0.881920754
    outer loop
      vertex 3.234633 5.08 -10.152241
      vertex 2.88886 3.33 -10.337061
      vertex 3.234633 3.33 -10.152241
    endloop
  endfacet
  facet normal -0.290286011 0 0.956939931
    outer loop
      vertex 3.234633 5.08 -10.152241
      vertex 3.234633 3.33 -10.152241
      vertex 3.609819 5.08 -10.038429
    endloop
  endfacet
  facet normal -0.290286011 0 0.956939931
    outer loop
      vertex 3.609819 5.08 -10.038429
      vertex 3.234633 3.33 -10.152241
      vertex 3.609819 3.33 -10.038429
    endloop
  endfacet
  facet normal -0.11196389 0 -0.993712276
    outer loop
      vertex 3.691218 0.025 -9.487392
      vertex 3.691218 1.83 -9.487392
      vertex 4.025 0.025 -9.525
    endloop
  endfacet
  facet normal -0.11196389 0 -0.993712276
    outer loop
      vertex 4.025 0.025 -9.525
      vertex 3.691218 1.83 -9.487392
      vertex 4.025 1.83 -9.525
    endloop
  endfacet
  facet normal 0.111964222 0 -0.993712239
    outer loop
      vertex 4.025 0.025 -9.525
      vertex 4.025 1.83 -9.525
      vertex 4.358781 0.025 -9.487392
    endloop
  endfacet
  facet normal 0.111964222 0 -0.993712239
    outer loop
      vertex 4.358781 0.025 -9.487392
      vertex 4.025 1.83 -9.525
      vertex 4.358781 1.83 -9.487392
    endloop
  endfacet
  facet normal 0.330279477 0 -0.943883185
    outer loop
      vertex 4.358781 0.025 -9.487392
      vertex 4.358781 1.83 -9.487392
      vertex 4.675826 0.025 -9.376453
    endloop
  endfacet
  facet normal 0.330279477 0 -0.943883185
    outer loop
      vertex 4.675826 0.025 -9.376453
      vertex 4.358781 1.83 -9.487392
      vertex 4.675826 1.83 -9.376453
    endloop
  endfacet
  facet normal 0.532032036 0 -0.846724225
    outer loop
      vertex 4.675826 0.025 -9.376453
      vertex 4.675826 1.83 -9.376453
      vertex 4.960235 0.025 -9.197747
    endloop
  endfacet
  facet normal 0.532032036 0 -0.846724225
    outer loop
      vertex 4.960235 0.025 -9.197747
      vertex 4.675826 1.83 -9.376453
      vertex 4.960235 1.83 -9.197747
    endloop
  endfacet
  facet normal 0.707106781 0 -0.707106781
    outer loop
      vertex 4.960235 0.025 -9.197747
      vertex 4.960235 1.83 -9.197747
      vertex 5.197747 0.025 -8.960235
    endloop
  endfacet
  facet normal 0.707106781 0 -0.707106781
    outer loop
      vertex 5.197747 0.025 -8.960235
      vertex 4.960235 1.83 -9.197747
      vertex 5.197747 1.83 -8.960235
    endloop
  endfacet
  facet normal 0.846724225 0 -0.532032036
    outer loop
      vertex 5.197747 0.025 -8.960235
      vertex 5.197747 1.83 -8.960235
      vertex 5.376453 0.025 -8.675826
    endloop
  endfacet
  facet normal 0.846724225 0 -0.532032036
    outer loop
      vertex 5.376453 0.025 -8.675826
      vertex 5.197747 1.83 -8.960235
      vertex 5.376453 1.83 -8.675826
    endloop
  endfacet
  facet normal 0.943883185 0 -0.330279477
    outer loop
      vertex 5.376453 0.025 -8.675826
      vertex 5.376453 1.83 -8.675826
      vertex 5.487392 0.025 -8.358781
    endloop
  endfacet
  facet normal 0.943883185 0 -0.330279477
    outer loop
      vertex 5.487392 0.025 -8.358781
      vertex 5.376453 1.83 -8.675826
      vertex 5.487392 1.83 -8.358781
    endloop
  endfacet
  facet normal 0.993712239 0 -0.111964222
    outer loop
      vertex 5.487392 0.025 -8.358781
      vertex 5.487392 1.83 -8.358781
      vertex 5.525 0.025 -8.025
    endloop
  endfacet
  facet normal 0.993712239 0 -0.111964222
    outer loop
      vertex 5.525 0.025 -8.025
      vertex 5.487392 1.83 -8.358781
      vertex 5.525 1.83 -8.025
    endloop
  endfacet
  facet normal 0.993712239 -0 0.111964222
    outer loop
      vertex 5.525 0.025 -8.025
      vertex 5.525 1.83 -8.025
      vertex 5.487392 0.025 -7.691219
    endloop
  endfacet
  facet normal 0.993712239 -0 0.111964222
    outer loop
      vertex 5.487392 0.025 -7.691219
      vertex 5.525 1.83 -8.025
      vertex 5.487392 1.83 -7.691219
    endloop
  endfacet
  facet normal 0.94388286 -0 0.330280405
    outer loop
      vertex 5.487392 0.025 -7.691219
      vertex 5.487392 1.83 -7.691219
      vertex 5.376453 0.025 -7.374175
    endloop
  endfacet
  facet normal 0.94388286 -0 0.330280405
    outer loop
      vertex 5.376453 0.025 -7.374175
      vertex 5.487392 1.83 -7.691219
      vertex 5.376453 1.83 -7.374175
    endloop
  endfacet
  facet normal 0.846725067 -0 0.532030695
    outer loop
      vertex 5.376453 0.025 -7.374175
      vertex 5.376453 1.83 -7.374175
      vertex 5.197747 0.025 -7.089765
    endloop
  endfacet
  facet normal 0.846725067 -0 0.532030695
    outer loop
      vertex 5.197747 0.025 -7.089765
      vertex 5.376453 1.83 -7.374175
      vertex 5.197747 1.83 -7.089765
    endloop
  endfacet
  facet normal 0.70710827 -0 0.707105293
    outer loop
      vertex 5.197747 0.025 -7.089765
      vertex 5.197747 1.83 -7.089765
      vertex 4.960235 0.025 -6.852252
    endloop
  endfacet
  facet normal 0.70710827 -0 0.707105293
    outer loop
      vertex 4.960235 0.025 -6.852252
      vertex 5.197747 1.83 -7.089765
      vertex 4.960235 1.83 -6.852252
    endloop
  endfacet
  facet normal 0.532032036 -0 0.846724225
    outer loop
      vertex 4.960235 0.025 -6.852252
      vertex 4.960235 1.83 -6.852252
      vertex 4.675826 0.025 -6.673546
    endloop
  endfacet
  facet normal 0.532032036 -0 0.846724225
    outer loop
      vertex 4.675826 0.025 -6.673546
      vertex 4.960235 1.83 -6.852252
      vertex 4.675826 1.83 -6.673546
    endloop
  endfacet
  facet normal 0.330276824 -0 0.943884113
    outer loop
      vertex 4.675826 0.025 -6.673546
      vertex 4.675826 1.83 -6.673546
      vertex 4.358781 0.025 -6.562608
    endloop
  endfacet
  facet normal 0.330276824 -0 0.943884113
    outer loop
      vertex 4.358781 0.025 -6.562608
      vertex 4.675826 1.83 -6.673546
      vertex 4.358781 1.83 -6.562608
    endloop
  endfacet
  facet normal 0.111964222 -0 0.993712239
    outer loop
      vertex 4.358781 0.025 -6.562608
      vertex 4.358781 1.83 -6.562608
      vertex 4.025 0.025 -6.525
    endloop
  endfacet
  facet normal 0.111964222 -0 0.993712239
    outer loop
      vertex 4.025 0.025 -6.525
      vertex 4.358781 1.83 -6.562608
      vertex 4.025 1.83 -6.525
    endloop
  endfacet
  facet normal -0.11196389 0 0.993712276
    outer loop
      vertex 4.025 0.025 -6.525
      vertex 4.025 1.83 -6.525
      vertex 3.691218 0.025 -6.562608
    endloop
  endfacet
  facet normal -0.11196389 0 0.993712276
    outer loop
      vertex 3.691218 0.025 -6.562608
      vertex 4.025 1.83 -6.525
      vertex 3.691218 1.83 -6.562608
    endloop
  endfacet
  facet normal -0.330278681 0 0.943883464
    outer loop
      vertex 3.691218 0.025 -6.562608
      vertex 3.691218 1.83 -6.562608
      vertex 3.374175 0.025 -6.673546
    endloop
  endfacet
  facet normal -0.330278681 0 0.943883464
    outer loop
      vertex 3.374175 0.025 -6.673546
      vertex 3.691218 1.83 -6.562608
      vertex 3.374175 1.83 -6.673546
    endloop
  endfacet
  facet normal -0.532030695 0 0.846725067
    outer loop
      vertex 3.374175 0.025 -6.673546
      vertex 3.374175 1.83 -6.673546
      vertex 3.089765 0.025 -6.852252
    endloop
  endfacet
  facet normal -0.532030695 0 0.846725067
    outer loop
      vertex 3.089765 0.025 -6.852252
      vertex 3.374175 1.83 -6.673546
      vertex 3.089765 1.83 -6.852252
    endloop
  endfacet
  facet normal -0.70710827 0 0.707105293
    outer loop
      vertex 3.089765 0.025 -6.852252
      vertex 3.089765 1.83 -6.852252
      vertex 2.852253 0.025 -7.089765
    endloop
  endfacet
  facet normal -0.70710827 0 0.707105293
    outer loop
      vertex 2.852253 0.025 -7.089765
      vertex 3.089765 1.83 -6.852252
      vertex 2.852253 1.83 -7.089765
    endloop
  endfacet
  facet normal -0.846725067 0 0.532030695
    outer loop
      vertex 2.852253 0.025 -7.089765
      vertex 2.852253 1.83 -7.089765
      vertex 2.673547 0.025 -7.374175
    endloop
  endfacet
  facet normal -0.846725067 0 0.532030695
    outer loop
      vertex 2.673547 0.025 -7.374175
      vertex 2.852253 1.83 -7.089765
      vertex 2.673547 1.83 -7.374175
    endloop
  endfacet
  facet normal -0.94388286 0 0.330280405
    outer loop
      vertex 2.673547 0.025 -7.374175
      vertex 2.673547 1.83 -7.374175
      vertex 2.562608 0.025 -7.691219
    endloop
  endfacet
  facet normal -0.94388286 0 0.330280405
    outer loop
      vertex 2.562608 0.025 -7.691219
      vertex 2.673547 1.83 -7.374175
      vertex 2.562608 1.83 -7.691219
    endloop
  endfacet
  facet normal -0.993712239 0 0.111964222
    outer loop
      vertex 2.562608 0.025 -7.691219
      vertex 2.562608 1.83 -7.691219
      vertex 2.525 0.025 -8.025
    endloop
  endfacet
  facet normal -0.993712239 0 0.111964222
    outer loop
      vertex 2.525 0.025 -8.025
      vertex 2.562608 1.83 -7.691219
      vertex 2.525 1.83 -8.025
    endloop
  endfacet
  facet normal -0.993712239 0 -0.111964222
    outer loop
      vertex 2.525 0.025 -8.025
      vertex 2.525 1.83 -8.025
      vertex 2.562608 0.025 -8.358781
    endloop
  endfacet
  facet normal -0.993712239 0 -0.111964222
    outer loop
      vertex 2.562608 0.025 -8.358781
      vertex 2.525 1.83 -8.025
      vertex 2.562608 1.83 -8.358781
    endloop
  endfacet
  facet normal -0.943883185 0 -0.330279477
    outer loop
      vertex 2.562608 0.025 -8.358781
      vertex 2.562608 1.83 -8.358781
      vertex 2.673547 0.025 -8.675826
    endloop
  endfacet
  facet normal -0.943883185 0 -0.330279477
    outer loop
      vertex 2.673547 0.025 -8.675826
      vertex 2.562608 1.83 -8.358781
      vertex 2.673547 1.83 -8.675826
    endloop
  endfacet
  facet normal -0.846724225 0 -0.532032036
    outer loop
      vertex 2.673547 0.025 -8.675826
      vertex 2.673547 1.83 -8.675826
      vertex 2.852253 0.025 -8.960235
    endloop
  endfacet
  facet normal -0.846724225 0 -0.532032036
    outer loop
      vertex 2.852253 0.025 -8.960235
      vertex 2.673547 1.83 -8.675826
      vertex 2.852253 1.83 -8.960235
    endloop
  endfacet
  facet normal -0.707106781 0 -0.707106781
    outer loop
      vertex 2.852253 0.025 -8.960235
      vertex 2.852253 1.83 -8.960235
      vertex 3.089765 0.025 -9.197747
    endloop
  endfacet
  facet normal -0.707106781 0 -0.707106781
    outer loop
      vertex 3.089765 0.025 -9.197747
      vertex 2.852253 1.83 -8.960235
      vertex 3.089765 1.83 -9.197747
    endloop
  endfacet
  facet normal -0.532030695 0 -0.846725067
    outer loop
      vertex 3.089765 0.025 -9.197747
      vertex 3.089765 1.83 -9.197747
      vertex 3.374175 0.025 -9.376453
    endloop
  endfacet
  facet normal -0.532030695 0 -0.846725067
    outer loop
      vertex 3.374175 0.025 -9.376453
      vertex 3.089765 1.83 -9.197747
      vertex 3.374175 1.83 -9.376453
    endloop
  endfacet
  facet normal -0.330281333 0 -0.943882536
    outer loop
      vertex 3.374175 0.025 -9.376453
      vertex 3.374175 1.83 -9.376453
      vertex 3.691218 0.025 -9.487392
    endloop
  endfacet
  facet normal -0.330281333 0 -0.943882536
    outer loop
      vertex 3.691218 0.025 -9.487392
      vertex 3.374175 1.83 -9.376453
      vertex 3.691218 1.83 -9.487392
    endloop
  endfacet
  facet normal -0.0980260466 0 0.995183849
    outer loop
      vertex 3.609819 5.08 -42.038431
      vertex 3.609819 3.33 -42.038431
      vertex 4 5.08 -41.999998
    endloop
  endfacet
  facet normal -0.0980260466 0 0.995183849
    outer loop
      vertex 4 5.08 -41.999998
      vertex 3.609819 3.33 -42.038431
      vertex 4 3.33 -41.999998
    endloop
  endfacet
  facet normal 0.0980260466 0 0.995183849
    outer loop
      vertex 4 5.08 -41.999998
      vertex 4 3.33 -41.999998
      vertex 4.390181 5.08 -42.038431
    endloop
  endfacet
  facet normal 0.0980260466 0 0.995183849
    outer loop
      vertex 4.390181 5.08 -42.038431
      vertex 4 3.33 -41.999998
      vertex 4.390181 3.33 -42.038431
    endloop
  endfacet
  facet normal 0.290286011 0 0.956939931
    outer loop
      vertex 4.390181 5.08 -42.038431
      vertex 4.390181 3.33 -42.038431
      vertex 4.765367 5.08 -42.152243
    endloop
  endfacet
  facet normal 0.290286011 0 0.956939931
    outer loop
      vertex 4.765367 5.08 -42.152243
      vertex 4.390181 3.33 -42.038431
      vertex 4.765367 3.33 -42.152243
    endloop
  endfacet
  facet normal 0.471390679 0 0.881924502
    outer loop
      vertex 4.765367 5.08 -42.152243
      vertex 4.765367 3.33 -42.152243
      vertex 5.111141 5.08 -42.33706
    endloop
  endfacet
  facet normal 0.471390679 0 0.881924502
    outer loop
      vertex 5.111141 5.08 -42.33706
      vertex 4.765367 3.33 -42.152243
      vertex 5.111141 3.33 -42.33706
    endloop
  endfacet
  facet normal 0.634396968 0 0.77300743
    outer loop
      vertex 5.111141 5.08 -42.33706
      vertex 5.111141 3.33 -42.33706
      vertex 5.414214 5.08 -42.585788
    endloop
  endfacet
  facet normal 0.634396968 0 0.77300743
    outer loop
      vertex 5.414214 5.08 -42.585788
      vertex 5.111141 3.33 -42.33706
      vertex 5.414214 3.33 -42.585788
    endloop
  endfacet
  facet normal 0.773011183 0 0.634392395
    outer loop
      vertex 5.414214 5.08 -42.585788
      vertex 5.414214 3.33 -42.585788
      vertex 5.662939 5.08 -42.888861
    endloop
  endfacet
  facet normal 0.773011183 0 0.634392395
    outer loop
      vertex 5.662939 5.08 -42.888861
      vertex 5.414214 3.33 -42.585788
      vertex 5.662939 3.33 -42.888861
    endloop
  endfacet
  facet normal 0.881920754 0 0.471397691
    outer loop
      vertex 5.662939 5.08 -42.888861
      vertex 5.662939 3.33 -42.888861
      vertex 5.847759 5.08 -43.234634
    endloop
  endfacet
  facet normal 0.881920754 0 0.471397691
    outer loop
      vertex 5.847759 5.08 -43.234634
      vertex 5.662939 3.33 -42.888861
      vertex 5.847759 3.33 -43.234634
    endloop
  endfacet
  facet normal 0.956939716 0 0.29028672
    outer loop
      vertex 5.847759 5.08 -43.234634
      vertex 5.847759 3.33 -43.234634
      vertex 5.961571 5.08 -43.609819
    endloop
  endfacet
  facet normal 0.956939716 0 0.29028672
    outer loop
      vertex 5.961571 5.08 -43.609819
      vertex 5.847759 3.33 -43.234634
      vertex 5.961571 3.33 -43.609819
    endloop
  endfacet
  facet normal 0.995184869 0 0.0980156935
    outer loop
      vertex 5.961571 5.08 -43.609819
      vertex 5.961571 3.33 -43.609819
      vertex 6 5.08 -44.000001
    endloop
  endfacet
  facet normal 0.995184869 0 0.0980156935
    outer loop
      vertex 6 5.08 -44.000001
      vertex 5.961571 3.33 -43.609819
      vertex 6 3.33 -44.000001
    endloop
  endfacet
  facet normal 0.995184845 0 -0.0980159423
    outer loop
      vertex 6 5.08 -44.000001
      vertex 6 3.33 -44.000001
      vertex 5.961571 5.08 -44.390182
    endloop
  endfacet
  facet normal 0.995184845 0 -0.0980159423
    outer loop
      vertex 5.961571 5.08 -44.390182
      vertex 6 3.33 -44.000001
      vertex 5.961571 3.33 -44.390182
    endloop
  endfacet
  facet normal 0.956939931 0 -0.290286011
    outer loop
      vertex 5.961571 5.08 -44.390182
      vertex 5.961571 3.33 -44.390182
      vertex 5.847759 5.08 -44.765368
    endloop
  endfacet
  facet normal 0.956939931 0 -0.290286011
    outer loop
      vertex 5.847759 5.08 -44.765368
      vertex 5.961571 3.33 -44.390182
      vertex 5.847759 3.33 -44.765368
    endloop
  endfacet
  facet normal 0.881920754 0 -0.471397691
    outer loop
      vertex 5.847759 5.08 -44.765368
      vertex 5.847759 3.33 -44.765368
      vertex 5.662939 5.08 -45.111141
    endloop
  endfacet
  facet normal 0.881920754 0 -0.471397691
    outer loop
      vertex 5.662939 5.08 -45.111141
      vertex 5.847759 3.33 -44.765368
      vertex 5.662939 3.33 -45.111141
    endloop
  endfacet
  facet normal 0.773011183 0 -0.634392395
    outer loop
      vertex 5.662939 5.08 -45.111141
      vertex 5.662939 3.33 -45.111141
      vertex 5.414214 5.08 -45.414214
    endloop
  endfacet
  facet normal 0.773011183 0 -0.634392395
    outer loop
      vertex 5.414214 5.08 -45.414214
      vertex 5.662939 3.33 -45.111141
      vertex 5.414214 3.33 -45.414214
    endloop
  endfacet
  facet normal 0.634389347 0 -0.773013684
    outer loop
      vertex 5.414214 5.08 -45.414214
      vertex 5.414214 3.33 -45.414214
      vertex 5.111141 5.08 -45.662937
    endloop
  endfacet
  facet normal 0.634389347 0 -0.773013684
    outer loop
      vertex 5.111141 5.08 -45.662937
      vertex 5.414214 3.33 -45.414214
      vertex 5.111141 3.33 -45.662937
    endloop
  endfacet
  facet normal 0.471400598 0 -0.8819192
    outer loop
      vertex 5.111141 5.08 -45.662937
      vertex 5.111141 3.33 -45.662937
      vertex 4.765367 5.08 -45.847759
    endloop
  endfacet
  facet normal 0.471400598 0 -0.8819192
    outer loop
      vertex 4.765367 5.08 -45.847759
      vertex 5.111141 3.33 -45.662937
      vertex 4.765367 3.33 -45.847759
    endloop
  endfacet
  facet normal 0.290286011 0 -0.956939931
    outer loop
      vertex 4.765367 5.08 -45.847759
      vertex 4.765367 3.33 -45.847759
      vertex 4.390181 5.08 -45.961571
    endloop
  endfacet
  facet normal 0.290286011 0 -0.956939931
    outer loop
      vertex 4.390181 5.08 -45.961571
      vertex 4.765367 3.33 -45.847759
      vertex 4.390181 3.33 -45.961571
    endloop
  endfacet
  facet normal 0.0980134163 0 -0.995185093
    outer loop
      vertex 4.390181 5.08 -45.961571
      vertex 4.390181 3.33 -45.961571
      vertex 4 5.08 -45.999999
    endloop
  endfacet
  facet normal 0.0980134163 0 -0.995185093
    outer loop
      vertex 4 5.08 -45.999999
      vertex 4.390181 3.33 -45.961571
      vertex 4 3.33 -45.999999
    endloop
  endfacet
  facet normal -0.0980134163 -0 -0.995185093
    outer loop
      vertex 4 5.08 -45.999999
      vertex 4 3.33 -45.999999
      vertex 3.609819 5.08 -45.961571
    endloop
  endfacet
  facet normal -0.0980134163 -0 -0.995185093
    outer loop
      vertex 3.609819 5.08 -45.961571
      vertex 4 3.33 -45.999999
      vertex 3.609819 3.33 -45.961571
    endloop
  endfacet
  facet normal -0.290286011 -0 -0.956939931
    outer loop
      vertex 3.609819 5.08 -45.961571
      vertex 3.609819 3.33 -45.961571
      vertex 3.234633 5.08 -45.847759
    endloop
  endfacet
  facet normal -0.290286011 -0 -0.956939931
    outer loop
      vertex 3.234633 5.08 -45.847759
      vertex 3.609819 3.33 -45.961571
      vertex 3.234633 3.33 -45.847759
    endloop
  endfacet
  facet normal -0.471401659 -0 -0.881918634
    outer loop
      vertex 3.234633 5.08 -45.847759
      vertex 3.234633 3.33 -45.847759
      vertex 2.88886 5.08 -45.662937
    endloop
  endfacet
  facet normal -0.471401659 -0 -0.881918634
    outer loop
      vertex 2.88886 5.08 -45.662937
      vertex 3.234633 3.33 -45.847759
      vertex 2.88886 3.33 -45.662937
    endloop
  endfacet
  facet normal -0.634389347 -0 -0.773013684
    outer loop
      vertex 2.88886 5.08 -45.662937
      vertex 2.88886 3.33 -45.662937
      vertex 2.585787 5.08 -45.414214
    endloop
  endfacet
  facet normal -0.634389347 -0 -0.773013684
    outer loop
      vertex 2.585787 5.08 -45.414214
      vertex 2.88886 3.33 -45.662937
      vertex 2.585787 3.33 -45.414214
    endloop
  endfacet
  facet normal -0.773009932 -0 -0.634393919
    outer loop
      vertex 2.585787 5.08 -45.414214
      vertex 2.585787 3.33 -45.414214
      vertex 2.337061 5.08 -45.111141
    endloop
  endfacet
  facet normal -0.773009932 -0 -0.634393919
    outer loop
      vertex 2.337061 5.08 -45.111141
      vertex 2.585787 3.33 -45.414214
      vertex 2.337061 3.33 -45.111141
    endloop
  endfacet
  facet normal -0.881920754 -0 -0.471397691
    outer loop
      vertex 2.337061 5.08 -45.111141
      vertex 2.337061 3.33 -45.111141
      vertex 2.152241 5.08 -44.765368
    endloop
  endfacet
  facet normal -0.881920754 -0 -0.471397691
    outer loop
      vertex 2.152241 5.08 -44.765368
      vertex 2.337061 3.33 -45.111141
      vertex 2.152241 3.33 -44.765368
    endloop
  endfacet
  facet normal -0.956939931 -0 -0.290286011
    outer loop
      vertex 2.152241 5.08 -44.765368
      vertex 2.152241 3.33 -44.765368
      vertex 2.038429 5.08 -44.390182
    endloop
  endfacet
  facet normal -0.956939931 -0 -0.290286011
    outer loop
      vertex 2.038429 5.08 -44.390182
      vertex 2.152241 3.33 -44.765368
      vertex 2.038429 3.33 -44.390182
    endloop
  endfacet
  facet normal -0.995184845 -0 -0.0980159423
    outer loop
      vertex 2.038429 5.08 -44.390182
      vertex 2.038429 3.33 -44.390182
      vertex 2 5.08 -44.000001
    endloop
  endfacet
  facet normal -0.995184845 -0 -0.0980159423
    outer loop
      vertex 2 5.08 -44.000001
      vertex 2.038429 3.33 -44.390182
      vertex 2 3.33 -44.000001
    endloop
  endfacet
  facet normal -0.995184869 0 0.0980156935
    outer loop
      vertex 2 5.08 -44.000001
      vertex 2 3.33 -44.000001
      vertex 2.038429 5.08 -43.609819
    endloop
  endfacet
  facet normal -0.995184869 0 0.0980156935
    outer loop
      vertex 2.038429 5.08 -43.609819
      vertex 2 3.33 -44.000001
      vertex 2.038429 3.33 -43.609819
    endloop
  endfacet
  facet normal -0.956939716 0 0.29028672
    outer loop
      vertex 2.038429 5.08 -43.609819
      vertex 2.038429 3.33 -43.609819
      vertex 2.152241 5.08 -43.234634
    endloop
  endfacet
  facet normal -0.956939716 0 0.29028672
    outer loop
      vertex 2.152241 5.08 -43.234634
      vertex 2.038429 3.33 -43.609819
      vertex 2.152241 3.33 -43.234634
    endloop
  endfacet
  facet normal -0.881920754 0 0.471397691
    outer loop
      vertex 2.152241 5.08 -43.234634
      vertex 2.152241 3.33 -43.234634
      vertex 2.337061 5.08 -42.888861
    endloop
  endfacet
  facet normal -0.881920754 0 0.471397691
    outer loop
      vertex 2.337061 5.08 -42.888861
      vertex 2.152241 3.33 -43.234634
      vertex 2.337061 3.33 -42.888861
    endloop
  endfacet
  facet normal -0.773009932 0 0.634393919
    outer loop
      vertex 2.337061 5.08 -42.888861
      vertex 2.337061 3.33 -42.888861
      vertex 2.585787 5.08 -42.585788
    endloop
  endfacet
  facet normal -0.773009932 0 0.634393919
    outer loop
      vertex 2.585787 5.08 -42.585788
      vertex 2.337061 3.33 -42.888861
      vertex 2.585787 3.33 -42.585788
    endloop
  endfacet
  facet normal -0.634396968 0 0.77300743
    outer loop
      vertex 2.585787 5.08 -42.585788
      vertex 2.585787 3.33 -42.585788
      vertex 2.88886 5.08 -42.33706
    endloop
  endfacet
  facet normal -0.634396968 0 0.77300743
    outer loop
      vertex 2.88886 5.08 -42.33706
      vertex 2.585787 3.33 -42.585788
      vertex 2.88886 3.33 -42.33706
    endloop
  endfacet
  facet normal -0.47139174 0 0.881923935
    outer loop
      vertex 2.88886 5.08 -42.33706
      vertex 2.88886 3.33 -42.33706
      vertex 3.234633 5.08 -42.152243
    endloop
  endfacet
  facet normal -0.47139174 0 0.881923935
    outer loop
      vertex 3.234633 5.08 -42.152243
      vertex 2.88886 3.33 -42.33706
      vertex 3.234633 3.33 -42.152243
    endloop
  endfacet
  facet normal -0.290286011 0 0.956939931
    outer loop
      vertex 3.234633 5.08 -42.152243
      vertex 3.234633 3.33 -42.152243
      vertex 3.609819 5.08 -42.038431
    endloop
  endfacet
  facet normal -0.290286011 0 0.956939931
    outer loop
      vertex 3.609819 5.08 -42.038431
      vertex 3.234633 3.33 -42.152243
      vertex 3.609819 3.33 -42.038431
    endloop
  endfacet
  facet normal 0 1 0
    outer loop
      vertex 4 5.18 -50.100002
      vertex 4.382467 5.18 -50.138893
      vertex 3.617533 5.18 -50.138893
    endloop
  endfacet
  facet normal -0 1 0
    outer loop
      vertex 3.617533 5.18 -50.138893
      vertex 4.382467 5.18 -50.138893
      vertex 4.749276 5.18 -50.253978
    endloop
  endfacet
  facet normal 0 1 0
    outer loop
      vertex 3.617533 5.18 -50.138893
      vertex 4.749276 5.18 -50.253978
      vertex 3.250724 5.18 -50.253978
    endloop
  endfacet
  facet normal -0 1 0
    outer loop
      vertex 3.250724 5.18 -50.253978
      vertex 4.749276 5.18 -50.253978
      vertex 5.08541 5.18 -50.44055
    endloop
  endfacet
  facet normal 0 1 0
    outer loop
      vertex 3.250724 5.18 -50.253978
      vertex 5.08541 5.18 -50.44055
      vertex 2.914591 5.18 -50.44055
    endloop
  endfacet
  facet normal -0 1 0
    outer loop
      vertex 2.914591 5.18 -50.44055
      vertex 5.08541 5.18 -50.44055
      vertex 5.377106 5.18 -50.690961
    endloop
  endfacet
  facet normal 0 1 0
    outer loop
      vertex 2.914591 5.18 -50.44055
      vertex 5.377106 5.18 -50.690961
      vertex 2.622894 5.18 -50.690961
    endloop
  endfacet
  facet normal -0 1 0
    outer loop
      vertex 2.622894 5.18 -50.690961
      vertex 5.377106 5.18 -50.690961
      vertex 5.612424 5.18 -50.994968
    endloop
  endfacet
  facet normal 0 1 0
    outer loop
      vertex 2.622894 5.18 -50.690961
      vertex 5.612424 5.18 -50.994968
      vertex 5.781729 5.18 -51.340122
    endloop
  endfacet
  facet normal 0 1 0
    outer loop
      vertex 5.781729 5.18 -51.340122
      vertex 5.87809 5.18 -51.712289
      vertex 2.622894 5.18 -50.690961
    endloop
  endfacet
  facet normal 0 1 0
    outer loop
      vertex 2.622894 5.18 -50.690961
      vertex 5.87809 5.18 -51.712289
      vertex 5.897561 5.18 -52.096233
    endloop
  endfacet
  facet normal 0 1 0
    outer loop
      vertex 2.622894 5.18 -50.690961
      vertex 5.897561 5.18 -52.096233
      vertex 5.839347 5.18 -52.476239
    endloop
  endfacet
  facet normal 0 1 0
    outer loop
      vertex 5.839347 5.18 -52.476239
      vertex 5.705829 5.18 -52.836747
      vertex 2.622894 5.18 -50.690961
    endloop
  endfacet
  facet normal 0 1 0
    outer loop
      vertex 2.622894 5.18 -50.690961
      vertex 5.705829 5.18 -52.836747
      vertex 5.502474 5.18 -53.162999
    endloop
  endfacet
  facet normal 0 1 0
    outer loop
      vertex 2.622894 5.18 -50.690961
      vertex 5.502474 5.18 -53.162999
      vertex 5.237608 5.18 -53.441639
    endloop
  endfacet
  facet normal 0 1 0
    outer loop
      vertex 5.237608 5.18 -53.441639
      vertex 4.922074 5.18 -53.661261
      vertex 2.622894 5.18 -50.690961
    endloop
  endfacet
  facet normal 0 1 0
    outer loop
      vertex 2.622894 5.18 -50.690961
      vertex 4.922074 5.18 -53.661261
      vertex 4.56879 5.18 -53.812866
    endloop
  endfacet
  facet normal 0 1 0
    outer loop
      vertex 2.622894 5.18 -50.690961
      vertex 4.56879 5.18 -53.812866
      vertex 4.19222 5.18 -53.890252
    endloop
  endfacet
  facet normal 0 1 0
    outer loop
      vertex 4.19222 5.18 -53.890252
      vertex 3.80778 5.18 -53.890252
      vertex 2.622894 5.18 -50.690961
    endloop
  endfacet
  facet normal 0 1 0
    outer loop
      vertex 2.622894 5.18 -50.690961
      vertex 3.80778 5.18 -53.890252
      vertex 3.43121 5.18 -53.812866
    endloop
  endfacet
  facet normal 0 1 0
    outer loop
      vertex 2.622894 5.18 -50.690961
      vertex 3.43121 5.18 -53.812866
      vertex 2.387576 5.18 -50.994968
    endloop
  endfacet
  facet normal 0 1 0
    outer loop
      vertex 2.387576 5.18 -50.994968
      vertex 3.43121 5.18 -53.812866
      vertex 3.077926 5.18 -53.661261
    endloop
  endfacet
  facet normal 0 1 0
    outer loop
      vertex 2.387576 5.18 -50.994968
      vertex 3.077926 5.18 -53.661261
      vertex 2.762392 5.18 -53.441639
    endloop
  endfacet
  facet normal 0 1 0
    outer loop
      vertex 2.762392 5.18 -53.441639
      vertex 2.497526 5.18 -53.162999
      vertex 2.387576 5.18 -50.994968
    endloop
  endfacet
  facet normal 0 1 0
    outer loop
      vertex 2.387576 5.18 -50.994968
      vertex 2.497526 5.18 -53.162999
      vertex 2.294171 5.18 -52.836747
    endloop
  endfacet
  facet normal 0 1 0
    outer loop
      vertex 2.387576 5.18 -50.994968
      vertex 2.294171 5.18 -52.836747
      vertex 2.218271 5.18 -51.340122
    endloop
  endfacet
  facet normal 0 1 0
    outer loop
      vertex 2.218271 5.18 -51.340122
      vertex 2.294171 5.18 -52.836747
      vertex 2.160653 5.18 -52.476239
    endloop
  endfacet
  facet normal 0 1 0
    outer loop
      vertex 2.218271 5.18 -51.340122
      vertex 2.160653 5.18 -52.476239
      vertex 2.12191 5.18 -51.712289
    endloop
  endfacet
  facet normal 0 1 0
    outer loop
      vertex 2.12191 5.18 -51.712289
      vertex 2.160653 5.18 -52.476239
      vertex 2.102439 5.18 -52.096233
    endloop
  endfacet
  facet normal 0.120530862 0 0.992709581
    outer loop
      vertex 3.700855 2.83 -37.213678
      vertex 4 1.83 -37.249999
      vertex 4 2.83 -37.249999
    endloop
  endfacet
  facet normal -0.120531259 0 0.992709532
    outer loop
      vertex 4 2.83 -37.249999
      vertex 4 1.83 -37.249999
      vertex 4.299144 1.83 -37.213678
    endloop
  endfacet
  facet normal -0.120531259 0 0.992709532
    outer loop
      vertex 4 2.83 -37.249999
      vertex 4.299144 1.83 -37.213678
      vertex 4.299144 2.83 -37.213678
    endloop
  endfacet
  facet normal -0.354609317 0 0.935014563
    outer loop
      vertex 4.299144 2.83 -37.213678
      vertex 4.299144 1.83 -37.213678
      vertex 4.580904 1.83 -37.106819
    endloop
  endfacet
  facet normal -0.354609317 0 0.935014563
    outer loop
      vertex 4.299144 2.83 -37.213678
      vertex 4.580904 1.83 -37.106819
      vertex 4.580904 2.83 -37.106819
    endloop
  endfacet
  facet normal -0.568061713 0 0.82298596
    outer loop
      vertex 4.580904 2.83 -37.106819
      vertex 4.580904 1.83 -37.106819
      vertex 4.828903 1.83 -36.935639
    endloop
  endfacet
  facet normal -0.568061713 0 0.82298596
    outer loop
      vertex 4.580904 2.83 -37.106819
      vertex 4.828903 1.83 -36.935639
      vertex 4.828903 2.83 -36.935639
    endloop
  endfacet
  facet normal -0.748510667 0 0.663122749
    outer loop
      vertex 4.828903 2.83 -36.935639
      vertex 4.828903 1.83 -36.935639
      vertex 5.02873 1.83 -36.710081
    endloop
  endfacet
  facet normal -0.748510667 0 0.663122749
    outer loop
      vertex 4.828903 2.83 -36.935639
      vertex 5.02873 1.83 -36.710081
      vertex 5.02873 2.83 -36.710081
    endloop
  endfacet
  facet normal -0.885456146 0 0.464722943
    outer loop
      vertex 5.02873 2.83 -36.710081
      vertex 5.02873 1.83 -36.710081
      vertex 5.168771 1.83 -36.443255
    endloop
  endfacet
  facet normal -0.885456146 0 0.464722943
    outer loop
      vertex 5.02873 2.83 -36.710081
      vertex 5.168771 1.83 -36.443255
      vertex 5.168771 2.83 -36.443255
    endloop
  endfacet
  facet normal -0.970942377 0 0.239313394
    outer loop
      vertex 5.168771 2.83 -36.443255
      vertex 5.168771 1.83 -36.443255
      vertex 5.240886 1.83 -36.15067
    endloop
  endfacet
  facet normal -0.970942377 0 0.239313394
    outer loop
      vertex 5.168771 2.83 -36.443255
      vertex 5.240886 1.83 -36.15067
      vertex 5.240886 2.83 -36.15067
    endloop
  endfacet
  facet normal -1 0 0
    outer loop
      vertex 5.240886 2.83 -36.15067
      vertex 5.240886 1.83 -36.15067
      vertex 5.240886 1.83 -35.849328
    endloop
  endfacet
  facet normal -1 0 0
    outer loop
      vertex 5.240886 2.83 -36.15067
      vertex 5.240886 1.83 -35.849328
      vertex 5.240886 2.83 -35.849328
    endloop
  endfacet
  facet normal -0.970942377 -0 -0.239313394
    outer loop
      vertex 5.240886 2.83 -35.849328
      vertex 5.240886 1.83 -35.849328
      vertex 5.168771 1.83 -35.556743
    endloop
  endfacet
  facet normal -0.970942377 0 -0.239313394
    outer loop
      vertex 5.240886 2.83 -35.849328
      vertex 5.168771 1.83 -35.556743
      vertex 5.168771 2.83 -35.556743
    endloop
  endfacet
  facet normal -0.885454712 -0 -0.464725674
    outer loop
      vertex 5.168771 2.83 -35.556743
      vertex 5.168771 1.83 -35.556743
      vertex 5.02873 1.83 -35.289919
    endloop
  endfacet
  facet normal -0.885454712 0 -0.464725674
    outer loop
      vertex 5.168771 2.83 -35.556743
      vertex 5.02873 1.83 -35.289919
      vertex 5.02873 2.83 -35.289919
    endloop
  endfacet
  facet normal -0.748510667 -0 -0.663122749
    outer loop
      vertex 5.02873 2.83 -35.289919
      vertex 5.02873 1.83 -35.289919
      vertex 4.828903 1.83 -35.064361
    endloop
  endfacet
  facet normal -0.748510667 0 -0.663122749
    outer loop
      vertex 5.02873 2.83 -35.289919
      vertex 4.828903 1.83 -35.064361
      vertex 4.828903 2.83 -35.064361
    endloop
  endfacet
  facet normal -0.568066208 -0 -0.822982857
    outer loop
      vertex 4.828903 2.83 -35.064361
      vertex 4.828903 1.83 -35.064361
      vertex 4.580904 1.83 -34.893179
    endloop
  endfacet
  facet normal -0.568066208 0 -0.822982857
    outer loop
      vertex 4.828903 2.83 -35.064361
      vertex 4.580904 1.83 -34.893179
      vertex 4.580904 2.83 -34.893179
    endloop
  endfacet
  facet normal -0.354603515 -0 -0.935016763
    outer loop
      vertex 4.580904 2.83 -34.893179
      vertex 4.580904 1.83 -34.893179
      vertex 4.299144 1.83 -34.786322
    endloop
  endfacet
  facet normal -0.354603515 0 -0.935016763
    outer loop
      vertex 4.580904 2.83 -34.893179
      vertex 4.299144 1.83 -34.786322
      vertex 4.299144 2.83 -34.786322
    endloop
  endfacet
  facet normal -0.1205378 -0 -0.992708738
    outer loop
      vertex 4.299144 2.83 -34.786322
      vertex 4.299144 1.83 -34.786322
      vertex 4 2.83 -34.749999
    endloop
  endfacet
  facet normal -0.1205378 -0 -0.992708738
    outer loop
      vertex 4 2.83 -34.749999
      vertex 4.299144 1.83 -34.786322
      vertex 4 1.83 -34.749999
    endloop
  endfacet
  facet normal 0.120537402 0 -0.992708786
    outer loop
      vertex 4 2.83 -34.749999
      vertex 4 1.83 -34.749999
      vertex 3.700855 2.83 -34.786322
    endloop
  endfacet
  facet normal 0.120537402 0 -0.992708786
    outer loop
      vertex 3.700855 2.83 -34.786322
      vertex 4 1.83 -34.749999
      vertex 3.700855 1.83 -34.786322
    endloop
  endfacet
  facet normal 0.354604615 0 -0.935016346
    outer loop
      vertex 3.700855 2.83 -34.786322
      vertex 3.700855 1.83 -34.786322
      vertex 3.419096 1.83 -34.893179
    endloop
  endfacet
  facet normal 0.120530862 0 0.992709581
    outer loop
      vertex 4 1.83 -37.249999
      vertex 3.700855 2.83 -37.213678
      vertex 3.700855 1.83 -37.213678
    endloop
  endfacet
  facet normal 0.354610417 -0 0.935014145
    outer loop
      vertex 3.700855 1.83 -37.213678
      vertex 3.700855 2.83 -37.213678
      vertex 3.419096 2.83 -37.106819
    endloop
  endfacet
  facet normal 0.354610417 0 0.935014145
    outer loop
      vertex 3.700855 1.83 -37.213678
      vertex 3.419096 2.83 -37.106819
      vertex 3.419096 1.83 -37.106819
    endloop
  endfacet
  facet normal 0.568061713 -0 0.82298596
    outer loop
      vertex 3.419096 1.83 -37.106819
      vertex 3.419096 2.83 -37.106819
      vertex 3.171097 2.83 -36.935639
    endloop
  endfacet
  facet normal 0.568061713 0 0.82298596
    outer loop
      vertex 3.419096 1.83 -37.106819
      vertex 3.171097 2.83 -36.935639
      vertex 3.171097 1.83 -36.935639
    endloop
  endfacet
  facet normal 0.748510667 -0 0.663122749
    outer loop
      vertex 3.171097 1.83 -36.935639
      vertex 3.171097 2.83 -36.935639
      vertex 2.97127 2.83 -36.710081
    endloop
  endfacet
  facet normal 0.748510667 0 0.663122749
    outer loop
      vertex 3.171097 1.83 -36.935639
      vertex 2.97127 2.83 -36.710081
      vertex 2.97127 1.83 -36.710081
    endloop
  endfacet
  facet normal 0.885457511 -0 0.464720342
    outer loop
      vertex 2.97127 1.83 -36.710081
      vertex 2.97127 2.83 -36.710081
      vertex 2.83123 2.83 -36.443255
    endloop
  endfacet
  facet normal 0.885457511 0 0.464720342
    outer loop
      vertex 2.97127 1.83 -36.710081
      vertex 2.83123 2.83 -36.443255
      vertex 2.83123 1.83 -36.443255
    endloop
  endfacet
  facet normal 0.970941606 -0 0.239316523
    outer loop
      vertex 2.83123 1.83 -36.443255
      vertex 2.83123 2.83 -36.443255
      vertex 2.759114 2.83 -36.15067
    endloop
  endfacet
  facet normal 0.970941606 0 0.239316523
    outer loop
      vertex 2.83123 1.83 -36.443255
      vertex 2.759114 2.83 -36.15067
      vertex 2.759114 1.83 -36.15067
    endloop
  endfacet
  facet normal 1 0 0
    outer loop
      vertex 2.759114 1.83 -36.15067
      vertex 2.759114 2.83 -36.15067
      vertex 2.759114 2.83 -35.849328
    endloop
  endfacet
  facet normal 1 0 0
    outer loop
      vertex 2.759114 1.83 -36.15067
      vertex 2.759114 2.83 -35.849328
      vertex 2.759114 1.83 -35.849328
    endloop
  endfacet
  facet normal 0.970941606 0 -0.239316523
    outer loop
      vertex 2.759114 1.83 -35.849328
      vertex 2.759114 2.83 -35.849328
      vertex 2.83123 2.83 -35.556743
    endloop
  endfacet
  facet normal 0.970941606 0 -0.239316523
    outer loop
      vertex 2.759114 1.83 -35.849328
      vertex 2.83123 2.83 -35.556743
      vertex 2.83123 1.83 -35.556743
    endloop
  endfacet
  facet normal 0.885456078 0 -0.464723073
    outer loop
      vertex 2.83123 1.83 -35.556743
      vertex 2.83123 2.83 -35.556743
      vertex 2.97127 2.83 -35.289919
    endloop
  endfacet
  facet normal 0.885456078 0 -0.464723073
    outer loop
      vertex 2.83123 1.83 -35.556743
      vertex 2.97127 2.83 -35.289919
      vertex 2.97127 1.83 -35.289919
    endloop
  endfacet
  facet normal 0.748510667 0 -0.663122749
    outer loop
      vertex 2.97127 1.83 -35.289919
      vertex 2.97127 2.83 -35.289919
      vertex 3.171097 2.83 -35.064361
    endloop
  endfacet
  facet normal 0.748510667 0 -0.663122749
    outer loop
      vertex 2.97127 1.83 -35.289919
      vertex 3.171097 2.83 -35.064361
      vertex 3.171097 1.83 -35.064361
    endloop
  endfacet
  facet normal 0.568066208 0 -0.822982857
    outer loop
      vertex 3.171097 1.83 -35.064361
      vertex 3.171097 2.83 -35.064361
      vertex 3.419096 2.83 -34.893179
    endloop
  endfacet
  facet normal 0.568066208 0 -0.822982857
    outer loop
      vertex 3.171097 1.83 -35.064361
      vertex 3.419096 2.83 -34.893179
      vertex 3.419096 1.83 -34.893179
    endloop
  endfacet
  facet normal 0.354604615 0 -0.935016346
    outer loop
      vertex 3.419096 1.83 -34.893179
      vertex 3.419096 2.83 -34.893179
      vertex 3.700855 2.83 -34.786322
    endloop
  endfacet
  facet normal 0.0906162176 0.381112396 0.920077194
    outer loop
      vertex 4.390181 5.08 -34.038429
      vertex 4.384467 5.150711 -34.067156
      vertex 4 5.08 -34.000001
    endloop
  endfacet
  facet normal 0.0906240039 0.38108149 0.920089228
    outer loop
      vertex 4 5.08 -34.000001
      vertex 4.384467 5.150711 -34.067156
      vertex 4 5.150711 -34.029288
    endloop
  endfacet
  facet normal -0.0906174571 0.381081718 0.920089779
    outer loop
      vertex 4 5.08 -34.000001
      vertex 4 5.150711 -34.029288
      vertex 3.609819 5.08 -34.038429
    endloop
  endfacet
  facet normal -0.0906227459 0.381112624 0.920076457
    outer loop
      vertex 3.609819 5.08 -34.038429
      vertex 4 5.150711 -34.029288
      vertex 3.615533 5.150711 -34.067156
    endloop
  endfacet
  facet normal -0.268377784 0.381112137 0.884718545
    outer loop
      vertex 3.609819 5.08 -34.038429
      vertex 3.615533 5.150711 -34.067156
      vertex 3.234633 5.08 -34.152241
    endloop
  endfacet
  facet normal -0.268377692 0.381111042 0.884719045
    outer loop
      vertex 3.234633 5.08 -34.152241
      vertex 3.615533 5.150711 -34.067156
      vertex 3.245842 5.150711 -34.179301
    endloop
  endfacet
  facet normal -0.43581898 0.381111814 0.815362252
    outer loop
      vertex 3.234633 5.08 -34.152241
      vertex 3.245842 5.150711 -34.179301
      vertex 2.88886 5.08 -34.33706
    endloop
  endfacet
  facet normal -0.435818896 0.38112395 0.815356624
    outer loop
      vertex 2.88886 5.08 -34.33706
      vertex 3.245842 5.150711 -34.179301
      vertex 2.905132 5.150711 -34.361415
    endloop
  endfacet
  facet normal -0.586513103 0.381121156 0.714667086
    outer loop
      vertex 2.88886 5.08 -34.33706
      vertex 2.905132 5.150711 -34.361415
      vertex 2.585787 5.08 -34.585786
    endloop
  endfacet
  facet normal -0.586514644 0.381105304 0.714674275
    outer loop
      vertex 2.585787 5.08 -34.585786
      vertex 2.905132 5.150711 -34.361415
      vertex 2.606497 5.150711 -34.606497
    endloop
  endfacet
  facet normal -0.714672594 0.381103872 0.586517623
    outer loop
      vertex 2.585787 5.08 -34.585786
      vertex 2.606497 5.150711 -34.606497
      vertex 2.337061 5.08 -34.888859
    endloop
  endfacet
  facet normal -0.714672593 0.381103879 0.58651762
    outer loop
      vertex 2.337061 5.08 -34.888859
      vertex 2.606497 5.150711 -34.606497
      vertex 2.361414 5.150711 -34.905131
    endloop
  endfacet
  facet normal -0.815364032 0.381104221 0.435822289
    outer loop
      vertex 2.337061 5.08 -34.888859
      vertex 2.361414 5.150711 -34.905131
      vertex 2.152241 5.08 -35.234632
    endloop
  endfacet
  facet normal -0.815362037 0.381111798 0.435819397
    outer loop
      vertex 2.152241 5.08 -35.234632
      vertex 2.361414 5.150711 -34.905131
      vertex 2.179301 5.150711 -35.245841
    endloop
  endfacet
  facet normal -0.88471939 0.381111003 0.268376609
    outer loop
      vertex 2.152241 5.08 -35.234632
      vertex 2.179301 5.150711 -35.245841
      vertex 2.038429 5.08 -35.60982
    endloop
  endfacet
  facet normal -0.884721169 0.381105657 0.268378336
    outer loop
      vertex 2.038429 5.08 -35.60982
      vertex 2.179301 5.150711 -35.245841
      vertex 2.067156 5.150711 -35.615532
    endloop
  endfacet
  facet normal -0.920077777 0.381110302 0.0906190977
    outer loop
      vertex 2.038429 5.08 -35.60982
      vertex 2.067156 5.150711 -35.615532
      vertex 2 5.08 -35.999999
    endloop
  endfacet
  facet normal -0.920080303 0.381103817 0.0906207316
    outer loop
      vertex 2 5.08 -35.999999
      vertex 2.067156 5.150711 -35.615532
      vertex 2.029289 5.150711 -35.999999
    endloop
  endfacet
  facet normal -0.920080476 0.381103889 -0.0906186668
    outer loop
      vertex 2 5.08 -35.999999
      vertex 2.029289 5.150711 -35.999999
      vertex 2.038429 5.08 -36.390181
    endloop
  endfacet
  facet normal -0.920076275 0.381113637 -0.0906203349
    outer loop
      vertex 2.038429 5.08 -36.390181
      vertex 2.029289 5.150711 -35.999999
      vertex 2.067156 5.150711 -36.384466
    endloop
  endfacet
  facet normal -0.884717455 0.381115405 -0.268376737
    outer loop
      vertex 2.038429 5.08 -36.390181
      vertex 2.067156 5.150711 -36.384466
      vertex 2.152241 5.08 -36.765368
    endloop
  endfacet
  facet normal -0.884717976 0.381114262 -0.268376642
    outer loop
      vertex 2.152241 5.08 -36.765368
      vertex 2.067156 5.150711 -36.384466
      vertex 2.179301 5.150711 -36.754158
    endloop
  endfacet
  facet normal -0.815358363 0.381116933 -0.43582178
    outer loop
      vertex 2.152241 5.08 -36.765368
      vertex 2.179301 5.150711 -36.754158
      vertex 2.337061 5.08 -37.111139
    endloop
  endfacet
  facet normal -0.815364266 0.381104204 -0.435821867
    outer loop
      vertex 2.337061 5.08 -37.111139
      vertex 2.179301 5.150711 -36.754158
      vertex 2.361414 5.150711 -37.094867
    endloop
  endfacet
  facet normal -0.714675389 0.381104034 -0.586514112
    outer loop
      vertex 2.337061 5.08 -37.111139
      vertex 2.361414 5.150711 -37.094867
      vertex 2.585787 5.08 -37.414215
    endloop
  endfacet
  facet normal -0.714672295 0.381110857 -0.586513448
    outer loop
      vertex 2.585787 5.08 -37.414215
      vertex 2.361414 5.150711 -37.094867
      vertex 2.606497 5.150711 -37.393503
    endloop
  endfacet
  facet normal -0.586513566 0.381113997 -0.714670524
    outer loop
      vertex 2.585787 5.08 -37.414215
      vertex 2.606497 5.150711 -37.393503
      vertex 2.88886 5.08 -37.66294
    endloop
  endfacet
  facet normal -0.586514174 0.38111257 -0.714670786
    outer loop
      vertex 2.88886 5.08 -37.66294
      vertex 2.606497 5.150711 -37.393503
      vertex 2.905132 5.150711 -37.638586
    endloop
  endfacet
  facet normal -0.435820374 0.381114077 -0.815360449
    outer loop
      vertex 2.88886 5.08 -37.66294
      vertex 2.905132 5.150711 -37.638586
      vertex 3.234633 5.08 -37.84776
    endloop
  endfacet
  facet normal -0.435817481 0.381121654 -0.815358454
    outer loop
      vertex 3.234633 5.08 -37.84776
      vertex 2.905132 5.150711 -37.638586
      vertex 3.245842 5.150711 -37.820699
    endloop
  endfacet
  facet normal -0.268374484 0.381121666 -0.884715441
    outer loop
      vertex 3.234633 5.08 -37.84776
      vertex 3.245842 5.150711 -37.820699
      vertex 3.609819 5.08 -37.961571
    endloop
  endfacet
  facet normal -0.26837756 0.381112145 -0.88471861
    outer loop
      vertex 3.609819 5.08 -37.961571
      vertex 3.245842 5.150711 -37.820699
      vertex 3.615533 5.150711 -37.932844
    endloop
  endfacet
  facet normal -0.0906185498 0.381112477 -0.920076931
    outer loop
      vertex 3.609819 5.08 -37.961571
      vertex 3.615533 5.150711 -37.932844
      vertex 4 5.08 -38
    endloop
  endfacet
  facet normal -0.0906179088 0.381115021 -0.92007594
    outer loop
      vertex 4 5.08 -38
      vertex 3.615533 5.150711 -37.932844
      vertex 4 5.150711 -37.97071
    endloop
  endfacet
  facet normal 0.0906184477 0.381115003 -0.920075895
    outer loop
      vertex 4 5.08 -38
      vertex 4 5.150711 -37.97071
      vertex 4.390181 5.08 -37.961571
    endloop
  endfacet
  facet normal 0.0906180123 0.381112458 -0.920076991
    outer loop
      vertex 4.390181 5.08 -37.961571
      vertex 4 5.150711 -37.97071
      vertex 4.384467 5.150711 -37.932844
    endloop
  endfacet
  facet normal 0.268375615 0.381112215 -0.884719169
    outer loop
      vertex 4.390181 5.08 -37.961571
      vertex 4.384467 5.150711 -37.932844
      vertex 4.765367 5.08 -37.84776
    endloop
  endfacet
  facet normal 0.268376412 0.381121737 -0.884714826
    outer loop
      vertex 4.765367 5.08 -37.84776
      vertex 4.384467 5.150711 -37.932844
      vertex 4.754158 5.150711 -37.820699
    endloop
  endfacet
  facet normal 0.435817925 0.381121636 -0.815358225
    outer loop
      vertex 4.765367 5.08 -37.84776
      vertex 4.754158 5.150711 -37.820699
      vertex 5.111141 5.08 -37.66294
    endloop
  endfacet
  facet normal 0.435817941 0.381119289 -0.815359313
    outer loop
      vertex 5.111141 5.08 -37.66294
      vertex 4.754158 5.150711 -37.820699
      vertex 5.094868 5.150711 -37.638586
    endloop
  endfacet
  facet normal 0.586512083 0.381119671 -0.714668716
    outer loop
      vertex 5.111141 5.08 -37.66294
      vertex 5.094868 5.150711 -37.638586
      vertex 5.414214 5.08 -37.414215
    endloop
  endfacet
  facet normal 0.586511944 0.381121097 -0.714668069
    outer loop
      vertex 5.414214 5.08 -37.414215
      vertex 5.094868 5.150711 -37.638586
      vertex 5.393503 5.150711 -37.393503
    endloop
  endfacet
  facet normal 0.714671655 0.381119382 -0.586508689
    outer loop
      vertex 5.414214 5.08 -37.414215
      vertex 5.393503 5.150711 -37.393503
      vertex 5.662939 5.08 -37.111139
    endloop
  endfacet
  facet normal 0.714674485 0.381103984 -0.586515246
    outer loop
      vertex 5.662939 5.08 -37.111139
      vertex 5.393503 5.150711 -37.393503
      vertex 5.638586 5.150711 -37.094867
    endloop
  endfacet
  facet normal 0.815362956 0.381104298 -0.435824235
    outer loop
      vertex 5.662939 5.08 -37.111139
      vertex 5.638586 5.150711 -37.094867
      vertex 5.847759 5.08 -36.765368
    endloop
  endfacet
  facet normal 0.815359604 0.381117027 -0.435819375
    outer loop
      vertex 5.847759 5.08 -36.765368
      vertex 5.638586 5.150711 -37.094867
      vertex 5.820699 5.150711 -36.754158
    endloop
  endfacet
  facet normal 0.884717902 0.381114271 -0.268376873
    outer loop
      vertex 5.847759 5.08 -36.765368
      vertex 5.820699 5.150711 -36.754158
      vertex 5.961571 5.08 -36.390181
    endloop
  endfacet
  facet normal 0.884717522 0.381115413 -0.268376504
    outer loop
      vertex 5.961571 5.08 -36.390181
      vertex 5.820699 5.150711 -36.754158
      vertex 5.932844 5.150711 -36.384466
    endloop
  endfacet
  facet normal 0.920076507 0.381113565 -0.0906182758
    outer loop
      vertex 5.961571 5.08 -36.390181
      vertex 5.932844 5.150711 -36.384466
      vertex 6 5.08 -35.999999
    endloop
  endfacet
  facet normal 0.920080303 0.381103817 -0.0906207316
    outer loop
      vertex 6 5.08 -35.999999
      vertex 5.932844 5.150711 -36.384466
      vertex 5.970711 5.150711 -35.999999
    endloop
  endfacet
  facet normal 0.920080418 0.381103865 0.0906193578
    outer loop
      vertex 6 5.08 -35.999999
      vertex 5.970711 5.150711 -35.999999
      vertex 5.961571 5.08 -35.60982
    endloop
  endfacet
  facet normal 0.920077623 0.38111035 0.0906204677
    outer loop
      vertex 5.961571 5.08 -35.60982
      vertex 5.970711 5.150711 -35.999999
      vertex 5.932844 5.150711 -35.615532
    endloop
  endfacet
  facet normal 0.884721483 0.381105696 0.268377244
    outer loop
      vertex 5.961571 5.08 -35.60982
      vertex 5.932844 5.150711 -35.615532
      vertex 5.847759 5.08 -35.234632
    endloop
  endfacet
  facet normal 0.884719045 0.381111042 0.268377692
    outer loop
      vertex 5.847759 5.08 -35.234632
      vertex 5.932844 5.150711 -35.615532
      vertex 5.820699 5.150711 -35.245841
    endloop
  endfacet
  facet normal 0.815361298 0.381111742 0.435820828
    outer loop
      vertex 5.847759 5.08 -35.234632
      vertex 5.820699 5.150711 -35.245841
      vertex 5.662939 5.08 -34.888859
    endloop
  endfacet
  facet normal 0.815364812 0.381104165 0.43582088
    outer loop
      vertex 5.662939 5.08 -34.888859
      vertex 5.820699 5.150711 -35.245841
      vertex 5.638586 5.150711 -34.905131
    endloop
  endfacet
  facet normal 0.714673728 0.381103942 0.586516196
    outer loop
      vertex 5.662939 5.08 -34.888859
      vertex 5.638586 5.150711 -34.905131
      vertex 5.414214 5.08 -34.585786
    endloop
  endfacet
  facet normal 0.714669842 0.381112511 0.586515363
    outer loop
      vertex 5.414214 5.08 -34.585786
      vertex 5.638586 5.150711 -34.905131
      vertex 5.393503 5.150711 -34.606497
    endloop
  endfacet
  facet normal 0.586515364 0.381112511 0.714669841
    outer loop
      vertex 5.414214 5.08 -34.585786
      vertex 5.393503 5.150711 -34.606497
      vertex 5.111141 5.08 -34.33706
    endloop
  endfacet
  facet normal 0.586508614 0.381128363 0.714666927
    outer loop
      vertex 5.111141 5.08 -34.33706
      vertex 5.393503 5.150711 -34.606497
      vertex 5.094868 5.150711 -34.361415
    endloop
  endfacet
  facet normal 0.435814642 0.38112909 0.815356495
    outer loop
      vertex 5.111141 5.08 -34.33706
      vertex 5.094868 5.150711 -34.361415
      vertex 4.765367 5.08 -34.152241
    endloop
  endfacet
  facet normal 0.435821272 0.381111725 0.815361069
    outer loop
      vertex 4.765367 5.08 -34.152241
      vertex 5.094868 5.150711 -34.361415
      vertex 4.754158 5.150711 -34.179301
    endloop
  endfacet
  facet normal 0.268377914 0.38111105 0.884718974
    outer loop
      vertex 4.765367 5.08 -34.152241
      vertex 4.754158 5.150711 -34.179301
      vertex 4.390181 5.08 -34.038429
    endloop
  endfacet
  facet normal 0.26837756 0.381112145 0.88471861
    outer loop
      vertex 4.390181 5.08 -34.038429
      vertex 4.754158 5.150711 -34.179301
      vertex 4.384467 5.150711 -34.067156
    endloop
  endfacet
  facet normal -0.0383161311 0.925504201 0.376794172
    outer loop
      vertex 3.617533 5.18 -34.138894
      vertex 3.615533 5.150711 -34.067156
      vertex 4 5.18 -34.100001
    endloop
  endfacet
  facet normal -0.0376641744 0.923229922 0.382397596
    outer loop
      vertex 4 5.18 -34.100001
      vertex 3.615533 5.150711 -34.067156
      vertex 4 5.150711 -34.029288
    endloop
  endfacet
  facet normal 0.0376641744 0.923229922 0.382397596
    outer loop
      vertex 4 5.18 -34.100001
      vertex 4 5.150711 -34.029288
      vertex 4.384467 5.150711 -34.067156
    endloop
  endfacet
  facet normal -0.113105576 0.920969247 0.372857581
    outer loop
      vertex 3.615533 5.150711 -34.067156
      vertex 3.617533 5.18 -34.138894
      vertex 3.245842 5.150711 -34.179301
    endloop
  endfacet
  facet normal -0.111846446 0.927583933 0.356480603
    outer loop
      vertex 3.245842 5.150711 -34.179301
      vertex 3.617533 5.18 -34.138894
      vertex 3.250724 5.18 -34.253981
    endloop
  endfacet
  facet normal -0.186101822 0.918772715 0.348170661
    outer loop
      vertex 3.245842 5.150711 -34.179301
      vertex 3.250724 5.18 -34.253981
      vertex 2.905132 5.150711 -34.361415
    endloop
  endfacet
  facet normal -0.179058644 0.929442718 0.322605387
    outer loop
      vertex 2.905132 5.150711 -34.361415
      vertex 3.250724 5.18 -34.253981
      vertex 2.914591 5.18 -34.440548
    endloop
  endfacet
  facet normal -0.2535598 0.916650358 0.308965289
    outer loop
      vertex 2.905132 5.150711 -34.361415
      vertex 2.914591 5.18 -34.440548
      vertex 2.606497 5.150711 -34.606497
    endloop
  endfacet
  facet normal -0.237581839 0.931109377 0.276749342
    outer loop
      vertex 2.606497 5.150711 -34.606497
      vertex 2.914591 5.18 -34.440548
      vertex 2.622894 5.18 -34.690962
    endloop
  endfacet
  facet normal -0.312527222 0.914626829 0.256484891
    outer loop
      vertex 2.606497 5.150711 -34.606497
      vertex 2.622894 5.18 -34.690962
      vertex 2.361414 5.150711 -34.905131
    endloop
  endfacet
  facet normal -0.28541562 0.932592661 0.220927258
    outer loop
      vertex 2.361414 5.150711 -34.905131
      vertex 2.622894 5.18 -34.690962
      vertex 2.387576 5.18 -34.994969
    endloop
  endfacet
  facet normal -0.360364264 0.91270792 0.192618406
    outer loop
      vertex 2.361414 5.150711 -34.905131
      vertex 2.387576 5.18 -34.994969
      vertex 2.179301 5.150711 -35.245841
    endloop
  endfacet
  facet normal -0.320984108 0.933905065 0.157450093
    outer loop
      vertex 2.179301 5.150711 -35.245841
      vertex 2.387576 5.18 -34.994969
      vertex 2.218271 5.18 -35.340121
    endloop
  endfacet
  facet normal -0.394845182 0.910906756 0.119775469
    outer loop
      vertex 2.179301 5.150711 -35.245841
      vertex 2.218271 5.18 -35.340121
      vertex 2.067156 5.150711 -35.615532
    endloop
  endfacet
  facet normal -0.343170755 0.935060894 0.0888535684
    outer loop
      vertex 2.067156 5.150711 -35.615532
      vertex 2.218271 5.18 -35.340121
      vertex 2.12191 5.18 -35.712287
    endloop
  endfacet
  facet normal -0.41426908 0.90923941 0.0408022724
    outer loop
      vertex 2.067156 5.150711 -35.615532
      vertex 2.12191 5.18 -35.712287
      vertex 2.029289 5.150711 -35.999999
    endloop
  endfacet
  facet normal -0.351358196 0.936071538 0.0178183328
    outer loop
      vertex 2.029289 5.150711 -35.999999
      vertex 2.12191 5.18 -35.712287
      vertex 2.102439 5.18 -36.096234
    endloop
  endfacet
  facet normal -0.417552787 0.907721514 -0.0411256919
    outer loop
      vertex 2.029289 5.150711 -35.999999
      vertex 2.102439 5.18 -36.096234
      vertex 2.067156 5.150711 -36.384466
    endloop
  endfacet
  facet normal -0.345453487 0.936942514 -0.0529208204
    outer loop
      vertex 2.067156 5.150711 -36.384466
      vertex 2.102439 5.18 -36.096234
      vertex 2.160653 5.18 -36.47624
    endloop
  endfacet
  facet normal -0.404314893 0.906359198 -0.122647755
    outer loop
      vertex 2.067156 5.150711 -36.384466
      vertex 2.160653 5.18 -36.47624
      vertex 2.179301 5.150711 -36.754158
    endloop
  endfacet
  facet normal -0.325856945 0.937684636 -0.120684611
    outer loop
      vertex 2.179301 5.150711 -36.754158
      vertex 2.160653 5.18 -36.47624
      vertex 2.294171 5.18 -36.836748
    endloop
  endfacet
  facet normal -0.374856296 0.905172122 -0.200365135
    outer loop
      vertex 2.179301 5.150711 -36.754158
      vertex 2.294171 5.18 -36.836748
      vertex 2.361414 5.150711 -37.094867
    endloop
  endfacet
  facet normal -0.293474804 0.938302447 -0.182923638
    outer loop
      vertex 2.361414 5.150711 -37.094867
      vertex 2.294171 5.18 -36.836748
      vertex 2.497526 5.18 -37.163002
    endloop
  endfacet
  facet normal -0.330219477 0.904164035 -0.271002759
    outer loop
      vertex 2.361414 5.150711 -37.094867
      vertex 2.497526 5.18 -37.163002
      vertex 2.606497 5.150711 -37.393503
    endloop
  endfacet
  facet normal -0.249657667 0.938803063 -0.237318053
    outer loop
      vertex 2.606497 5.150711 -37.393503
      vertex 2.497526 5.18 -37.163002
      vertex 2.762392 5.18 -37.44164
    endloop
  endfacet
  facet normal -0.272092699 0.903350709 -0.331546468
    outer loop
      vertex 2.606497 5.150711 -37.393503
      vertex 2.762392 5.18 -37.44164
      vertex 2.905132 5.150711 -37.638586
    endloop
  endfacet
  facet normal -0.1961778 0.939186826 -0.28185524
    outer loop
      vertex 2.905132 5.150711 -37.638586
      vertex 2.762392 5.18 -37.44164
      vertex 3.077926 5.18 -37.661259
    endloop
  endfacet
  facet normal -0.202798792 0.902729392 -0.379410456
    outer loop
      vertex 2.905132 5.150711 -37.638586
      vertex 3.077926 5.18 -37.661259
      vertex 3.245842 5.150711 -37.820699
    endloop
  endfacet
  facet normal -0.135130855 0.939458601 -0.314892346
    outer loop
      vertex 3.245842 5.150711 -37.820699
      vertex 3.077926 5.18 -37.661259
      vertex 3.43121 5.18 -37.812865
    endloop
  endfacet
  facet normal -0.125136083 0.902314217 -0.412516684
    outer loop
      vertex 3.245842 5.150711 -37.820699
      vertex 3.43121 5.18 -37.812865
      vertex 3.615533 5.150711 -37.932844
    endloop
  endfacet
  facet normal -0.0688859201 0.939622601 -0.335207543
    outer loop
      vertex 3.615533 5.150711 -37.932844
      vertex 3.43121 5.18 -37.812865
      vertex 3.80778 5.18 -37.890251
    endloop
  endfacet
  facet normal -0.0422946431 0.902107982 -0.429432593
    outer loop
      vertex 3.615533 5.150711 -37.932844
      vertex 3.80778 5.18 -37.890251
      vertex 4 5.150711 -37.97071
    endloop
  endfacet
  facet normal 0 0.939676408 -0.342064683
    outer loop
      vertex 4 5.150711 -37.97071
      vertex 3.80778 5.18 -37.890251
      vertex 4.19222 5.18 -37.890251
    endloop
  endfacet
  facet normal 0.0422946431 0.902107982 -0.429432593
    outer loop
      vertex 4 5.150711 -37.97071
      vertex 4.19222 5.18 -37.890251
      vertex 4.384467 5.150711 -37.932844
    endloop
  endfacet
  facet normal 0.0688859201 0.939622601 -0.335207543
    outer loop
      vertex 4.384467 5.150711 -37.932844
      vertex 4.19222 5.18 -37.890251
      vertex 4.56879 5.18 -37.812865
    endloop
  endfacet
  facet normal 0.125136083 0.902314217 -0.412516684
    outer loop
      vertex 4.384467 5.150711 -37.932844
      vertex 4.56879 5.18 -37.812865
      vertex 4.754158 5.150711 -37.820699
    endloop
  endfacet
  facet normal 0.135130855 0.939458601 -0.314892346
    outer loop
      vertex 4.754158 5.150711 -37.820699
      vertex 4.56879 5.18 -37.812865
      vertex 4.922074 5.18 -37.661259
    endloop
  endfacet
  facet normal 0.202798792 0.902729392 -0.379410456
    outer loop
      vertex 4.754158 5.150711 -37.820699
      vertex 4.922074 5.18 -37.661259
      vertex 5.094868 5.150711 -37.638586
    endloop
  endfacet
  facet normal 0.1961778 0.939186826 -0.28185524
    outer loop
      vertex 5.094868 5.150711 -37.638586
      vertex 4.922074 5.18 -37.661259
      vertex 5.237608 5.18 -37.44164
    endloop
  endfacet
  facet normal 0.272092699 0.903350709 -0.331546468
    outer loop
      vertex 5.094868 5.150711 -37.638586
      vertex 5.237608 5.18 -37.44164
      vertex 5.393503 5.150711 -37.393503
    endloop
  endfacet
  facet normal 0.249657667 0.938803063 -0.237318053
    outer loop
      vertex 5.393503 5.150711 -37.393503
      vertex 5.237608 5.18 -37.44164
      vertex 5.502474 5.18 -37.163002
    endloop
  endfacet
  facet normal 0.330219477 0.904164035 -0.271002759
    outer loop
      vertex 5.393503 5.150711 -37.393503
      vertex 5.502474 5.18 -37.163002
      vertex 5.638586 5.150711 -37.094867
    endloop
  endfacet
  facet normal 0.293474804 0.938302447 -0.182923638
    outer loop
      vertex 5.638586 5.150711 -37.094867
      vertex 5.502474 5.18 -37.163002
      vertex 5.705829 5.18 -36.836748
    endloop
  endfacet
  facet normal 0.374856296 0.905172122 -0.200365135
    outer loop
      vertex 5.638586 5.150711 -37.094867
      vertex 5.705829 5.18 -36.836748
      vertex 5.820699 5.150711 -36.754158
    endloop
  endfacet
  facet normal 0.325856945 0.937684636 -0.120684611
    outer loop
      vertex 5.820699 5.150711 -36.754158
      vertex 5.705829 5.18 -36.836748
      vertex 5.839347 5.18 -36.47624
    endloop
  endfacet
  facet normal 0.404314893 0.906359198 -0.122647755
    outer loop
      vertex 5.820699 5.150711 -36.754158
      vertex 5.839347 5.18 -36.47624
      vertex 5.932844 5.150711 -36.384466
    endloop
  endfacet
  facet normal 0.345453487 0.936942514 -0.0529208204
    outer loop
      vertex 5.932844 5.150711 -36.384466
      vertex 5.839347 5.18 -36.47624
      vertex 5.897561 5.18 -36.096234
    endloop
  endfacet
  facet normal 0.417552787 0.907721514 -0.0411256919
    outer loop
      vertex 5.932844 5.150711 -36.384466
      vertex 5.897561 5.18 -36.096234
      vertex 5.970711 5.150711 -35.999999
    endloop
  endfacet
  facet normal 0.351358196 0.936071538 0.0178183328
    outer loop
      vertex 5.970711 5.150711 -35.999999
      vertex 5.897561 5.18 -36.096234
      vertex 5.87809 5.18 -35.712287
    endloop
  endfacet
  facet normal 0.41426908 0.90923941 0.0408022724
    outer loop
      vertex 5.970711 5.150711 -35.999999
      vertex 5.87809 5.18 -35.712287
      vertex 5.932844 5.150711 -35.615532
    endloop
  endfacet
  facet normal 0.343170755 0.935060894 0.0888535684
    outer loop
      vertex 5.932844 5.150711 -35.615532
      vertex 5.87809 5.18 -35.712287
      vertex 5.781729 5.18 -35.340121
    endloop
  endfacet
  facet normal 0.394845182 0.910906756 0.119775469
    outer loop
      vertex 5.932844 5.150711 -35.615532
      vertex 5.781729 5.18 -35.340121
      vertex 5.820699 5.150711 -35.245841
    endloop
  endfacet
  facet normal 0.320984108 0.933905065 0.157450093
    outer loop
      vertex 5.820699 5.150711 -35.245841
      vertex 5.781729 5.18 -35.340121
      vertex 5.612424 5.18 -34.994969
    endloop
  endfacet
  facet normal 0.360364264 0.91270792 0.192618406
    outer loop
      vertex 5.820699 5.150711 -35.245841
      vertex 5.612424 5.18 -34.994969
      vertex 5.638586 5.150711 -34.905131
    endloop
  endfacet
  facet normal 0.28541562 0.932592661 0.220927258
    outer loop
      vertex 5.638586 5.150711 -34.905131
      vertex 5.612424 5.18 -34.994969
      vertex 5.377106 5.18 -34.690962
    endloop
  endfacet
  facet normal 0.312527222 0.914626829 0.256484891
    outer loop
      vertex 5.638586 5.150711 -34.905131
      vertex 5.377106 5.18 -34.690962
      vertex 5.393503 5.150711 -34.606497
    endloop
  endfacet
  facet normal 0.237582506 0.931109257 0.27674917
    outer loop
      vertex 5.393503 5.150711 -34.606497
      vertex 5.377106 5.18 -34.690962
      vertex 5.08541 5.18 -34.440548
    endloop
  endfacet
  facet normal 0.253561812 0.916648975 0.30896774
    outer loop
      vertex 5.393503 5.150711 -34.606497
      vertex 5.08541 5.18 -34.440548
      vertex 5.094868 5.150711 -34.361415
    endloop
  endfacet
  facet normal 0.179059174 0.929441951 0.322607302
    outer loop
      vertex 5.094868 5.150711 -34.361415
      vertex 5.08541 5.18 -34.440548
      vertex 4.749276 5.18 -34.253981
    endloop
  endfacet
  facet normal 0.186101822 0.918772715 0.348170661
    outer loop
      vertex 5.094868 5.150711 -34.361415
      vertex 4.749276 5.18 -34.253981
      vertex 4.754158 5.150711 -34.179301
    endloop
  endfacet
  facet normal 0.111846446 0.927583933 0.356480603
    outer loop
      vertex 4.754158 5.150711 -34.179301
      vertex 4.749276 5.18 -34.253981
      vertex 4.382467 5.18 -34.138894
    endloop
  endfacet
  facet normal 0.113105576 0.920969247 0.372857581
    outer loop
      vertex 4.754158 5.150711 -34.179301
      vertex 4.382467 5.18 -34.138894
      vertex 4.384467 5.150711 -34.067156
    endloop
  endfacet
  facet normal 0.0383161311 0.925504201 0.376794172
    outer loop
      vertex 4.384467 5.150711 -34.067156
      vertex 4.382467 5.18 -34.138894
      vertex 4 5.18 -34.100001
    endloop
  endfacet
  facet normal -0.11196683 0 -0.993711945
    outer loop
      vertex 3.691218 0.025 -57.487392
      vertex 3.691218 1.83 -57.487392
      vertex 4.025 0.025 -57.525001
    endloop
  endfacet
  facet normal -0.11196683 0 -0.993711945
    outer loop
      vertex 4.025 0.025 -57.525001
      vertex 3.691218 1.83 -57.487392
      vertex 4.025 1.83 -57.525001
    endloop
  endfacet
  facet normal 0.111967161 0 -0.993711907
    outer loop
      vertex 4.025 0.025 -57.525001
      vertex 4.025 1.83 -57.525001
      vertex 4.358781 0.025 -57.487392
    endloop
  endfacet
  facet normal 0.111967161 0 -0.993711907
    outer loop
      vertex 4.358781 0.025 -57.487392
      vertex 4.025 1.83 -57.525001
      vertex 4.358781 1.83 -57.487392
    endloop
  endfacet
  facet normal 0.330284781 0 -0.943881329
    outer loop
      vertex 4.358781 0.025 -57.487392
      vertex 4.358781 1.83 -57.487392
      vertex 4.675826 0.025 -57.376451
    endloop
  endfacet
  facet normal 0.330284781 0 -0.943881329
    outer loop
      vertex 4.675826 0.025 -57.376451
      vertex 4.358781 1.83 -57.487392
      vertex 4.675826 1.83 -57.376451
    endloop
  endfacet
  facet normal 0.532027767 0 -0.846726907
    outer loop
      vertex 4.675826 0.025 -57.376451
      vertex 4.675826 1.83 -57.376451
      vertex 4.960235 0.025 -57.197747
    endloop
  endfacet
  facet normal 0.532027767 0 -0.846726907
    outer loop
      vertex 4.960235 0.025 -57.197747
      vertex 4.675826 1.83 -57.376451
      vertex 4.960235 1.83 -57.197747
    endloop
  endfacet
  facet normal 0.707106781 0 -0.707106781
    outer loop
      vertex 4.960235 0.025 -57.197747
      vertex 4.960235 1.83 -57.197747
      vertex 5.197747 0.025 -56.960235
    endloop
  endfacet
  facet normal 0.707106781 0 -0.707106781
    outer loop
      vertex 5.197747 0.025 -56.960235
      vertex 4.960235 1.83 -57.197747
      vertex 5.197747 1.83 -56.960235
    endloop
  endfacet
  facet normal 0.846725067 0 -0.532030695
    outer loop
      vertex 5.197747 0.025 -56.960235
      vertex 5.197747 1.83 -56.960235
      vertex 5.376453 0.025 -56.675825
    endloop
  endfacet
  facet normal 0.846725067 0 -0.532030695
    outer loop
      vertex 5.376453 0.025 -56.675825
      vertex 5.197747 1.83 -56.960235
      vertex 5.376453 1.83 -56.675825
    endloop
  endfacet
  facet normal 0.94388286 0 -0.330280405
    outer loop
      vertex 5.376453 0.025 -56.675825
      vertex 5.376453 1.83 -56.675825
      vertex 5.487392 0.025 -56.358781
    endloop
  endfacet
  facet normal 0.94388286 0 -0.330280405
    outer loop
      vertex 5.487392 0.025 -56.358781
      vertex 5.376453 1.83 -56.675825
      vertex 5.487392 1.83 -56.358781
    endloop
  endfacet
  facet normal 0.993712239 0 -0.111964222
    outer loop
      vertex 5.487392 0.025 -56.358781
      vertex 5.487392 1.83 -56.358781
      vertex 5.525 0.025 -56.025
    endloop
  endfacet
  facet normal 0.993712239 0 -0.111964222
    outer loop
      vertex 5.525 0.025 -56.025
      vertex 5.487392 1.83 -56.358781
      vertex 5.525 1.83 -56.025
    endloop
  endfacet
  facet normal 0.993712276 -0 0.11196389
    outer loop
      vertex 5.525 0.025 -56.025
      vertex 5.525 1.83 -56.025
      vertex 5.487392 0.025 -55.691218
    endloop
  endfacet
  facet normal 0.993712276 -0 0.11196389
    outer loop
      vertex 5.487392 0.025 -55.691218
      vertex 5.525 1.83 -56.025
      vertex 5.487392 1.83 -55.691218
    endloop
  endfacet
  facet normal 0.94388286 -0 0.330280405
    outer loop
      vertex 5.487392 0.025 -55.691218
      vertex 5.487392 1.83 -55.691218
      vertex 5.376453 0.025 -55.374174
    endloop
  endfacet
  facet normal 0.94388286 -0 0.330280405
    outer loop
      vertex 5.376453 0.025 -55.374174
      vertex 5.487392 1.83 -55.691218
      vertex 5.376453 1.83 -55.374174
    endloop
  endfacet
  facet normal 0.846724225 -0 0.532032036
    outer loop
      vertex 5.376453 0.025 -55.374174
      vertex 5.376453 1.83 -55.374174
      vertex 5.197747 0.025 -55.089765
    endloop
  endfacet
  facet normal 0.846724225 -0 0.532032036
    outer loop
      vertex 5.197747 0.025 -55.089765
      vertex 5.376453 1.83 -55.374174
      vertex 5.197747 1.83 -55.089765
    endloop
  endfacet
  facet normal 0.70710827 -0 0.707105293
    outer loop
      vertex 5.197747 0.025 -55.089765
      vertex 5.197747 1.83 -55.089765
      vertex 4.960235 0.025 -54.852252
    endloop
  endfacet
  facet normal 0.70710827 -0 0.707105293
    outer loop
      vertex 4.960235 0.025 -54.852252
      vertex 5.197747 1.83 -55.089765
      vertex 4.960235 1.83 -54.852252
    endloop
  endfacet
  facet normal 0.532027767 -0 0.846726907
    outer loop
      vertex 4.960235 0.025 -54.852252
      vertex 4.960235 1.83 -54.852252
      vertex 4.675826 0.025 -54.673548
    endloop
  endfacet
  facet normal 0.532027767 -0 0.846726907
    outer loop
      vertex 4.675826 0.025 -54.673548
      vertex 4.960235 1.83 -54.852252
      vertex 4.675826 1.83 -54.673548
    endloop
  endfacet
  facet normal 0.330284781 -0 0.943881329
    outer loop
      vertex 4.675826 0.025 -54.673548
      vertex 4.675826 1.83 -54.673548
      vertex 4.358781 0.025 -54.562607
    endloop
  endfacet
  facet normal 0.330284781 -0 0.943881329
    outer loop
      vertex 4.358781 0.025 -54.562607
      vertex 4.675826 1.83 -54.673548
      vertex 4.358781 1.83 -54.562607
    endloop
  endfacet
  facet normal 0.111964222 -0 0.993712239
    outer loop
      vertex 4.358781 0.025 -54.562607
      vertex 4.358781 1.83 -54.562607
      vertex 4.025 0.025 -54.524999
    endloop
  endfacet
  facet normal 0.111964222 -0 0.993712239
    outer loop
      vertex 4.025 0.025 -54.524999
      vertex 4.358781 1.83 -54.562607
      vertex 4.025 1.83 -54.524999
    endloop
  endfacet
  facet normal -0.11196389 0 0.993712276
    outer loop
      vertex 4.025 0.025 -54.524999
      vertex 4.025 1.83 -54.524999
      vertex 3.691218 0.025 -54.562607
    endloop
  endfacet
  facet normal -0.11196389 0 0.993712276
    outer loop
      vertex 3.691218 0.025 -54.562607
      vertex 4.025 1.83 -54.524999
      vertex 3.691218 1.83 -54.562607
    endloop
  endfacet
  facet normal -0.330286638 0 0.943880679
    outer loop
      vertex 3.691218 0.025 -54.562607
      vertex 3.691218 1.83 -54.562607
      vertex 3.374175 0.025 -54.673548
    endloop
  endfacet
  facet normal -0.330286638 0 0.943880679
    outer loop
      vertex 3.374175 0.025 -54.673548
      vertex 3.691218 1.83 -54.562607
      vertex 3.374175 1.83 -54.673548
    endloop
  endfacet
  facet normal -0.532026426 0 0.84672775
    outer loop
      vertex 3.374175 0.025 -54.673548
      vertex 3.374175 1.83 -54.673548
      vertex 3.089765 0.025 -54.852252
    endloop
  endfacet
  facet normal -0.532026426 0 0.84672775
    outer loop
      vertex 3.089765 0.025 -54.852252
      vertex 3.374175 1.83 -54.673548
      vertex 3.089765 1.83 -54.852252
    endloop
  endfacet
  facet normal -0.70710827 0 0.707105293
    outer loop
      vertex 3.089765 0.025 -54.852252
      vertex 3.089765 1.83 -54.852252
      vertex 2.852253 0.025 -55.089765
    endloop
  endfacet
  facet normal -0.70710827 0 0.707105293
    outer loop
      vertex 2.852253 0.025 -55.089765
      vertex 3.089765 1.83 -54.852252
      vertex 2.852253 1.83 -55.089765
    endloop
  endfacet
  facet normal -0.846724225 0 0.532032036
    outer loop
      vertex 2.852253 0.025 -55.089765
      vertex 2.852253 1.83 -55.089765
      vertex 2.673547 0.025 -55.374174
    endloop
  endfacet
  facet normal -0.846724225 0 0.532032036
    outer loop
      vertex 2.673547 0.025 -55.374174
      vertex 2.852253 1.83 -55.089765
      vertex 2.673547 1.83 -55.374174
    endloop
  endfacet
  facet normal -0.94388286 0 0.330280405
    outer loop
      vertex 2.673547 0.025 -55.374174
      vertex 2.673547 1.83 -55.374174
      vertex 2.562608 0.025 -55.691218
    endloop
  endfacet
  facet normal -0.94388286 0 0.330280405
    outer loop
      vertex 2.562608 0.025 -55.691218
      vertex 2.673547 1.83 -55.374174
      vertex 2.562608 1.83 -55.691218
    endloop
  endfacet
  facet normal -0.993712276 0 0.11196389
    outer loop
      vertex 2.562608 0.025 -55.691218
      vertex 2.562608 1.83 -55.691218
      vertex 2.525 0.025 -56.025
    endloop
  endfacet
  facet normal -0.993712276 0 0.11196389
    outer loop
      vertex 2.525 0.025 -56.025
      vertex 2.562608 1.83 -55.691218
      vertex 2.525 1.83 -56.025
    endloop
  endfacet
  facet normal -0.993712239 0 -0.111964222
    outer loop
      vertex 2.525 0.025 -56.025
      vertex 2.525 1.83 -56.025
      vertex 2.562608 0.025 -56.358781
    endloop
  endfacet
  facet normal -0.993712239 0 -0.111964222
    outer loop
      vertex 2.562608 0.025 -56.358781
      vertex 2.525 1.83 -56.025
      vertex 2.562608 1.83 -56.358781
    endloop
  endfacet
  facet normal -0.94388286 0 -0.330280405
    outer loop
      vertex 2.562608 0.025 -56.358781
      vertex 2.562608 1.83 -56.358781
      vertex 2.673547 0.025 -56.675825
    endloop
  endfacet
  facet normal -0.94388286 0 -0.330280405
    outer loop
      vertex 2.673547 0.025 -56.675825
      vertex 2.562608 1.83 -56.358781
      vertex 2.673547 1.83 -56.675825
    endloop
  endfacet
  facet normal -0.846725067 0 -0.532030695
    outer loop
      vertex 2.673547 0.025 -56.675825
      vertex 2.673547 1.83 -56.675825
      vertex 2.852253 0.025 -56.960235
    endloop
  endfacet
  facet normal -0.846725067 0 -0.532030695
    outer loop
      vertex 2.852253 0.025 -56.960235
      vertex 2.673547 1.83 -56.675825
      vertex 2.852253 1.83 -56.960235
    endloop
  endfacet
  facet normal -0.707106781 0 -0.707106781
    outer loop
      vertex 2.852253 0.025 -56.960235
      vertex 2.852253 1.83 -56.960235
      vertex 3.089765 0.025 -57.197747
    endloop
  endfacet
  facet normal -0.707106781 0 -0.707106781
    outer loop
      vertex 3.089765 0.025 -57.197747
      vertex 2.852253 1.83 -56.960235
      vertex 3.089765 1.83 -57.197747
    endloop
  endfacet
  facet normal -0.532026426 0 -0.84672775
    outer loop
      vertex 3.089765 0.025 -57.197747
      vertex 3.089765 1.83 -57.197747
      vertex 3.374175 0.025 -57.376451
    endloop
  endfacet
  facet normal -0.532026426 0 -0.84672775
    outer loop
      vertex 3.374175 0.025 -57.376451
      vertex 3.089765 1.83 -57.197747
      vertex 3.374175 1.83 -57.376451
    endloop
  endfacet
  facet normal -0.330286638 0 -0.943880679
    outer loop
      vertex 3.374175 0.025 -57.376451
      vertex 3.374175 1.83 -57.376451
      vertex 3.691218 0.025 -57.487392
    endloop
  endfacet
  facet normal -0.330286638 0 -0.943880679
    outer loop
      vertex 3.691218 0.025 -57.487392
      vertex 3.374175 1.83 -57.376451
      vertex 3.691218 1.83 -57.487392
    endloop
  endfacet
  facet normal -0 -1 0
    outer loop
      vertex 4.358781 0.025 -65.48739
      vertex 4.358781 0.025 -62.562609
      vertex 4.025 0.025 -65.524998
    endloop
  endfacet
  facet normal 0 -1 0
    outer loop
      vertex 4.025 0.025 -65.524998
      vertex 4.358781 0.025 -62.562609
      vertex 4.025 0.025 -62.525001
    endloop
  endfacet
  facet normal 0 -1 0
    outer loop
      vertex 4.025 0.025 -65.524998
      vertex 4.025 0.025 -62.525001
      vertex 3.691218 0.025 -65.48739
    endloop
  endfacet
  facet normal 0 -1 0
    outer loop
      vertex 3.691218 0.025 -65.48739
      vertex 4.025 0.025 -62.525001
      vertex 3.691218 0.025 -62.562609
    endloop
  endfacet
  facet normal 0 -1 0
    outer loop
      vertex 3.691218 0.025 -65.48739
      vertex 3.691218 0.025 -62.562609
      vertex 3.374175 0.025 -65.376453
    endloop
  endfacet
  facet normal 0 -1 0
    outer loop
      vertex 3.374175 0.025 -65.376453
      vertex 3.691218 0.025 -62.562609
      vertex 3.374175 0.025 -62.673545
    endloop
  endfacet
  facet normal 0 -1 0
    outer loop
      vertex 3.374175 0.025 -65.376453
      vertex 3.374175 0.025 -62.673545
      vertex 3.089765 0.025 -65.197749
    endloop
  endfacet
  facet normal 0 -1 0
    outer loop
      vertex 3.089765 0.025 -65.197749
      vertex 3.374175 0.025 -62.673545
      vertex 3.089765 0.025 -62.852254
    endloop
  endfacet
  facet normal 0 -1 0
    outer loop
      vertex 3.089765 0.025 -65.197749
      vertex 3.089765 0.025 -62.852254
      vertex 2.852253 0.025 -64.960237
    endloop
  endfacet
  facet normal 0 -1 0
    outer loop
      vertex 2.852253 0.025 -64.960237
      vertex 3.089765 0.025 -62.852254
      vertex 2.852253 0.025 -63.089767
    endloop
  endfacet
  facet normal 0 -1 0
    outer loop
      vertex 2.852253 0.025 -64.960237
      vertex 2.852253 0.025 -63.089767
      vertex 2.673547 0.025 -64.675827
    endloop
  endfacet
  facet normal 0 -1 0
    outer loop
      vertex 2.673547 0.025 -64.675827
      vertex 2.852253 0.025 -63.089767
      vertex 2.673547 0.025 -63.374176
    endloop
  endfacet
  facet normal 0 -1 0
    outer loop
      vertex 2.673547 0.025 -64.675827
      vertex 2.673547 0.025 -63.374176
      vertex 2.562608 0.025 -64.358783
    endloop
  endfacet
  facet normal 0 -1 0
    outer loop
      vertex 2.562608 0.025 -64.358783
      vertex 2.673547 0.025 -63.374176
      vertex 2.562608 0.025 -63.69122
    endloop
  endfacet
  facet normal 0 -1 0
    outer loop
      vertex 2.562608 0.025 -64.358783
      vertex 2.562608 0.025 -63.69122
      vertex 2.525 0.025 -64.025002
    endloop
  endfacet
  facet normal 0 -1 0
    outer loop
      vertex 4.358781 0.025 -62.562609
      vertex 4.358781 0.025 -65.48739
      vertex 4.675826 0.025 -62.673545
    endloop
  endfacet
  facet normal 0 -1 -0
    outer loop
      vertex 4.675826 0.025 -62.673545
      vertex 4.358781 0.025 -65.48739
      vertex 4.675826 0.025 -65.376453
    endloop
  endfacet
  facet normal 0 -1 0
    outer loop
      vertex 4.675826 0.025 -62.673545
      vertex 4.675826 0.025 -65.376453
      vertex 4.960235 0.025 -62.852254
    endloop
  endfacet
  facet normal 0 -1 -0
    outer loop
      vertex 4.960235 0.025 -62.852254
      vertex 4.675826 0.025 -65.376453
      vertex 4.960235 0.025 -65.197749
    endloop
  endfacet
  facet normal 0 -1 0
    outer loop
      vertex 4.960235 0.025 -62.852254
      vertex 4.960235 0.025 -65.197749
      vertex 5.197747 0.025 -63.089767
    endloop
  endfacet
  facet normal 0 -1 -0
    outer loop
      vertex 5.197747 0.025 -63.089767
      vertex 4.960235 0.025 -65.197749
      vertex 5.197747 0.025 -64.960237
    endloop
  endfacet
  facet normal 0 -1 0
    outer loop
      vertex 5.197747 0.025 -63.089767
      vertex 5.197747 0.025 -64.960237
      vertex 5.376453 0.025 -63.374176
    endloop
  endfacet
  facet normal 0 -1 -0
    outer loop
      vertex 5.376453 0.025 -63.374176
      vertex 5.197747 0.025 -64.960237
      vertex 5.376453 0.025 -64.675827
    endloop
  endfacet
  facet normal 0 -1 0
    outer loop
      vertex 5.376453 0.025 -63.374176
      vertex 5.376453 0.025 -64.675827
      vertex 5.487392 0.025 -63.69122
    endloop
  endfacet
  facet normal 0 -1 -0
    outer loop
      vertex 5.487392 0.025 -63.69122
      vertex 5.376453 0.025 -64.675827
      vertex 5.487392 0.025 -64.358783
    endloop
  endfacet
  facet normal 0 -1 0
    outer loop
      vertex 5.487392 0.025 -63.69122
      vertex 5.487392 0.025 -64.358783
      vertex 5.525 0.025 -64.025002
    endloop
  endfacet
  facet normal 0 1 0
    outer loop
      vertex 4 5.18 -10.1
      vertex 4.382467 5.18 -10.138893
      vertex 3.617533 5.18 -10.138893
    endloop
  endfacet
  facet normal -0 1 0
    outer loop
      vertex 3.617533 5.18 -10.138893
      vertex 4.382467 5.18 -10.138893
      vertex 4.749276 5.18 -10.25398
    endloop
  endfacet
  facet normal 0 1 0
    outer loop
      vertex 3.617533 5.18 -10.138893
      vertex 4.749276 5.18 -10.25398
      vertex 3.250724 5.18 -10.25398
    endloop
  endfacet
  facet normal -0 1 0
    outer loop
      vertex 3.250724 5.18 -10.25398
      vertex 4.749276 5.18 -10.25398
      vertex 5.08541 5.18 -10.44055
    endloop
  endfacet
  facet normal 0 1 0
    outer loop
      vertex 3.250724 5.18 -10.25398
      vertex 5.08541 5.18 -10.44055
      vertex 2.914591 5.18 -10.44055
    endloop
  endfacet
  facet normal -0 1 0
    outer loop
      vertex 2.914591 5.18 -10.44055
      vertex 5.08541 5.18 -10.44055
      vertex 5.377106 5.18 -10.690963
    endloop
  endfacet
  facet normal 0 1 0
    outer loop
      vertex 2.914591 5.18 -10.44055
      vertex 5.377106 5.18 -10.690963
      vertex 2.622894 5.18 -10.690963
    endloop
  endfacet
  facet normal -0 1 0
    outer loop
      vertex 2.622894 5.18 -10.690963
      vertex 5.377106 5.18 -10.690963
      vertex 5.612424 5.18 -10.994968
    endloop
  endfacet
  facet normal 0 1 0
    outer loop
      vertex 2.622894 5.18 -10.690963
      vertex 5.612424 5.18 -10.994968
      vertex 5.781729 5.18 -11.34012
    endloop
  endfacet
  facet normal 0 1 0
    outer loop
      vertex 5.781729 5.18 -11.34012
      vertex 5.87809 5.18 -11.712288
      vertex 2.622894 5.18 -10.690963
    endloop
  endfacet
  facet normal 0 1 0
    outer loop
      vertex 2.622894 5.18 -10.690963
      vertex 5.87809 5.18 -11.712288
      vertex 5.897561 5.18 -12.096233
    endloop
  endfacet
  facet normal 0 1 0
    outer loop
      vertex 2.622894 5.18 -10.690963
      vertex 5.897561 5.18 -12.096233
      vertex 5.839347 5.18 -12.47624
    endloop
  endfacet
  facet normal 0 1 0
    outer loop
      vertex 5.839347 5.18 -12.47624
      vertex 5.705829 5.18 -12.836748
      vertex 2.622894 5.18 -10.690963
    endloop
  endfacet
  facet normal 0 1 0
    outer loop
      vertex 2.622894 5.18 -10.690963
      vertex 5.705829 5.18 -12.836748
      vertex 5.502474 5.18 -13.163002
    endloop
  endfacet
  facet normal 0 1 0
    outer loop
      vertex 2.622894 5.18 -10.690963
      vertex 5.502474 5.18 -13.163002
      vertex 5.237608 5.18 -13.44164
    endloop
  endfacet
  facet normal 0 1 0
    outer loop
      vertex 5.237608 5.18 -13.44164
      vertex 4.922074 5.18 -13.661258
      vertex 2.622894 5.18 -10.690963
    endloop
  endfacet
  facet normal 0 1 0
    outer loop
      vertex 2.622894 5.18 -10.690963
      vertex 4.922074 5.18 -13.661258
      vertex 4.56879 5.18 -13.812865
    endloop
  endfacet
  facet normal 0 1 0
    outer loop
      vertex 2.622894 5.18 -10.690963
      vertex 4.56879 5.18 -13.812865
      vertex 4.19222 5.18 -13.890252
    endloop
  endfacet
  facet normal 0 1 0
    outer loop
      vertex 4.19222 5.18 -13.890252
      vertex 3.80778 5.18 -13.890252
      vertex 2.622894 5.18 -10.690963
    endloop
  endfacet
  facet normal 0 1 0
    outer loop
      vertex 2.622894 5.18 -10.690963
      vertex 3.80778 5.18 -13.890252
      vertex 3.43121 5.18 -13.812865
    endloop
  endfacet
  facet normal 0 1 0
    outer loop
      vertex 2.622894 5.18 -10.690963
      vertex 3.43121 5.18 -13.812865
      vertex 2.387576 5.18 -10.994968
    endloop
  endfacet
  facet normal 0 1 0
    outer loop
      vertex 2.387576 5.18 -10.994968
      vertex 3.43121 5.18 -13.812865
      vertex 3.077926 5.18 -13.661258
    endloop
  endfacet
  facet normal 0 1 0
    outer loop
      vertex 2.387576 5.18 -10.994968
      vertex 3.077926 5.18 -13.661258
      vertex 2.762392 5.18 -13.44164
    endloop
  endfacet
  facet normal 0 1 0
    outer loop
      vertex 2.762392 5.18 -13.44164
      vertex 2.497526 5.18 -13.163002
      vertex 2.387576 5.18 -10.994968
    endloop
  endfacet
  facet normal 0 1 0
    outer loop
      vertex 2.387576 5.18 -10.994968
      vertex 2.497526 5.18 -13.163002
      vertex 2.294171 5.18 -12.836748
    endloop
  endfacet
  facet normal 0 1 0
    outer loop
      vertex 2.387576 5.18 -10.994968
      vertex 2.294171 5.18 -12.836748
      vertex 2.218271 5.18 -11.34012
    endloop
  endfacet
  facet normal 0 1 0
    outer loop
      vertex 2.218271 5.18 -11.34012
      vertex 2.294171 5.18 -12.836748
      vertex 2.160653 5.18 -12.47624
    endloop
  endfacet
  facet normal 0 1 0
    outer loop
      vertex 2.218271 5.18 -11.34012
      vertex 2.160653 5.18 -12.47624
      vertex 2.12191 5.18 -11.712288
    endloop
  endfacet
  facet normal 0 1 0
    outer loop
      vertex 2.12191 5.18 -11.712288
      vertex 2.160653 5.18 -12.47624
      vertex 2.102439 5.18 -12.096233
    endloop
  endfacet
  facet normal 0 1 0
    outer loop
      vertex 4 5.18 -42.1
      vertex 4.382467 5.18 -42.138891
      vertex 3.617533 5.18 -42.138891
    endloop
  endfacet
  facet normal -0 1 0
    outer loop
      vertex 3.617533 5.18 -42.138891
      vertex 4.382467 5.18 -42.138891
      vertex 4.749276 5.18 -42.253981
    endloop
  endfacet
  facet normal 0 1 0
    outer loop
      vertex 3.617533 5.18 -42.138891
      vertex 4.749276 5.18 -42.253981
      vertex 3.250724 5.18 -42.253981
    endloop
  endfacet
  facet normal -0 1 0
    outer loop
      vertex 3.250724 5.18 -42.253981
      vertex 4.749276 5.18 -42.253981
      vertex 5.08541 5.18 -42.440548
    endloop
  endfacet
  facet normal 0 1 0
    outer loop
      vertex 3.250724 5.18 -42.253981
      vertex 5.08541 5.18 -42.440548
      vertex 2.914591 5.18 -42.440548
    endloop
  endfacet
  facet normal -0 1 0
    outer loop
      vertex 2.914591 5.18 -42.440548
      vertex 5.08541 5.18 -42.440548
      vertex 5.377106 5.18 -42.690964
    endloop
  endfacet
  facet normal 0 1 0
    outer loop
      vertex 2.914591 5.18 -42.440548
      vertex 5.377106 5.18 -42.690964
      vertex 2.622894 5.18 -42.690964
    endloop
  endfacet
  facet normal -0 1 0
    outer loop
      vertex 2.622894 5.18 -42.690964
      vertex 5.377106 5.18 -42.690964
      vertex 5.612424 5.18 -42.994967
    endloop
  endfacet
  facet normal 0 1 0
    outer loop
      vertex 2.622894 5.18 -42.690964
      vertex 5.612424 5.18 -42.994967
      vertex 5.781729 5.18 -43.34012
    endloop
  endfacet
  facet normal 0 1 0
    outer loop
      vertex 5.781729 5.18 -43.34012
      vertex 5.87809 5.18 -43.712287
      vertex 2.622894 5.18 -42.690964
    endloop
  endfacet
  facet normal 0 1 0
    outer loop
      vertex 2.622894 5.18 -42.690964
      vertex 5.87809 5.18 -43.712287
      vertex 5.897561 5.18 -44.096231
    endloop
  endfacet
  facet normal 0 1 0
    outer loop
      vertex 2.622894 5.18 -42.690964
      vertex 5.897561 5.18 -44.096231
      vertex 5.839347 5.18 -44.476242
    endloop
  endfacet
  facet normal 0 1 0
    outer loop
      vertex 5.839347 5.18 -44.476242
      vertex 5.705829 5.18 -44.83675
      vertex 2.622894 5.18 -42.690964
    endloop
  endfacet
  facet normal 0 1 0
    outer loop
      vertex 2.622894 5.18 -42.690964
      vertex 5.705829 5.18 -44.83675
      vertex 5.502474 5.18 -45.163002
    endloop
  endfacet
  facet normal 0 1 0
    outer loop
      vertex 2.622894 5.18 -42.690964
      vertex 5.502474 5.18 -45.163002
      vertex 5.237608 5.18 -45.441642
    endloop
  endfacet
  facet normal 0 1 0
    outer loop
      vertex 5.237608 5.18 -45.441642
      vertex 4.922074 5.18 -45.661259
      vertex 2.622894 5.18 -42.690964
    endloop
  endfacet
  facet normal 0 1 0
    outer loop
      vertex 2.622894 5.18 -42.690964
      vertex 4.922074 5.18 -45.661259
      vertex 4.56879 5.18 -45.812864
    endloop
  endfacet
  facet normal 0 1 0
    outer loop
      vertex 2.622894 5.18 -42.690964
      vertex 4.56879 5.18 -45.812864
      vertex 4.19222 5.18 -45.89025
    endloop
  endfacet
  facet normal 0 1 0
    outer loop
      vertex 4.19222 5.18 -45.89025
      vertex 3.80778 5.18 -45.89025
      vertex 2.622894 5.18 -42.690964
    endloop
  endfacet
  facet normal 0 1 0
    outer loop
      vertex 2.622894 5.18 -42.690964
      vertex 3.80778 5.18 -45.89025
      vertex 3.43121 5.18 -45.812864
    endloop
  endfacet
  facet normal 0 1 0
    outer loop
      vertex 2.622894 5.18 -42.690964
      vertex 3.43121 5.18 -45.812864
      vertex 2.387576 5.18 -42.994967
    endloop
  endfacet
  facet normal 0 1 0
    outer loop
      vertex 2.387576 5.18 -42.994967
      vertex 3.43121 5.18 -45.812864
      vertex 3.077926 5.18 -45.661259
    endloop
  endfacet
  facet normal 0 1 0
    outer loop
      vertex 2.387576 5.18 -42.994967
      vertex 3.077926 5.18 -45.661259
      vertex 2.762392 5.18 -45.441642
    endloop
  endfacet
  facet normal 0 1 0
    outer loop
      vertex 2.762392 5.18 -45.441642
      vertex 2.497526 5.18 -45.163002
      vertex 2.387576 5.18 -42.994967
    endloop
  endfacet
  facet normal 0 1 0
    outer loop
      vertex 2.387576 5.18 -42.994967
      vertex 2.497526 5.18 -45.163002
      vertex 2.294171 5.18 -44.83675
    endloop
  endfacet
  facet normal 0 1 0
    outer loop
      vertex 2.387576 5.18 -42.994967
      vertex 2.294171 5.18 -44.83675
      vertex 2.218271 5.18 -43.34012
    endloop
  endfacet
  facet normal 0 1 0
    outer loop
      vertex 2.218271 5.18 -43.34012
      vertex 2.294171 5.18 -44.83675
      vertex 2.160653 5.18 -44.476242
    endloop
  endfacet
  facet normal 0 1 0
    outer loop
      vertex 2.218271 5.18 -43.34012
      vertex 2.160653 5.18 -44.476242
      vertex 2.12191 5.18 -43.712287
    endloop
  endfacet
  facet normal 0 1 0
    outer loop
      vertex 2.12191 5.18 -43.712287
      vertex 2.160653 5.18 -44.476242
      vertex 2.102439 5.18 -44.096231
    endloop
  endfacet
  facet normal -0 -1 0
    outer loop
      vertex 4.299144 2.83 -37.213678
      vertex 4.299144 2.83 -34.786322
      vertex 4 2.83 -37.249999
    endloop
  endfacet
  facet normal 0 -1 0
    outer loop
      vertex 4 2.83 -37.249999
      vertex 4.299144 2.83 -34.786322
      vertex 4 2.83 -34.749999
    endloop
  endfacet
  facet normal 0 -1 0
    outer loop
      vertex 4 2.83 -37.249999
      vertex 4 2.83 -34.749999
      vertex 3.700855 2.83 -37.213678
    endloop
  endfacet
  facet normal 0 -1 0
    outer loop
      vertex 3.700855 2.83 -37.213678
      vertex 4 2.83 -34.749999
      vertex 3.700855 2.83 -34.786322
    endloop
  endfacet
  facet normal 0 -1 0
    outer loop
      vertex 3.700855 2.83 -37.213678
      vertex 3.700855 2.83 -34.786322
      vertex 3.419096 2.83 -37.106819
    endloop
  endfacet
  facet normal 0 -1 0
    outer loop
      vertex 3.419096 2.83 -37.106819
      vertex 3.700855 2.83 -34.786322
      vertex 3.419096 2.83 -34.893179
    endloop
  endfacet
  facet normal 0 -1 0
    outer loop
      vertex 3.419096 2.83 -37.106819
      vertex 3.419096 2.83 -34.893179
      vertex 3.171097 2.83 -36.935639
    endloop
  endfacet
  facet normal 0 -1 0
    outer loop
      vertex 3.171097 2.83 -36.935639
      vertex 3.419096 2.83 -34.893179
      vertex 3.171097 2.83 -35.064361
    endloop
  endfacet
  facet normal 0 -1 0
    outer loop
      vertex 3.171097 2.83 -36.935639
      vertex 3.171097 2.83 -35.064361
      vertex 2.97127 2.83 -36.710081
    endloop
  endfacet
  facet normal 0 -1 0
    outer loop
      vertex 2.97127 2.83 -36.710081
      vertex 3.171097 2.83 -35.064361
      vertex 2.97127 2.83 -35.289919
    endloop
  endfacet
  facet normal 0 -1 0
    outer loop
      vertex 2.97127 2.83 -36.710081
      vertex 2.97127 2.83 -35.289919
      vertex 2.83123 2.83 -36.443255
    endloop
  endfacet
  facet normal 0 -1 0
    outer loop
      vertex 2.83123 2.83 -36.443255
      vertex 2.97127 2.83 -35.289919
      vertex 2.83123 2.83 -35.556743
    endloop
  endfacet
  facet normal 0 -1 0
    outer loop
      vertex 2.83123 2.83 -36.443255
      vertex 2.83123 2.83 -35.556743
      vertex 2.759114 2.83 -36.15067
    endloop
  endfacet
  facet normal 0 -1 0
    outer loop
      vertex 2.759114 2.83 -36.15067
      vertex 2.83123 2.83 -35.556743
      vertex 2.759114 2.83 -35.849328
    endloop
  endfacet
  facet normal 0 -1 0
    outer loop
      vertex 4.299144 2.83 -34.786322
      vertex 4.299144 2.83 -37.213678
      vertex 4.580904 2.83 -34.893179
    endloop
  endfacet
  facet normal 0 -1 -0
    outer loop
      vertex 4.580904 2.83 -34.893179
      vertex 4.299144 2.83 -37.213678
      vertex 4.580904 2.83 -37.106819
    endloop
  endfacet
  facet normal 0 -1 0
    outer loop
      vertex 4.580904 2.83 -34.893179
      vertex 4.580904 2.83 -37.106819
      vertex 4.828903 2.83 -35.064361
    endloop
  endfacet
  facet normal 0 -1 -0
    outer loop
      vertex 4.828903 2.83 -35.064361
      vertex 4.580904 2.83 -37.106819
      vertex 4.828903 2.83 -36.935639
    endloop
  endfacet
  facet normal 0 -1 0
    outer loop
      vertex 4.828903 2.83 -35.064361
      vertex 4.828903 2.83 -36.935639
      vertex 5.02873 2.83 -35.289919
    endloop
  endfacet
  facet normal 0 -1 -0
    outer loop
      vertex 5.02873 2.83 -35.289919
      vertex 4.828903 2.83 -36.935639
      vertex 5.02873 2.83 -36.710081
    endloop
  endfacet
  facet normal 0 -1 0
    outer loop
      vertex 5.02873 2.83 -35.289919
      vertex 5.02873 2.83 -36.710081
      vertex 5.168771 2.83 -35.556743
    endloop
  endfacet
  facet normal 0 -1 -0
    outer loop
      vertex 5.168771 2.83 -35.556743
      vertex 5.02873 2.83 -36.710081
      vertex 5.168771 2.83 -36.443255
    endloop
  endfacet
  facet normal 0 -1 0
    outer loop
      vertex 5.168771 2.83 -35.556743
      vertex 5.168771 2.83 -36.443255
      vertex 5.240886 2.83 -35.849328
    endloop
  endfacet
  facet normal 0 -1 -0
    outer loop
      vertex 5.240886 2.83 -35.849328
      vertex 5.168771 2.83 -36.443255
      vertex 5.240886 2.83 -36.15067
    endloop
  endfacet
  facet normal -0.0980134163 0 0.995185093
    outer loop
      vertex 3.609819 5.08 -34.038429
      vertex 3.609819 3.33 -34.038429
      vertex 4 5.08 -34.000001
    endloop
  endfacet
  facet normal -0.0980134163 0 0.995185093
    outer loop
      vertex 4 5.08 -34.000001
      vertex 3.609819 3.33 -34.038429
      vertex 4 3.33 -34.000001
    endloop
  endfacet
  facet normal 0.0980134163 0 0.995185093
    outer loop
      vertex 4 5.08 -34.000001
      vertex 4 3.33 -34.000001
      vertex 4.390181 5.08 -34.038429
    endloop
  endfacet
  facet normal 0.0980134163 0 0.995185093
    outer loop
      vertex 4.390181 5.08 -34.038429
      vertex 4 3.33 -34.000001
      vertex 4.390181 3.33 -34.038429
    endloop
  endfacet
  facet normal 0.290286011 0 0.956939931
    outer loop
      vertex 4.390181 5.08 -34.038429
      vertex 4.390181 3.33 -34.038429
      vertex 4.765367 5.08 -34.152241
    endloop
  endfacet
  facet normal 0.290286011 0 0.956939931
    outer loop
      vertex 4.765367 5.08 -34.152241
      vertex 4.390181 3.33 -34.038429
      vertex 4.765367 3.33 -34.152241
    endloop
  endfacet
  facet normal 0.471394647 0 0.881922381
    outer loop
      vertex 4.765367 5.08 -34.152241
      vertex 4.765367 3.33 -34.152241
      vertex 5.111141 5.08 -34.33706
    endloop
  endfacet
  facet normal 0.471394647 0 0.881922381
    outer loop
      vertex 5.111141 5.08 -34.33706
      vertex 4.765367 3.33 -34.152241
      vertex 5.111141 3.33 -34.33706
    endloop
  endfacet
  facet normal 0.634393919 0 0.773009932
    outer loop
      vertex 5.111141 5.08 -34.33706
      vertex 5.111141 3.33 -34.33706
      vertex 5.414214 5.08 -34.585786
    endloop
  endfacet
  facet normal 0.634393919 0 0.773009932
    outer loop
      vertex 5.414214 5.08 -34.585786
      vertex 5.111141 3.33 -34.33706
      vertex 5.414214 3.33 -34.585786
    endloop
  endfacet
  facet normal 0.773011183 0 0.634392395
    outer loop
      vertex 5.414214 5.08 -34.585786
      vertex 5.414214 3.33 -34.585786
      vertex 5.662939 5.08 -34.888859
    endloop
  endfacet
  facet normal 0.773011183 0 0.634392395
    outer loop
      vertex 5.662939 5.08 -34.888859
      vertex 5.414214 3.33 -34.585786
      vertex 5.662939 3.33 -34.888859
    endloop
  endfacet
  facet normal 0.881920754 0 0.471397691
    outer loop
      vertex 5.662939 5.08 -34.888859
      vertex 5.662939 3.33 -34.888859
      vertex 5.847759 5.08 -35.234632
    endloop
  endfacet
  facet normal 0.881920754 0 0.471397691
    outer loop
      vertex 5.847759 5.08 -35.234632
      vertex 5.662939 3.33 -34.888859
      vertex 5.847759 3.33 -35.234632
    endloop
  endfacet
  facet normal 0.956940361 0 0.290284594
    outer loop
      vertex 5.847759 5.08 -35.234632
      vertex 5.847759 3.33 -35.234632
      vertex 5.961571 5.08 -35.60982
    endloop
  endfacet
  facet normal 0.956940361 0 0.290284594
    outer loop
      vertex 5.961571 5.08 -35.60982
      vertex 5.847759 3.33 -35.234632
      vertex 5.961571 3.33 -35.60982
    endloop
  endfacet
  facet normal 0.995184796 0 0.0980164399
    outer loop
      vertex 5.961571 5.08 -35.60982
      vertex 5.961571 3.33 -35.60982
      vertex 6 5.08 -35.999999
    endloop
  endfacet
  facet normal 0.995184796 0 0.0980164399
    outer loop
      vertex 6 5.08 -35.999999
      vertex 5.961571 3.33 -35.60982
      vertex 6 3.33 -35.999999
    endloop
  endfacet
  facet normal 0.995184869 0 -0.0980156935
    outer loop
      vertex 6 5.08 -35.999999
      vertex 6 3.33 -35.999999
      vertex 5.961571 5.08 -36.390181
    endloop
  endfacet
  facet normal 0.995184869 0 -0.0980156935
    outer loop
      vertex 5.961571 5.08 -36.390181
      vertex 6 3.33 -35.999999
      vertex 5.961571 3.33 -36.390181
    endloop
  endfacet
  facet normal 0.956940146 0 -0.290285303
    outer loop
      vertex 5.961571 5.08 -36.390181
      vertex 5.961571 3.33 -36.390181
      vertex 5.847759 5.08 -36.765368
    endloop
  endfacet
  facet normal 0.956940146 0 -0.290285303
    outer loop
      vertex 5.847759 5.08 -36.765368
      vertex 5.961571 3.33 -36.390181
      vertex 5.847759 3.33 -36.765368
    endloop
  endfacet
  facet normal 0.881919621 0 -0.471399812
    outer loop
      vertex 5.847759 5.08 -36.765368
      vertex 5.847759 3.33 -36.765368
      vertex 5.662939 5.08 -37.111139
    endloop
  endfacet
  facet normal 0.881919621 0 -0.471399812
    outer loop
      vertex 5.662939 5.08 -37.111139
      vertex 5.847759 3.33 -36.765368
      vertex 5.662939 3.33 -37.111139
    endloop
  endfacet
  facet normal 0.773014262 0 -0.634388643
    outer loop
      vertex 5.662939 5.08 -37.111139
      vertex 5.662939 3.33 -37.111139
      vertex 5.414214 5.08 -37.414215
    endloop
  endfacet
  facet normal 0.773014262 0 -0.634388643
    outer loop
      vertex 5.414214 5.08 -37.414215
      vertex 5.662939 3.33 -37.111139
      vertex 5.414214 3.33 -37.414215
    endloop
  endfacet
  facet normal 0.634392395 0 -0.773011183
    outer loop
      vertex 5.414214 5.08 -37.414215
      vertex 5.414214 3.33 -37.414215
      vertex 5.111141 5.08 -37.66294
    endloop
  endfacet
  facet normal 0.634392395 0 -0.773011183
    outer loop
      vertex 5.111141 5.08 -37.66294
      vertex 5.414214 3.33 -37.414215
      vertex 5.111141 3.33 -37.66294
    endloop
  endfacet
  facet normal 0.471396631 0 -0.881921321
    outer loop
      vertex 5.111141 5.08 -37.66294
      vertex 5.111141 3.33 -37.66294
      vertex 4.765367 5.08 -37.84776
    endloop
  endfacet
  facet normal 0.471396631 0 -0.881921321
    outer loop
      vertex 4.765367 5.08 -37.84776
      vertex 5.111141 3.33 -37.66294
      vertex 4.765367 3.33 -37.84776
    endloop
  endfacet
  facet normal 0.290283676 0 -0.95694064
    outer loop
      vertex 4.765367 5.08 -37.84776
      vertex 4.765367 3.33 -37.84776
      vertex 4.390181 5.08 -37.961571
    endloop
  endfacet
  facet normal 0.290283676 0 -0.95694064
    outer loop
      vertex 4.390181 5.08 -37.961571
      vertex 4.765367 3.33 -37.84776
      vertex 4.390181 3.33 -37.961571
    endloop
  endfacet
  facet normal 0.0980159423 0 -0.995184845
    outer loop
      vertex 4.390181 5.08 -37.961571
      vertex 4.390181 3.33 -37.961571
      vertex 4 5.08 -38
    endloop
  endfacet
  facet normal 0.0980159423 0 -0.995184845
    outer loop
      vertex 4 5.08 -38
      vertex 4.390181 3.33 -37.961571
      vertex 4 3.33 -38
    endloop
  endfacet
  facet normal -0.0980159423 -0 -0.995184845
    outer loop
      vertex 4 5.08 -38
      vertex 4 3.33 -38
      vertex 3.609819 5.08 -37.961571
    endloop
  endfacet
  facet normal -0.0980159423 -0 -0.995184845
    outer loop
      vertex 3.609819 5.08 -37.961571
      vertex 4 3.33 -38
      vertex 3.609819 3.33 -37.961571
    endloop
  endfacet
  facet normal -0.290283676 -0 -0.95694064
    outer loop
      vertex 3.609819 5.08 -37.961571
      vertex 3.609819 3.33 -37.961571
      vertex 3.234633 5.08 -37.84776
    endloop
  endfacet
  facet normal -0.290283676 -0 -0.95694064
    outer loop
      vertex 3.234633 5.08 -37.84776
      vertex 3.609819 3.33 -37.961571
      vertex 3.234633 3.33 -37.84776
    endloop
  endfacet
  facet normal -0.471397691 -0 -0.881920754
    outer loop
      vertex 3.234633 5.08 -37.84776
      vertex 3.234633 3.33 -37.84776
      vertex 2.88886 5.08 -37.66294
    endloop
  endfacet
  facet normal -0.471397691 -0 -0.881920754
    outer loop
      vertex 2.88886 5.08 -37.66294
      vertex 3.234633 3.33 -37.84776
      vertex 2.88886 3.33 -37.66294
    endloop
  endfacet
  facet normal -0.634392395 -0 -0.773011183
    outer loop
      vertex 2.88886 5.08 -37.66294
      vertex 2.88886 3.33 -37.66294
      vertex 2.585787 5.08 -37.414215
    endloop
  endfacet
  facet normal -0.634392395 -0 -0.773011183
    outer loop
      vertex 2.585787 5.08 -37.414215
      vertex 2.88886 3.33 -37.66294
      vertex 2.585787 3.33 -37.414215
    endloop
  endfacet
  facet normal -0.773013011 -0 -0.634390167
    outer loop
      vertex 2.585787 5.08 -37.414215
      vertex 2.585787 3.33 -37.414215
      vertex 2.337061 5.08 -37.111139
    endloop
  endfacet
  facet normal -0.773013011 -0 -0.634390167
    outer loop
      vertex 2.337061 5.08 -37.111139
      vertex 2.585787 3.33 -37.414215
      vertex 2.337061 3.33 -37.111139
    endloop
  endfacet
  facet normal -0.881919621 -0 -0.471399812
    outer loop
      vertex 2.337061 5.08 -37.111139
      vertex 2.337061 3.33 -37.111139
      vertex 2.152241 5.08 -36.765368
    endloop
  endfacet
  facet normal -0.881919621 -0 -0.471399812
    outer loop
      vertex 2.152241 5.08 -36.765368
      vertex 2.337061 3.33 -37.111139
      vertex 2.152241 3.33 -36.765368
    endloop
  endfacet
  facet normal -0.956940146 -0 -0.290285303
    outer loop
      vertex 2.152241 5.08 -36.765368
      vertex 2.152241 3.33 -36.765368
      vertex 2.038429 5.08 -36.390181
    endloop
  endfacet
  facet normal -0.956940146 -0 -0.290285303
    outer loop
      vertex 2.038429 5.08 -36.390181
      vertex 2.152241 3.33 -36.765368
      vertex 2.038429 3.33 -36.390181
    endloop
  endfacet
  facet normal -0.995184869 -0 -0.0980156935
    outer loop
      vertex 2.038429 5.08 -36.390181
      vertex 2.038429 3.33 -36.390181
      vertex 2 5.08 -35.999999
    endloop
  endfacet
  facet normal -0.995184869 -0 -0.0980156935
    outer loop
      vertex 2 5.08 -35.999999
      vertex 2.038429 3.33 -36.390181
      vertex 2 3.33 -35.999999
    endloop
  endfacet
  facet normal -0.995184796 0 0.0980164399
    outer loop
      vertex 2 5.08 -35.999999
      vertex 2 3.33 -35.999999
      vertex 2.038429 5.08 -35.60982
    endloop
  endfacet
  facet normal -0.995184796 0 0.0980164399
    outer loop
      vertex 2.038429 5.08 -35.60982
      vertex 2 3.33 -35.999999
      vertex 2.038429 3.33 -35.60982
    endloop
  endfacet
  facet normal -0.956940361 0 0.290284594
    outer loop
      vertex 2.038429 5.08 -35.60982
      vertex 2.038429 3.33 -35.60982
      vertex 2.152241 5.08 -35.234632
    endloop
  endfacet
  facet normal -0.956940361 0 0.290284594
    outer loop
      vertex 2.152241 5.08 -35.234632
      vertex 2.038429 3.33 -35.60982
      vertex 2.152241 3.33 -35.234632
    endloop
  endfacet
  facet normal -0.881920754 0 0.471397691
    outer loop
      vertex 2.152241 5.08 -35.234632
      vertex 2.152241 3.33 -35.234632
      vertex 2.337061 5.08 -34.888859
    endloop
  endfacet
  facet normal -0.881920754 0 0.471397691
    outer loop
      vertex 2.337061 5.08 -34.888859
      vertex 2.152241 3.33 -35.234632
      vertex 2.337061 3.33 -34.888859
    endloop
  endfacet
  facet normal -0.773009932 0 0.634393919
    outer loop
      vertex 2.337061 5.08 -34.888859
      vertex 2.337061 3.33 -34.888859
      vertex 2.585787 5.08 -34.585786
    endloop
  endfacet
  facet normal -0.773009932 0 0.634393919
    outer loop
      vertex 2.585787 5.08 -34.585786
      vertex 2.337061 3.33 -34.888859
      vertex 2.585787 3.33 -34.585786
    endloop
  endfacet
  facet normal -0.634393919 0 0.773009932
    outer loop
      vertex 2.585787 5.08 -34.585786
      vertex 2.585787 3.33 -34.585786
      vertex 2.88886 5.08 -34.33706
    endloop
  endfacet
  facet normal -0.634393919 0 0.773009932
    outer loop
      vertex 2.88886 5.08 -34.33706
      vertex 2.585787 3.33 -34.585786
      vertex 2.88886 3.33 -34.33706
    endloop
  endfacet
  facet normal -0.471395707 0 0.881921815
    outer loop
      vertex 2.88886 5.08 -34.33706
      vertex 2.88886 3.33 -34.33706
      vertex 3.234633 5.08 -34.152241
    endloop
  endfacet
  facet normal -0.471395707 0 0.881921815
    outer loop
      vertex 3.234633 5.08 -34.152241
      vertex 2.88886 3.33 -34.33706
      vertex 3.234633 3.33 -34.152241
    endloop
  endfacet
  facet normal -0.290286011 0 0.956939931
    outer loop
      vertex 3.234633 5.08 -34.152241
      vertex 3.234633 3.33 -34.152241
      vertex 3.609819 5.08 -34.038429
    endloop
  endfacet
  facet normal -0.290286011 0 0.956939931
    outer loop
      vertex 3.609819 5.08 -34.038429
      vertex 3.234633 3.33 -34.152241
      vertex 3.609819 3.33 -34.038429
    endloop
  endfacet
  facet normal 0.090623214 0.38111264 0.920076404
    outer loop
      vertex 4.390181 5.08 -26.03843
      vertex 4.384467 5.150711 -26.067157
      vertex 4 5.08 -25.999999
    endloop
  endfacet
  facet normal 0.0906226557 0.381114856 0.920075541
    outer loop
      vertex 4 5.08 -25.999999
      vertex 4.384467 5.150711 -26.067157
      vertex 4 5.150711 -26.029289
    endloop
  endfacet
  facet normal -0.0906231251 0.38111484 0.920075501
    outer loop
      vertex 4 5.08 -25.999999
      vertex 4 5.150711 -26.029289
      vertex 3.609819 5.08 -26.03843
    endloop
  endfacet
  facet normal -0.0906227459 0.381112624 0.920076457
    outer loop
      vertex 3.609819 5.08 -26.03843
      vertex 4 5.150711 -26.029289
      vertex 3.615533 5.150711 -26.067157
    endloop
  endfacet
  facet normal -0.268375615 0.381112215 0.884719169
    outer loop
      vertex 3.609819 5.08 -26.03843
      vertex 3.615533 5.150711 -26.067157
      vertex 3.234633 5.08 -26.152241
    endloop
  endfacet
  facet normal -0.268376412 0.381121737 0.884714826
    outer loop
      vertex 3.234633 5.08 -26.152241
      vertex 3.615533 5.150711 -26.067157
      vertex 3.245842 5.150711 -26.179302
    endloop
  endfacet
  facet normal -0.435818913 0.381121598 0.815357715
    outer loop
      vertex 3.234633 5.08 -26.152241
      vertex 3.245842 5.150711 -26.179302
      vertex 2.88886 5.08 -26.337061
    endloop
  endfacet
  facet normal -0.435819101 0.381094162 0.815370438
    outer loop
      vertex 2.88886 5.08 -26.337061
      vertex 3.245842 5.150711 -26.179302
      vertex 2.905132 5.150711 -26.361413
    endloop
  endfacet
  facet normal -0.586518455 0.381095303 0.714676481
    outer loop
      vertex 2.88886 5.08 -26.337061
      vertex 2.905132 5.150711 -26.361413
      vertex 2.585787 5.08 -26.585786
    endloop
  endfacet
  facet normal -0.586516624 0.381114136 0.71466794
    outer loop
      vertex 2.585787 5.08 -26.585786
      vertex 2.905132 5.150711 -26.361413
      vertex 2.606497 5.150711 -26.606498
    endloop
  endfacet
  facet normal -0.714670335 0.381110962 0.586515769
    outer loop
      vertex 2.585787 5.08 -26.585786
      vertex 2.606497 5.150711 -26.606498
      vertex 2.337061 5.08 -26.888859
    endloop
  endfacet
  facet normal -0.714671646 0.381103826 0.586518808
    outer loop
      vertex 2.337061 5.08 -26.888859
      vertex 2.606497 5.150711 -26.606498
      vertex 2.361414 5.150711 -26.905131
    endloop
  endfacet
  facet normal -0.81536457 0.381104182 0.435821316
    outer loop
      vertex 2.337061 5.08 -26.888859
      vertex 2.361414 5.150711 -26.905131
      vertex 2.152241 5.08 -27.234633
    endloop
  endfacet
  facet normal -0.815363952 0.38110653 0.43582042
    outer loop
      vertex 2.152241 5.08 -27.234633
      vertex 2.361414 5.150711 -26.905131
      vertex 2.179301 5.150711 -27.245841
    endloop
  endfacet
  facet normal -0.884720462 0.381107782 0.26837765
    outer loop
      vertex 2.152241 5.08 -27.234633
      vertex 2.179301 5.150711 -27.245841
      vertex 2.038429 5.08 -27.60982
    endloop
  endfacet
  facet normal -0.884720082 0.381108925 0.26837728
    outer loop
      vertex 2.038429 5.08 -27.60982
      vertex 2.179301 5.150711 -27.245841
      vertex 2.067156 5.150711 -27.615533
    endloop
  endfacet
  facet normal -0.920077354 0.38111139 0.0906188237
    outer loop
      vertex 2.038429 5.08 -27.60982
      vertex 2.067156 5.150711 -27.615533
      vertex 2 5.08 -28
    endloop
  endfacet
  facet normal -0.920080303 0.381103817 0.0906207316
    outer loop
      vertex 2 5.08 -28
      vertex 2.067156 5.150711 -27.615533
      vertex 2.029289 5.150711 -28
    endloop
  endfacet
  facet normal -0.920080457 0.381103881 -0.0906188971
    outer loop
      vertex 2 5.08 -28
      vertex 2.029289 5.150711 -28
      vertex 2.038429 5.08 -28.390181
    endloop
  endfacet
  facet normal -0.920076248 0.381113645 -0.090620568
    outer loop
      vertex 2.038429 5.08 -28.390181
      vertex 2.029289 5.150711 -28
      vertex 2.067156 5.150711 -28.384466
    endloop
  endfacet
  facet normal -0.884717076 0.381115357 -0.268378053
    outer loop
      vertex 2.038429 5.08 -28.390181
      vertex 2.067156 5.150711 -28.384466
      vertex 2.152241 5.08 -28.765366
    endloop
  endfacet
  facet normal -0.884720536 0.381107774 -0.268377418
    outer loop
      vertex 2.152241 5.08 -28.765366
      vertex 2.067156 5.150711 -28.384466
      vertex 2.179301 5.150711 -28.754158
    endloop
  endfacet
  facet normal -0.815363723 0.381106512 -0.435820864
    outer loop
      vertex 2.152241 5.08 -28.765366
      vertex 2.179301 5.150711 -28.754158
      vertex 2.337061 5.08 -29.11114
    endloop
  endfacet
  facet normal -0.815364812 0.381104165 -0.43582088
    outer loop
      vertex 2.337061 5.08 -29.11114
      vertex 2.179301 5.150711 -28.754158
      vertex 2.361414 5.150711 -29.094868
    endloop
  endfacet
  facet normal -0.714672592 0.381103879 -0.586517621
    outer loop
      vertex 2.337061 5.08 -29.11114
      vertex 2.361414 5.150711 -29.094868
      vertex 2.585787 5.08 -29.414213
    endloop
  endfacet
  facet normal -0.714679073 0.381089587 -0.58651901
    outer loop
      vertex 2.585787 5.08 -29.414213
      vertex 2.361414 5.150711 -29.094868
      vertex 2.606497 5.150711 -29.393504
    endloop
  endfacet
  facet normal -0.586520344 0.38108808 -0.714678782
    outer loop
      vertex 2.585787 5.08 -29.414213
      vertex 2.606497 5.150711 -29.393504
      vertex 2.88886 5.08 -29.662938
    endloop
  endfacet
  facet normal -0.586517245 0.381095356 -0.714677445
    outer loop
      vertex 2.88886 5.08 -29.662938
      vertex 2.606497 5.150711 -29.393504
      vertex 2.905132 5.150711 -29.638586
    endloop
  endfacet
  facet normal -0.435827845 0.381094509 -0.815365602
    outer loop
      vertex 2.88886 5.08 -29.662938
      vertex 2.905132 5.150711 -29.638586
      vertex 3.234633 5.08 -29.84776
    endloop
  endfacet
  facet normal -0.435821272 0.381111725 -0.815361069
    outer loop
      vertex 3.234633 5.08 -29.84776
      vertex 2.905132 5.150711 -29.638586
      vertex 3.245842 5.150711 -29.8207
    endloop
  endfacet
  facet normal -0.268377914 0.38111105 -0.884718974
    outer loop
      vertex 3.234633 5.08 -29.84776
      vertex 3.245842 5.150711 -29.8207
      vertex 3.609819 5.08 -29.961572
    endloop
  endfacet
  facet normal -0.26837756 0.381112145 -0.88471861
    outer loop
      vertex 3.609819 5.08 -29.961572
      vertex 3.245842 5.150711 -29.8207
      vertex 3.615533 5.150711 -29.932845
    endloop
  endfacet
  facet normal -0.0906162176 0.381112396 -0.920077194
    outer loop
      vertex 3.609819 5.08 -29.961572
      vertex 3.615533 5.150711 -29.932845
      vertex 4 5.08 -30
    endloop
  endfacet
  facet normal -0.0906155353 0.381115104 -0.920076139
    outer loop
      vertex 4 5.08 -30
      vertex 3.615533 5.150711 -29.932845
      vertex 4 5.150711 -29.97071
    endloop
  endfacet
  facet normal 0.090616109 0.381115084 -0.920076091
    outer loop
      vertex 4 5.08 -30
      vertex 4 5.150711 -29.97071
      vertex 4.390181 5.08 -29.961572
    endloop
  endfacet
  facet normal 0.0906156455 0.381112376 -0.920077259
    outer loop
      vertex 4.390181 5.08 -29.961572
      vertex 4 5.150711 -29.97071
      vertex 4.384467 5.150711 -29.932845
    endloop
  endfacet
  facet normal 0.268377784 0.381112137 -0.884718545
    outer loop
      vertex 4.390181 5.08 -29.961572
      vertex 4.384467 5.150711 -29.932845
      vertex 4.765367 5.08 -29.84776
    endloop
  endfacet
  facet normal 0.268377692 0.381111042 -0.884719045
    outer loop
      vertex 4.765367 5.08 -29.84776
      vertex 4.384467 5.150711 -29.932845
      vertex 4.754158 5.150711 -29.8207
    endloop
  endfacet
  facet normal 0.435823536 0.381111636 -0.8153599
    outer loop
      vertex 4.765367 5.08 -29.84776
      vertex 4.754158 5.150711 -29.8207
      vertex 5.111141 5.08 -29.662938
    endloop
  endfacet
  facet normal 0.435823618 0.38109965 -0.815365458
    outer loop
      vertex 5.111141 5.08 -29.662938
      vertex 4.754158 5.150711 -29.8207
      vertex 5.094868 5.150711 -29.638586
    endloop
  endfacet
  facet normal 0.586516601 0.381102393 -0.714674222
    outer loop
      vertex 5.111141 5.08 -29.662938
      vertex 5.094868 5.150711 -29.638586
      vertex 5.414214 5.08 -29.414213
    endloop
  endfacet
  facet normal 0.586517308 0.381095116 -0.714677521
    outer loop
      vertex 5.414214 5.08 -29.414213
      vertex 5.094868 5.150711 -29.638586
      vertex 5.393503 5.150711 -29.393504
    endloop
  endfacet
  facet normal 0.714675536 0.381098268 -0.586517679
    outer loop
      vertex 5.414214 5.08 -29.414213
      vertex 5.393503 5.150711 -29.393504
      vertex 5.662939 5.08 -29.11114
    endloop
  endfacet
  facet normal 0.714674485 0.381103984 -0.586515246
    outer loop
      vertex 5.662939 5.08 -29.11114
      vertex 5.393503 5.150711 -29.393504
      vertex 5.638586 5.150711 -29.094868
    endloop
  endfacet
  facet normal 0.81536457 0.381104182 -0.435821316
    outer loop
      vertex 5.662939 5.08 -29.11114
      vertex 5.638586 5.150711 -29.094868
      vertex 5.847759 5.08 -28.765366
    endloop
  endfacet
  facet normal 0.815363952 0.38110653 -0.43582042
    outer loop
      vertex 5.847759 5.08 -28.765366
      vertex 5.638586 5.150711 -29.094868
      vertex 5.820699 5.150711 -28.754158
    endloop
  endfacet
  facet normal 0.884720046 0.38110783 -0.268378954
    outer loop
      vertex 5.847759 5.08 -28.765366
      vertex 5.820699 5.150711 -28.754158
      vertex 5.961571 5.08 -28.390181
    endloop
  endfacet
  facet normal 0.884717522 0.381115413 -0.268376504
    outer loop
      vertex 5.961571 5.08 -28.390181
      vertex 5.820699 5.150711 -28.754158
      vertex 5.932844 5.150711 -28.384466
    endloop
  endfacet
  facet normal 0.920076481 0.381113573 -0.0906185055
    outer loop
      vertex 5.961571 5.08 -28.390181
      vertex 5.932844 5.150711 -28.384466
      vertex 6 5.08 -28
    endloop
  endfacet
  facet normal 0.920080283 0.381103809 -0.0906209654
    outer loop
      vertex 6 5.08 -28
      vertex 5.932844 5.150711 -28.384466
      vertex 5.970711 5.150711 -28
    endloop
  endfacet
  facet normal 0.920080438 0.381103873 0.0906191274
    outer loop
      vertex 6 5.08 -28
      vertex 5.970711 5.150711 -28
      vertex 5.961571 5.08 -27.60982
    endloop
  endfacet
  facet normal 0.920077173 0.381111446 0.0906204234
    outer loop
      vertex 5.961571 5.08 -27.60982
      vertex 5.970711 5.150711 -28
      vertex 5.932844 5.150711 -27.615533
    endloop
  endfacet
  facet normal 0.884720014 0.381108916 0.268377514
    outer loop
      vertex 5.961571 5.08 -27.60982
      vertex 5.932844 5.150711 -27.615533
      vertex 5.847759 5.08 -27.234633
    endloop
  endfacet
  facet normal 0.884720536 0.381107774 0.268377418
    outer loop
      vertex 5.847759 5.08 -27.234633
      vertex 5.932844 5.150711 -27.615533
      vertex 5.820699 5.150711 -27.245841
    endloop
  endfacet
  facet normal 0.815363723 0.381106512 0.435820864
    outer loop
      vertex 5.847759 5.08 -27.234633
      vertex 5.820699 5.150711 -27.245841
      vertex 5.662939 5.08 -26.888859
    endloop
  endfacet
  facet normal 0.815364812 0.381104165 0.43582088
    outer loop
      vertex 5.662939 5.08 -26.888859
      vertex 5.820699 5.150711 -27.245841
      vertex 5.638586 5.150711 -26.905131
    endloop
  endfacet
  facet normal 0.714673728 0.381103942 0.586516196
    outer loop
      vertex 5.662939 5.08 -26.888859
      vertex 5.638586 5.150711 -26.905131
      vertex 5.414214 5.08 -26.585786
    endloop
  endfacet
  facet normal 0.714666603 0.381119654 0.586514669
    outer loop
      vertex 5.414214 5.08 -26.585786
      vertex 5.638586 5.150711 -26.905131
      vertex 5.393503 5.150711 -26.606498
    endloop
  endfacet
  facet normal 0.586511712 0.381121087 0.714668265
    outer loop
      vertex 5.414214 5.08 -26.585786
      vertex 5.393503 5.150711 -26.606498
      vertex 5.111141 5.08 -26.337061
    endloop
  endfacet
  facet normal 0.586519732 0.381102254 0.714671726
    outer loop
      vertex 5.111141 5.08 -26.337061
      vertex 5.393503 5.150711 -26.606498
      vertex 5.094868 5.150711 -26.361413
    endloop
  endfacet
  facet normal 0.435822208 0.381099594 0.815366238
    outer loop
      vertex 5.111141 5.08 -26.337061
      vertex 5.094868 5.150711 -26.361413
      vertex 4.765367 5.08 -26.152241
    endloop
  endfacet
  facet normal 0.43581373 0.3811218 0.81536039
    outer loop
      vertex 4.765367 5.08 -26.152241
      vertex 5.094868 5.150711 -26.361413
      vertex 4.754158 5.150711 -26.179302
    endloop
  endfacet
  facet normal 0.268374484 0.381121666 0.884715441
    outer loop
      vertex 4.765367 5.08 -26.152241
      vertex 4.754158 5.150711 -26.179302
      vertex 4.390181 5.08 -26.03843
    endloop
  endfacet
  facet normal 0.26837756 0.381112145 0.88471861
    outer loop
      vertex 4.390181 5.08 -26.03843
      vertex 4.754158 5.150711 -26.179302
      vertex 4.384467 5.150711 -26.067157
    endloop
  endfacet
  facet normal -0.0383174998 0.925498665 0.376807631
    outer loop
      vertex 3.617533 5.18 -26.138892
      vertex 3.615533 5.150711 -26.067157
      vertex 4 5.18 -26.099999
    endloop
  endfacet
  facet normal -0.0376655365 0.923224139 0.382411424
    outer loop
      vertex 4 5.18 -26.099999
      vertex 3.615533 5.150711 -26.067157
      vertex 4 5.150711 -26.029289
    endloop
  endfacet
  facet normal 0.0376655365 0.923224139 0.382411424
    outer loop
      vertex 4 5.18 -26.099999
      vertex 4 5.150711 -26.029289
      vertex 4.384467 5.150711 -26.067157
    endloop
  endfacet
  facet normal -0.113109554 0.920963448 0.372870695
    outer loop
      vertex 3.615533 5.150711 -26.067157
      vertex 3.617533 5.18 -26.138892
      vertex 3.245842 5.150711 -26.179302
    endloop
  endfacet
  facet normal -0.111850235 0.927578835 0.356492677
    outer loop
      vertex 3.245842 5.150711 -26.179302
      vertex 3.617533 5.18 -26.138892
      vertex 3.250724 5.18 -26.253979
    endloop
  endfacet
  facet normal -0.186105048 0.918767602 0.348182432
    outer loop
      vertex 3.245842 5.150711 -26.179302
      vertex 3.250724 5.18 -26.253979
      vertex 2.905132 5.150711 -26.361413
    endloop
  endfacet
  facet normal -0.179055777 0.929446864 0.322595034
    outer loop
      vertex 2.905132 5.150711 -26.361413
      vertex 3.250724 5.18 -26.253979
      vertex 2.914591 5.18 -26.440549
    endloop
  endfacet
  facet normal -0.253555116 0.916654852 0.308955799
    outer loop
      vertex 2.905132 5.150711 -26.361413
      vertex 2.914591 5.18 -26.440549
      vertex 2.606497 5.150711 -26.606498
    endloop
  endfacet
  facet normal -0.237583151 0.931108259 0.276751976
    outer loop
      vertex 2.606497 5.150711 -26.606498
      vertex 2.914591 5.18 -26.440549
      vertex 2.622894 5.18 -26.690962
    endloop
  endfacet
  facet normal -0.312528948 0.914625601 0.256487167
    outer loop
      vertex 2.606497 5.150711 -26.606498
      vertex 2.622894 5.18 -26.690962
      vertex 2.361414 5.150711 -26.905131
    endloop
  endfacet
  facet normal -0.285418357 0.932590977 0.22093083
    outer loop
      vertex 2.361414 5.150711 -26.905131
      vertex 2.622894 5.18 -26.690962
      vertex 2.387576 5.18 -26.994967
    endloop
  endfacet
  facet normal -0.36036859 0.912705724 0.192620719
    outer loop
      vertex 2.361414 5.150711 -26.905131
      vertex 2.387576 5.18 -26.994967
      vertex 2.179301 5.150711 -27.245841
    endloop
  endfacet
  facet normal -0.320987331 0.933903691 0.157451674
    outer loop
      vertex 2.179301 5.150711 -27.245841
      vertex 2.387576 5.18 -26.994967
      vertex 2.218271 5.18 -27.340119
    endloop
  endfacet
  facet normal -0.394848514 0.910905222 0.119776156
    outer loop
      vertex 2.179301 5.150711 -27.245841
      vertex 2.218271 5.18 -27.340119
      vertex 2.067156 5.150711 -27.615533
    endloop
  endfacet
  facet normal -0.343171536 0.935060657 0.0888530544
    outer loop
      vertex 2.067156 5.150711 -27.615533
      vertex 2.218271 5.18 -27.340119
      vertex 2.12191 5.18 -27.712288
    endloop
  endfacet
  facet normal -0.41426908 0.90923941 0.0408022724
    outer loop
      vertex 2.067156 5.150711 -27.615533
      vertex 2.12191 5.18 -27.712288
      vertex 2.029289 5.150711 -28
    endloop
  endfacet
  facet normal -0.351358645 0.936071367 0.0178184948
    outer loop
      vertex 2.029289 5.150711 -28
      vertex 2.12191 5.18 -27.712288
      vertex 2.102439 5.18 -28.096232
    endloop
  endfacet
  facet normal -0.417551322 0.90772219 -0.0411256546
    outer loop
      vertex 2.029289 5.150711 -28
      vertex 2.102439 5.18 -28.096232
      vertex 2.067156 5.150711 -28.384466
    endloop
  endfacet
  facet normal -0.345453656 0.936942474 -0.0529204285
    outer loop
      vertex 2.067156 5.150711 -28.384466
      vertex 2.102439 5.18 -28.096232
      vertex 2.160653 5.18 -28.476241
    endloop
  endfacet
  facet normal -0.404316428 0.90635845 -0.12264822
    outer loop
      vertex 2.067156 5.150711 -28.384466
      vertex 2.160653 5.18 -28.476241
      vertex 2.179301 5.150711 -28.754158
    endloop
  endfacet
  facet normal -0.325858204 0.937684138 -0.120685077
    outer loop
      vertex 2.179301 5.150711 -28.754158
      vertex 2.160653 5.18 -28.476241
      vertex 2.294171 5.18 -28.836749
    endloop
  endfacet
  facet normal -0.374858099 0.905171292 -0.20036551
    outer loop
      vertex 2.179301 5.150711 -28.754158
      vertex 2.294171 5.18 -28.836749
      vertex 2.361414 5.150711 -29.094868
    endloop
  endfacet
  facet normal -0.293472022 0.938303436 -0.182923026
    outer loop
      vertex 2.361414 5.150711 -29.094868
      vertex 2.294171 5.18 -28.836749
      vertex 2.497526 5.18 -29.163001
    endloop
  endfacet
  facet normal -0.330213952 0.904167412 -0.270998225
    outer loop
      vertex 2.361414 5.150711 -29.094868
      vertex 2.497526 5.18 -29.163001
      vertex 2.606497 5.150711 -29.393504
    endloop
  endfacet
  facet normal -0.249655491 0.93880438 -0.237315132
    outer loop
      vertex 2.606497 5.150711 -29.393504
      vertex 2.497526 5.18 -29.163001
      vertex 2.762392 5.18 -29.44164
    endloop
  endfacet
  facet normal -0.272090341 0.903351977 -0.331544948
    outer loop
      vertex 2.606497 5.150711 -29.393504
      vertex 2.762392 5.18 -29.44164
      vertex 2.905132 5.150711 -29.638586
    endloop
  endfacet
  facet normal -0.196179461 0.939186148 -0.281856343
    outer loop
      vertex 2.905132 5.150711 -29.638586
      vertex 2.762392 5.18 -29.44164
      vertex 3.077926 5.18 -29.66126
    endloop
  endfacet
  facet normal -0.202801028 0.902728007 -0.379412557
    outer loop
      vertex 2.905132 5.150711 -29.638586
      vertex 3.077926 5.18 -29.66126
      vertex 3.245842 5.150711 -29.8207
    endloop
  endfacet
  facet normal -0.135129331 0.939459314 -0.314890872
    outer loop
      vertex 3.245842 5.150711 -29.8207
      vertex 3.077926 5.18 -29.66126
      vertex 3.43121 5.18 -29.812865
    endloop
  endfacet
  facet normal -0.125134492 0.902316834 -0.412511442
    outer loop
      vertex 3.245842 5.150711 -29.8207
      vertex 3.43121 5.18 -29.812865
      vertex 3.615533 5.150711 -29.932845
    endloop
  endfacet
  facet normal -0.0688851793 0.939623942 -0.335203938
    outer loop
      vertex 3.615533 5.150711 -29.932845
      vertex 3.43121 5.18 -29.812865
      vertex 3.80778 5.18 -29.890251
    endloop
  endfacet
  facet normal -0.0422932485 0.90210939 -0.429429773
    outer loop
      vertex 3.615533 5.150711 -29.932845
      vertex 3.80778 5.18 -29.890251
      vertex 4 5.150711 -29.97071
    endloop
  endfacet
  facet normal 0 0.939676408 -0.342064683
    outer loop
      vertex 4 5.150711 -29.97071
      vertex 3.80778 5.18 -29.890251
      vertex 4.19222 5.18 -29.890251
    endloop
  endfacet
  facet normal 0.0422932485 0.90210939 -0.429429773
    outer loop
      vertex 4 5.150711 -29.97071
      vertex 4.19222 5.18 -29.890251
      vertex 4.384467 5.150711 -29.932845
    endloop
  endfacet
  facet normal 0.0688851793 0.939623942 -0.335203938
    outer loop
      vertex 4.384467 5.150711 -29.932845
      vertex 4.19222 5.18 -29.890251
      vertex 4.56879 5.18 -29.812865
    endloop
  endfacet
  facet normal 0.125134492 0.902316834 -0.412511442
    outer loop
      vertex 4.384467 5.150711 -29.932845
      vertex 4.56879 5.18 -29.812865
      vertex 4.754158 5.150711 -29.8207
    endloop
  endfacet
  facet normal 0.135129331 0.939459314 -0.314890872
    outer loop
      vertex 4.754158 5.150711 -29.8207
      vertex 4.56879 5.18 -29.812865
      vertex 4.922074 5.18 -29.66126
    endloop
  endfacet
  facet normal 0.202801028 0.902728007 -0.379412557
    outer loop
      vertex 4.754158 5.150711 -29.8207
      vertex 4.922074 5.18 -29.66126
      vertex 5.094868 5.150711 -29.638586
    endloop
  endfacet
  facet normal 0.196179461 0.939186148 -0.281856343
    outer loop
      vertex 5.094868 5.150711 -29.638586
      vertex 4.922074 5.18 -29.66126
      vertex 5.237608 5.18 -29.44164
    endloop
  endfacet
  facet normal 0.272090341 0.903351977 -0.331544948
    outer loop
      vertex 5.094868 5.150711 -29.638586
      vertex 5.237608 5.18 -29.44164
      vertex 5.393503 5.150711 -29.393504
    endloop
  endfacet
  facet normal 0.249655491 0.93880438 -0.237315132
    outer loop
      vertex 5.393503 5.150711 -29.393504
      vertex 5.237608 5.18 -29.44164
      vertex 5.502474 5.18 -29.163001
    endloop
  endfacet
  facet normal 0.330213952 0.904167412 -0.270998225
    outer loop
      vertex 5.393503 5.150711 -29.393504
      vertex 5.502474 5.18 -29.163001
      vertex 5.638586 5.150711 -29.094868
    endloop
  endfacet
  facet normal 0.293472022 0.938303436 -0.182923026
    outer loop
      vertex 5.638586 5.150711 -29.094868
      vertex 5.502474 5.18 -29.163001
      vertex 5.705829 5.18 -28.836749
    endloop
  endfacet
  facet normal 0.374858099 0.905171292 -0.20036551
    outer loop
      vertex 5.638586 5.150711 -29.094868
      vertex 5.705829 5.18 -28.836749
      vertex 5.820699 5.150711 -28.754158
    endloop
  endfacet
  facet normal 0.325858204 0.937684138 -0.120685077
    outer loop
      vertex 5.820699 5.150711 -28.754158
      vertex 5.705829 5.18 -28.836749
      vertex 5.839347 5.18 -28.476241
    endloop
  endfacet
  facet normal 0.404316428 0.90635845 -0.12264822
    outer loop
      vertex 5.820699 5.150711 -28.754158
      vertex 5.839347 5.18 -28.476241
      vertex 5.932844 5.150711 -28.384466
    endloop
  endfacet
  facet normal 0.345453656 0.936942474 -0.0529204285
    outer loop
      vertex 5.932844 5.150711 -28.384466
      vertex 5.839347 5.18 -28.476241
      vertex 5.897561 5.18 -28.096232
    endloop
  endfacet
  facet normal 0.417551322 0.90772219 -0.0411256546
    outer loop
      vertex 5.932844 5.150711 -28.384466
      vertex 5.897561 5.18 -28.096232
      vertex 5.970711 5.150711 -28
    endloop
  endfacet
  facet normal 0.351358645 0.936071367 0.0178184948
    outer loop
      vertex 5.970711 5.150711 -28
      vertex 5.897561 5.18 -28.096232
      vertex 5.87809 5.18 -27.712288
    endloop
  endfacet
  facet normal 0.41426908 0.90923941 0.0408022724
    outer loop
      vertex 5.970711 5.150711 -28
      vertex 5.87809 5.18 -27.712288
      vertex 5.932844 5.150711 -27.615533
    endloop
  endfacet
  facet normal 0.343171536 0.935060657 0.0888530544
    outer loop
      vertex 5.932844 5.150711 -27.615533
      vertex 5.87809 5.18 -27.712288
      vertex 5.781729 5.18 -27.340119
    endloop
  endfacet
  facet normal 0.394848514 0.910905222 0.119776156
    outer loop
      vertex 5.932844 5.150711 -27.615533
      vertex 5.781729 5.18 -27.340119
      vertex 5.820699 5.150711 -27.245841
    endloop
  endfacet
  facet normal 0.320987331 0.933903691 0.157451674
    outer loop
      vertex 5.820699 5.150711 -27.245841
      vertex 5.781729 5.18 -27.340119
      vertex 5.612424 5.18 -26.994967
    endloop
  endfacet
  facet normal 0.36036859 0.912705724 0.192620719
    outer loop
      vertex 5.820699 5.150711 -27.245841
      vertex 5.612424 5.18 -26.994967
      vertex 5.638586 5.150711 -26.905131
    endloop
  endfacet
  facet normal 0.285418357 0.932590977 0.22093083
    outer loop
      vertex 5.638586 5.150711 -26.905131
      vertex 5.612424 5.18 -26.994967
      vertex 5.377106 5.18 -26.690962
    endloop
  endfacet
  facet normal 0.312528948 0.914625601 0.256487167
    outer loop
      vertex 5.638586 5.150711 -26.905131
      vertex 5.377106 5.18 -26.690962
      vertex 5.393503 5.150711 -26.606498
    endloop
  endfacet
  facet normal 0.237583819 0.93110814 0.276751805
    outer loop
      vertex 5.393503 5.150711 -26.606498
      vertex 5.377106 5.18 -26.690962
      vertex 5.08541 5.18 -26.440549
    endloop
  endfacet
  facet normal 0.253557128 0.916653469 0.308958251
    outer loop
      vertex 5.393503 5.150711 -26.606498
      vertex 5.08541 5.18 -26.440549
      vertex 5.094868 5.150711 -26.361413
    endloop
  endfacet
  facet normal 0.179056307 0.929446097 0.322596949
    outer loop
      vertex 5.094868 5.150711 -26.361413
      vertex 5.08541 5.18 -26.440549
      vertex 4.749276 5.18 -26.253979
    endloop
  endfacet
  facet normal 0.186105048 0.918767602 0.348182432
    outer loop
      vertex 5.094868 5.150711 -26.361413
      vertex 4.749276 5.18 -26.253979
      vertex 4.754158 5.150711 -26.179302
    endloop
  endfacet
  facet normal 0.111850235 0.927578835 0.356492677
    outer loop
      vertex 4.754158 5.150711 -26.179302
      vertex 4.749276 5.18 -26.253979
      vertex 4.382467 5.18 -26.138892
    endloop
  endfacet
  facet normal 0.113109554 0.920963448 0.372870695
    outer loop
      vertex 4.754158 5.150711 -26.179302
      vertex 4.382467 5.18 -26.138892
      vertex 4.384467 5.150711 -26.067157
    endloop
  endfacet
  facet normal 0.0383174998 0.925498665 0.376807631
    outer loop
      vertex 4.384467 5.150711 -26.067157
      vertex 4.382467 5.18 -26.138892
      vertex 4 5.18 -26.099999
    endloop
  endfacet
  facet normal 0.0906171163 0.381090152 0.920086319
    outer loop
      vertex 4.390181 5.08 -74.038429
      vertex 4.384467 5.150711 -74.067154
      vertex 4 5.08 -74.000001
    endloop
  endfacet
  facet normal 0.0906192569 0.381081655 0.920089627
    outer loop
      vertex 4 5.08 -74.000001
      vertex 4.384467 5.150711 -74.067154
      vertex 4 5.150711 -74.029288
    endloop
  endfacet
  facet normal -0.0906174571 0.381081718 0.920089779
    outer loop
      vertex 4 5.08 -74.000001
      vertex 4 5.150711 -74.029288
      vertex 3.609819 5.08 -74.038429
    endloop
  endfacet
  facet normal -0.0906189111 0.381090214 0.920086116
    outer loop
      vertex 3.609819 5.08 -74.038429
      vertex 4 5.150711 -74.029288
      vertex 3.615533 5.150711 -74.067154
    endloop
  endfacet
  facet normal -0.268380343 0.381090748 0.884726983
    outer loop
      vertex 3.609819 5.08 -74.038429
      vertex 3.615533 5.150711 -74.067154
      vertex 3.234633 5.08 -74.152241
    endloop
  endfacet
  facet normal -0.268382056 0.381111201 0.884717652
    outer loop
      vertex 3.234633 5.08 -74.152241
      vertex 3.615533 5.150711 -74.067154
      vertex 3.245842 5.150711 -74.179301
    endloop
  endfacet
  facet normal -0.435824524 0.381111598 0.81535939
    outer loop
      vertex 3.234633 5.08 -74.152241
      vertex 3.245842 5.150711 -74.179301
      vertex 2.88886 5.08 -74.337063
    endloop
  endfacet
  facet normal -0.435824642 0.381094382 0.815367373
    outer loop
      vertex 2.88886 5.08 -74.337063
      vertex 3.245842 5.150711 -74.179301
      vertex 2.905132 5.150711 -74.361415
    endloop
  endfacet
  facet normal -0.586515604 0.381095429 0.714678753
    outer loop
      vertex 2.88886 5.08 -74.337063
      vertex 2.905132 5.150711 -74.361415
      vertex 2.585787 5.08 -74.585786
    endloop
  endfacet
  facet normal -0.586516336 0.381087898 0.714682169
    outer loop
      vertex 2.585787 5.08 -74.585786
      vertex 2.905132 5.150711 -74.361415
      vertex 2.606497 5.150711 -74.606495
    endloop
  endfacet
  facet normal -0.714677112 0.381089692 0.586521331
    outer loop
      vertex 2.585787 5.08 -74.585786
      vertex 2.606497 5.150711 -74.606495
      vertex 2.337061 5.08 -74.888859
    endloop
  endfacet
  facet normal -0.71467186 0.381118269 0.586509163
    outer loop
      vertex 2.337061 5.08 -74.888859
      vertex 2.606497 5.150711 -74.606495
      vertex 2.361414 5.150711 -74.905133
    endloop
  endfacet
  facet normal -0.815360202 0.381114757 0.435820242
    outer loop
      vertex 2.337061 5.08 -74.888859
      vertex 2.361414 5.150711 -74.905133
      vertex 2.152241 5.08 -75.234632
    endloop
  endfacet
  facet normal -0.815358206 0.381122334 0.435817349
    outer loop
      vertex 2.152241 5.08 -75.234632
      vertex 2.361414 5.150711 -74.905133
      vertex 2.179301 5.150711 -75.245843
    endloop
  endfacet
  facet normal -0.884716415 0.381117538 0.268377137
    outer loop
      vertex 2.152241 5.08 -75.234632
      vertex 2.179301 5.150711 -75.245843
      vertex 2.038429 5.08 -75.609818
    endloop
  endfacet
  facet normal -0.884714963 0.381121901 0.268375728
    outer loop
      vertex 2.038429 5.08 -75.609818
      vertex 2.179301 5.150711 -75.245843
      vertex 2.067156 5.150711 -75.615535
    endloop
  endfacet
  facet normal -0.920075582 0.381115763 0.090618417
    outer loop
      vertex 2.038429 5.08 -75.609818
      vertex 2.067156 5.150711 -75.615535
      vertex 2 5.08 -75.999999
    endloop
  endfacet
  facet normal -0.920080244 0.381103792 0.0906214329
    outer loop
      vertex 2 5.08 -75.999999
      vertex 2.067156 5.150711 -75.615535
      vertex 2.029289 5.150711 -75.999999
    endloop
  endfacet
  facet normal -0.920080476 0.381103889 -0.0906186668
    outer loop
      vertex 2 5.08 -75.999999
      vertex 2.029289 5.150711 -75.999999
      vertex 2.038429 5.08 -76.390181
    endloop
  endfacet
  facet normal -0.920077226 0.381111429 -0.0906199572
    outer loop
      vertex 2.038429 5.08 -76.390181
      vertex 2.029289 5.150711 -75.999999
      vertex 2.067156 5.150711 -76.384468
    endloop
  endfacet
  facet normal -0.884719636 0.381108869 -0.26837883
    outer loop
      vertex 2.038429 5.08 -76.390181
      vertex 2.067156 5.150711 -76.384468
      vertex 2.152241 5.08 -76.765366
    endloop
  endfacet
  facet normal -0.884723095 0.381101286 -0.268378195
    outer loop
      vertex 2.152241 5.08 -76.765366
      vertex 2.067156 5.150711 -76.384468
      vertex 2.179301 5.150711 -76.75416
    endloop
  endfacet
  facet normal -0.815367044 0.381095937 -0.435823899
    outer loop
      vertex 2.152241 5.08 -76.765366
      vertex 2.179301 5.150711 -76.75416
      vertex 2.337061 5.08 -77.111139
    endloop
  endfacet
  facet normal -0.815370557 0.38108836 -0.435823951
    outer loop
      vertex 2.337061 5.08 -77.111139
      vertex 2.179301 5.150711 -76.75416
      vertex 2.361414 5.150711 -77.09487
    endloop
  endfacet
  facet normal -0.714679369 0.381082609 -0.586523183
    outer loop
      vertex 2.337061 5.08 -77.111139
      vertex 2.361414 5.150711 -77.09487
      vertex 2.585787 5.08 -77.414212
    endloop
  endfacet
  facet normal -0.714676133 0.381089745 -0.58652249
    outer loop
      vertex 2.585787 5.08 -77.414212
      vertex 2.361414 5.150711 -77.09487
      vertex 2.606497 5.150711 -77.393503
    endloop
  endfacet
  facet normal -0.586524521 0.38108827 -0.714675253
    outer loop
      vertex 2.585787 5.08 -77.414212
      vertex 2.606497 5.150711 -77.393503
      vertex 2.88886 5.08 -77.66294
    endloop
  endfacet
  facet normal -0.586521586 0.381095164 -0.714673986
    outer loop
      vertex 2.88886 5.08 -77.66294
      vertex 2.606497 5.150711 -77.393503
      vertex 2.905132 5.150711 -77.638588
    endloop
  endfacet
  facet normal -0.435818744 0.381094148 -0.815370635
    outer loop
      vertex 2.88886 5.08 -77.66294
      vertex 2.905132 5.150711 -77.638588
      vertex 3.234633 5.08 -77.847757
    endloop
  endfacet
  facet normal -0.435830848 0.381062443 -0.815378984
    outer loop
      vertex 3.234633 5.08 -77.847757
      vertex 2.905132 5.150711 -77.638588
      vertex 3.245842 5.150711 -77.820702
    endloop
  endfacet
  facet normal -0.268384312 0.381057576 -0.884740066
    outer loop
      vertex 3.234633 5.08 -77.847757
      vertex 3.245842 5.150711 -77.820702
      vertex 3.609819 5.08 -77.961569
    endloop
  endfacet
  facet normal -0.268373516 0.381090994 -0.884728947
    outer loop
      vertex 3.609819 5.08 -77.961569
      vertex 3.245842 5.150711 -77.820702
      vertex 3.615533 5.150711 -77.932844
    endloop
  endfacet
  facet normal -0.0906287771 0.381090559 -0.920085002
    outer loop
      vertex 3.609819 5.08 -77.961569
      vertex 3.615533 5.150711 -77.932844
      vertex 4 5.08 -78.000002
    endloop
  endfacet
  facet normal -0.09061701 0.381137265 -0.920066814
    outer loop
      vertex 4 5.08 -78.000002
      vertex 3.615533 5.150711 -77.932844
      vertex 4 5.150711 -77.97071
    endloop
  endfacet
  facet normal 0.0906269037 0.38113692 -0.920065983
    outer loop
      vertex 4 5.08 -78.000002
      vertex 4 5.150711 -77.97071
      vertex 4.390181 5.08 -77.961569
    endloop
  endfacet
  facet normal 0.0906189111 0.381090214 -0.920086116
    outer loop
      vertex 4.390181 5.08 -77.961569
      vertex 4 5.150711 -77.97071
      vertex 4.384467 5.150711 -77.932844
    endloop
  endfacet
  facet normal 0.268380343 0.381090748 -0.884726983
    outer loop
      vertex 4.390181 5.08 -77.961569
      vertex 4.384467 5.150711 -77.932844
      vertex 4.765367 5.08 -77.847757
    endloop
  endfacet
  facet normal 0.268377544 0.381057329 -0.884742226
    outer loop
      vertex 4.765367 5.08 -77.847757
      vertex 4.384467 5.150711 -77.932844
      vertex 4.754158 5.150711 -77.820702
    endloop
  endfacet
  facet normal 0.435823871 0.381062715 -0.815382585
    outer loop
      vertex 4.765367 5.08 -77.847757
      vertex 4.754158 5.150711 -77.820702
      vertex 5.111141 5.08 -77.66294
    endloop
  endfacet
  facet normal 0.435823618 0.38109965 -0.815365458
    outer loop
      vertex 5.111141 5.08 -77.66294
      vertex 4.754158 5.150711 -77.820702
      vertex 5.094868 5.150711 -77.638588
    endloop
  endfacet
  facet normal 0.586520878 0.381102203 -0.714670813
    outer loop
      vertex 5.111141 5.08 -77.66294
      vertex 5.094868 5.150711 -77.638588
      vertex 5.414214 5.08 -77.414212
    endloop
  endfacet
  facet normal 0.586521548 0.381095309 -0.714673939
    outer loop
      vertex 5.414214 5.08 -77.414212
      vertex 5.094868 5.150711 -77.638588
      vertex 5.393503 5.150711 -77.393503
    endloop
  endfacet
  facet normal 0.714675536 0.381098268 -0.586517679
    outer loop
      vertex 5.414214 5.08 -77.414212
      vertex 5.393503 5.150711 -77.393503
      vertex 5.662939 5.08 -77.111139
    endloop
  endfacet
  facet normal 0.714678424 0.381082556 -0.58652437
    outer loop
      vertex 5.662939 5.08 -77.111139
      vertex 5.393503 5.150711 -77.393503
      vertex 5.638586 5.150711 -77.09487
    endloop
  endfacet
  facet normal 0.815369778 0.381088416 -0.43582536
    outer loop
      vertex 5.662939 5.08 -77.111139
      vertex 5.638586 5.150711 -77.09487
      vertex 5.847759 5.08 -76.765366
    endloop
  endfacet
  facet normal 0.815367782 0.381095993 -0.435822468
    outer loop
      vertex 5.847759 5.08 -76.765366
      vertex 5.638586 5.150711 -77.09487
      vertex 5.820699 5.150711 -76.75416
    endloop
  endfacet
  facet normal 0.884722605 0.381101341 -0.26837973
    outer loop
      vertex 5.847759 5.08 -76.765366
      vertex 5.820699 5.150711 -76.75416
      vertex 5.961571 5.08 -76.390181
    endloop
  endfacet
  facet normal 0.884720082 0.381108925 -0.26837728
    outer loop
      vertex 5.961571 5.08 -76.390181
      vertex 5.820699 5.150711 -76.75416
      vertex 5.932844 5.150711 -76.384468
    endloop
  endfacet
  facet normal 0.920077406 0.381111374 -0.0906183643
    outer loop
      vertex 5.961571 5.08 -76.390181
      vertex 5.932844 5.150711 -76.384468
      vertex 6 5.08 -75.999999
    endloop
  endfacet
  facet normal 0.920080342 0.381103833 -0.0906202641
    outer loop
      vertex 6 5.08 -75.999999
      vertex 5.932844 5.150711 -76.384468
      vertex 5.970711 5.150711 -75.999999
    endloop
  endfacet
  facet normal 0.920080457 0.381103881 0.0906188971
    outer loop
      vertex 6 5.08 -75.999999
      vertex 5.970711 5.150711 -75.999999
      vertex 5.961571 5.08 -75.609818
    endloop
  endfacet
  facet normal 0.920075297 0.381115852 0.0906209457
    outer loop
      vertex 5.961571 5.08 -75.609818
      vertex 5.970711 5.150711 -75.999999
      vertex 5.932844 5.150711 -75.615535
    endloop
  endfacet
  facet normal 0.884714706 0.381121869 0.268376619
    outer loop
      vertex 5.961571 5.08 -75.609818
      vertex 5.932844 5.150711 -75.615535
      vertex 5.847759 5.08 -75.234632
    endloop
  endfacet
  facet normal 0.884716696 0.381117506 0.268376254
    outer loop
      vertex 5.847759 5.08 -75.234632
      vertex 5.932844 5.150711 -75.615535
      vertex 5.820699 5.150711 -75.245843
    endloop
  endfacet
  facet normal 0.815357467 0.381122278 0.43581878
    outer loop
      vertex 5.847759 5.08 -75.234632
      vertex 5.820699 5.150711 -75.245843
      vertex 5.662939 5.08 -74.888859
    endloop
  endfacet
  facet normal 0.815360981 0.381114701 0.435818832
    outer loop
      vertex 5.662939 5.08 -74.888859
      vertex 5.820699 5.150711 -75.245843
      vertex 5.638586 5.150711 -74.905133
    endloop
  endfacet
  facet normal 0.71466921 0.381118121 0.586512488
    outer loop
      vertex 5.662939 5.08 -74.888859
      vertex 5.638586 5.150711 -74.905133
      vertex 5.414214 5.08 -74.585786
    endloop
  endfacet
  facet normal 0.71467828 0.381098121 0.586514432
    outer loop
      vertex 5.414214 5.08 -74.585786
      vertex 5.638586 5.150711 -74.905133
      vertex 5.393503 5.150711 -74.606495
    endloop
  endfacet
  facet normal 0.586515705 0.381095043 0.714678876
    outer loop
      vertex 5.414214 5.08 -74.585786
      vertex 5.393503 5.150711 -74.606495
      vertex 5.111141 5.08 -74.337063
    endloop
  endfacet
  facet normal 0.586512498 0.381102575 0.714677492
    outer loop
      vertex 5.111141 5.08 -74.337063
      vertex 5.393503 5.150711 -74.606495
      vertex 5.094868 5.150711 -74.361415
    endloop
  endfacet
  facet normal 0.435825848 0.381099739 0.815364225
    outer loop
      vertex 5.111141 5.08 -74.337063
      vertex 5.094868 5.150711 -74.361415
      vertex 4.765367 5.08 -74.152241
    endloop
  endfacet
  facet normal 0.435821272 0.381111725 0.815361069
    outer loop
      vertex 4.765367 5.08 -74.152241
      vertex 5.094868 5.150711 -74.361415
      vertex 4.754158 5.150711 -74.179301
    endloop
  endfacet
  facet normal 0.268377914 0.38111105 0.884718974
    outer loop
      vertex 4.765367 5.08 -74.152241
      vertex 4.754158 5.150711 -74.179301
      vertex 4.390181 5.08 -74.038429
    endloop
  endfacet
  facet normal 0.268384521 0.381090597 0.88472578
    outer loop
      vertex 4.390181 5.08 -74.038429
      vertex 4.754158 5.150711 -74.179301
      vertex 4.384467 5.150711 -74.067154
    endloop
  endfacet
  facet normal -0.0383181627 0.925507816 0.376785086
    outer loop
      vertex 3.617533 5.18 -74.138894
      vertex 3.615533 5.150711 -74.067154
      vertex 4 5.18 -74.099998
    endloop
  endfacet
  facet normal -0.03766355 0.923224208 0.382411453
    outer loop
      vertex 4 5.18 -74.099998
      vertex 3.615533 5.150711 -74.067154
      vertex 4 5.150711 -74.029288
    endloop
  endfacet
  facet normal 0.03766355 0.923224208 0.382411453
    outer loop
      vertex 4 5.18 -74.099998
      vertex 4 5.150711 -74.029288
      vertex 4.384467 5.150711 -74.067154
    endloop
  endfacet
  facet normal -0.113104901 0.920972923 0.372848705
    outer loop
      vertex 3.615533 5.150711 -74.067154
      vertex 3.617533 5.18 -74.138894
      vertex 3.245842 5.150711 -74.179301
    endloop
  endfacet
  facet normal -0.111847086 0.927580691 0.356488837
    outer loop
      vertex 3.245842 5.150711 -74.179301
      vertex 3.617533 5.18 -74.138894
      vertex 3.250724 5.18 -74.253979
    endloop
  endfacet
  facet normal -0.186105887 0.91876901 0.348178267
    outer loop
      vertex 3.245842 5.150711 -74.179301
      vertex 3.250724 5.18 -74.253979
      vertex 2.905132 5.150711 -74.361415
    endloop
  endfacet
  facet normal -0.179057532 0.929446629 0.322594737
    outer loop
      vertex 2.905132 5.150711 -74.361415
      vertex 3.250724 5.18 -74.253979
      vertex 2.914591 5.18 -74.440551
    endloop
  endfacet
  facet normal -0.253550664 0.916655787 0.308956677
    outer loop
      vertex 2.905132 5.150711 -74.361415
      vertex 2.914591 5.18 -74.440551
      vertex 2.606497 5.150711 -74.606495
    endloop
  endfacet
  facet normal -0.237575325 0.931112309 0.27674507
    outer loop
      vertex 2.606497 5.150711 -74.606495
      vertex 2.914591 5.18 -74.440551
      vertex 2.622894 5.18 -74.690962
    endloop
  endfacet
  facet normal -0.312525323 0.914628878 0.256479897
    outer loop
      vertex 2.606497 5.150711 -74.606495
      vertex 2.622894 5.18 -74.690962
      vertex 2.361414 5.150711 -74.905133
    endloop
  endfacet
  facet normal -0.285419636 0.932590695 0.220930366
    outer loop
      vertex 2.361414 5.150711 -74.905133
      vertex 2.622894 5.18 -74.690962
      vertex 2.387576 5.18 -74.994969
    endloop
  endfacet
  facet normal -0.36036859 0.912705724 0.192620719
    outer loop
      vertex 2.361414 5.150711 -74.905133
      vertex 2.387576 5.18 -74.994969
      vertex 2.179301 5.150711 -75.245843
    endloop
  endfacet
  facet normal -0.320990776 0.933901991 0.157454732
    outer loop
      vertex 2.179301 5.150711 -75.245843
      vertex 2.387576 5.18 -74.994969
      vertex 2.218271 5.18 -75.340118
    endloop
  endfacet
  facet normal -0.394852927 0.910903133 0.119777495
    outer loop
      vertex 2.179301 5.150711 -75.245843
      vertex 2.218271 5.18 -75.340118
      vertex 2.067156 5.150711 -75.615535
    endloop
  endfacet
  facet normal -0.343175883 0.935058909 0.0888546573
    outer loop
      vertex 2.067156 5.150711 -75.615535
      vertex 2.218271 5.18 -75.340118
      vertex 2.12191 5.18 -75.712285
    endloop
  endfacet
  facet normal -0.414271302 0.909238373 0.0408028096
    outer loop
      vertex 2.067156 5.150711 -75.615535
      vertex 2.12191 5.18 -75.712285
      vertex 2.029289 5.150711 -75.999999
    endloop
  endfacet
  facet normal -0.351358297 0.936071502 0.0178182451
    outer loop
      vertex 2.029289 5.150711 -75.999999
      vertex 2.12191 5.18 -75.712285
      vertex 2.102439 5.18 -76.096234
    endloop
  endfacet
  facet normal -0.417552525 0.907721646 -0.0411254521
    outer loop
      vertex 2.029289 5.150711 -75.999999
      vertex 2.102439 5.18 -76.096234
      vertex 2.067156 5.150711 -76.384468
    endloop
  endfacet
  facet normal -0.345452317 0.936942956 -0.0529206413
    outer loop
      vertex 2.067156 5.150711 -76.384468
      vertex 2.102439 5.18 -76.096234
      vertex 2.160653 5.18 -76.47624
    endloop
  endfacet
  facet normal -0.404311824 0.906360693 -0.122646824
    outer loop
      vertex 2.067156 5.150711 -76.384468
      vertex 2.160653 5.18 -76.47624
      vertex 2.179301 5.150711 -76.75416
    endloop
  endfacet
  facet normal -0.325854427 0.937685631 -0.120683678
    outer loop
      vertex 2.179301 5.150711 -76.75416
      vertex 2.160653 5.18 -76.47624
      vertex 2.294171 5.18 -76.836748
    endloop
  endfacet
  facet normal -0.374851135 0.905175 -0.200361788
    outer loop
      vertex 2.179301 5.150711 -76.75416
      vertex 2.294171 5.18 -76.836748
      vertex 2.361414 5.150711 -77.09487
    endloop
  endfacet
  facet normal -0.293466863 0.938305677 -0.18291981
    outer loop
      vertex 2.361414 5.150711 -77.09487
      vertex 2.294171 5.18 -76.836748
      vertex 2.497526 5.18 -77.163
    endloop
  endfacet
  facet normal -0.330207311 0.904170654 -0.270995498
    outer loop
      vertex 2.361414 5.150711 -77.09487
      vertex 2.497526 5.18 -77.163
      vertex 2.606497 5.150711 -77.393503
    endloop
  endfacet
  facet normal -0.249657112 0.938803775 -0.237315822
    outer loop
      vertex 2.606497 5.150711 -77.393503
      vertex 2.497526 5.18 -77.163
      vertex 2.762392 5.18 -77.44164
    endloop
  endfacet
  facet normal -0.27209185 0.903352337 -0.331542728
    outer loop
      vertex 2.606497 5.150711 -77.393503
      vertex 2.762392 5.18 -77.44164
      vertex 2.905132 5.150711 -77.638588
    endloop
  endfacet
  facet normal -0.196170932 0.939190452 -0.28184794
    outer loop
      vertex 2.905132 5.150711 -77.638588
      vertex 2.762392 5.18 -77.44164
      vertex 3.077926 5.18 -77.661257
    endloop
  endfacet
  facet normal -0.202789171 0.902739994 -0.379390374
    outer loop
      vertex 2.905132 5.150711 -77.638588
      vertex 3.077926 5.18 -77.661257
      vertex 3.245842 5.150711 -77.820702
    endloop
  endfacet
  facet normal -0.135122507 0.939465625 -0.31487497
    outer loop
      vertex 3.245842 5.150711 -77.820702
      vertex 3.077926 5.18 -77.661257
      vertex 3.43121 5.18 -77.812862
    endloop
  endfacet
  facet normal -0.125125639 0.90232636 -0.412493289
    outer loop
      vertex 3.245842 5.150711 -77.820702
      vertex 3.43121 5.18 -77.812862
      vertex 3.615533 5.150711 -77.932844
    endloop
  endfacet
  facet normal -0.0688899404 0.939623054 -0.335205448
    outer loop
      vertex 3.615533 5.150711 -77.932844
      vertex 3.43121 5.18 -77.812862
      vertex 3.80778 5.18 -77.890253
    endloop
  endfacet
  facet normal -0.042295762 0.902102522 -0.429443953
    outer loop
      vertex 3.615533 5.150711 -77.932844
      vertex 3.80778 5.18 -77.890253
      vertex 4 5.150711 -77.97071
    endloop
  endfacet
  facet normal 0 0.939673675 -0.342072191
    outer loop
      vertex 4 5.150711 -77.97071
      vertex 3.80778 5.18 -77.890253
      vertex 4.19222 5.18 -77.890253
    endloop
  endfacet
  facet normal 0.042295762 0.902102522 -0.429443953
    outer loop
      vertex 4 5.150711 -77.97071
      vertex 4.19222 5.18 -77.890253
      vertex 4.384467 5.150711 -77.932844
    endloop
  endfacet
  facet normal 0.0688899404 0.939623054 -0.335205448
    outer loop
      vertex 4.384467 5.150711 -77.932844
      vertex 4.19222 5.18 -77.890253
      vertex 4.56879 5.18 -77.812862
    endloop
  endfacet
  facet normal 0.125125639 0.90232636 -0.412493289
    outer loop
      vertex 4.384467 5.150711 -77.932844
      vertex 4.56879 5.18 -77.812862
      vertex 4.754158 5.150711 -77.820702
    endloop
  endfacet
  facet normal 0.135122507 0.939465625 -0.31487497
    outer loop
      vertex 4.754158 5.150711 -77.820702
      vertex 4.56879 5.18 -77.812862
      vertex 4.922074 5.18 -77.661257
    endloop
  endfacet
  facet normal 0.202789171 0.902739994 -0.379390374
    outer loop
      vertex 4.754158 5.150711 -77.820702
      vertex 4.922074 5.18 -77.661257
      vertex 5.094868 5.150711 -77.638588
    endloop
  endfacet
  facet normal 0.196170932 0.939190452 -0.28184794
    outer loop
      vertex 5.094868 5.150711 -77.638588
      vertex 4.922074 5.18 -77.661257
      vertex 5.237608 5.18 -77.44164
    endloop
  endfacet
  facet normal 0.27209185 0.903352337 -0.331542728
    outer loop
      vertex 5.094868 5.150711 -77.638588
      vertex 5.237608 5.18 -77.44164
      vertex 5.393503 5.150711 -77.393503
    endloop
  endfacet
  facet normal 0.249657112 0.938803775 -0.237315822
    outer loop
      vertex 5.393503 5.150711 -77.393503
      vertex 5.237608 5.18 -77.44164
      vertex 5.502474 5.18 -77.163
    endloop
  endfacet
  facet normal 0.330207311 0.904170654 -0.270995498
    outer loop
      vertex 5.393503 5.150711 -77.393503
      vertex 5.502474 5.18 -77.163
      vertex 5.638586 5.150711 -77.09487
    endloop
  endfacet
  facet normal 0.293466863 0.938305677 -0.18291981
    outer loop
      vertex 5.638586 5.150711 -77.09487
      vertex 5.502474 5.18 -77.163
      vertex 5.705829 5.18 -76.836748
    endloop
  endfacet
  facet normal 0.374851135 0.905175 -0.200361788
    outer loop
      vertex 5.638586 5.150711 -77.09487
      vertex 5.705829 5.18 -76.836748
      vertex 5.820699 5.150711 -76.75416
    endloop
  endfacet
  facet normal 0.325854427 0.937685631 -0.120683678
    outer loop
      vertex 5.820699 5.150711 -76.75416
      vertex 5.705829 5.18 -76.836748
      vertex 5.839347 5.18 -76.47624
    endloop
  endfacet
  facet normal 0.404311824 0.906360693 -0.122646824
    outer loop
      vertex 5.820699 5.150711 -76.75416
      vertex 5.839347 5.18 -76.47624
      vertex 5.932844 5.150711 -76.384468
    endloop
  endfacet
  facet normal 0.345452317 0.936942956 -0.0529206413
    outer loop
      vertex 5.932844 5.150711 -76.384468
      vertex 5.839347 5.18 -76.47624
      vertex 5.897561 5.18 -76.096234
    endloop
  endfacet
  facet normal 0.417552525 0.907721646 -0.0411254521
    outer loop
      vertex 5.932844 5.150711 -76.384468
      vertex 5.897561 5.18 -76.096234
      vertex 5.970711 5.150711 -75.999999
    endloop
  endfacet
  facet normal 0.351358297 0.936071502 0.0178182451
    outer loop
      vertex 5.970711 5.150711 -75.999999
      vertex 5.897561 5.18 -76.096234
      vertex 5.87809 5.18 -75.712285
    endloop
  endfacet
  facet normal 0.414271302 0.909238373 0.0408028096
    outer loop
      vertex 5.970711 5.150711 -75.999999
      vertex 5.87809 5.18 -75.712285
      vertex 5.932844 5.150711 -75.615535
    endloop
  endfacet
  facet normal 0.343175883 0.935058909 0.0888546573
    outer loop
      vertex 5.932844 5.150711 -75.615535
      vertex 5.87809 5.18 -75.712285
      vertex 5.781729 5.18 -75.340118
    endloop
  endfacet
  facet normal 0.394852927 0.910903133 0.119777495
    outer loop
      vertex 5.932844 5.150711 -75.615535
      vertex 5.781729 5.18 -75.340118
      vertex 5.820699 5.150711 -75.245843
    endloop
  endfacet
  facet normal 0.320990776 0.933901991 0.157454732
    outer loop
      vertex 5.820699 5.150711 -75.245843
      vertex 5.781729 5.18 -75.340118
      vertex 5.612424 5.18 -74.994969
    endloop
  endfacet
  facet normal 0.36036859 0.912705724 0.192620719
    outer loop
      vertex 5.820699 5.150711 -75.245843
      vertex 5.612424 5.18 -74.994969
      vertex 5.638586 5.150711 -74.905133
    endloop
  endfacet
  facet normal 0.285419636 0.932590695 0.220930366
    outer loop
      vertex 5.638586 5.150711 -74.905133
      vertex 5.612424 5.18 -74.994969
      vertex 5.377106 5.18 -74.690962
    endloop
  endfacet
  facet normal 0.312525323 0.914628878 0.256479897
    outer loop
      vertex 5.638586 5.150711 -74.905133
      vertex 5.377106 5.18 -74.690962
      vertex 5.393503 5.150711 -74.606495
    endloop
  endfacet
  facet normal 0.237575993 0.931112189 0.276744899
    outer loop
      vertex 5.393503 5.150711 -74.606495
      vertex 5.377106 5.18 -74.690962
      vertex 5.08541 5.18 -74.440551
    endloop
  endfacet
  facet normal 0.253552676 0.916654404 0.308959129
    outer loop
      vertex 5.393503 5.150711 -74.606495
      vertex 5.08541 5.18 -74.440551
      vertex 5.094868 5.150711 -74.361415
    endloop
  endfacet
  facet normal 0.179058062 0.929445862 0.322596653
    outer loop
      vertex 5.094868 5.150711 -74.361415
      vertex 5.08541 5.18 -74.440551
      vertex 4.749276 5.18 -74.253979
    endloop
  endfacet
  facet normal 0.186105887 0.91876901 0.348178267
    outer loop
      vertex 5.094868 5.150711 -74.361415
      vertex 4.749276 5.18 -74.253979
      vertex 4.754158 5.150711 -74.179301
    endloop
  endfacet
  facet normal 0.111847086 0.927580691 0.356488837
    outer loop
      vertex 4.754158 5.150711 -74.179301
      vertex 4.749276 5.18 -74.253979
      vertex 4.382467 5.18 -74.138894
    endloop
  endfacet
  facet normal 0.113104901 0.920972923 0.372848705
    outer loop
      vertex 4.754158 5.150711 -74.179301
      vertex 4.382467 5.18 -74.138894
      vertex 4.384467 5.150711 -74.067154
    endloop
  endfacet
  facet normal 0.0383181627 0.925507816 0.376785086
    outer loop
      vertex 4.384467 5.150711 -74.067154
      vertex 4.382467 5.18 -74.138894
      vertex 4 5.18 -74.099998
    endloop
  endfacet
  facet normal 0 0 -1
    outer loop
      vertex 6.5 0 -1.5
      vertex 1.5 0 -1.5
      vertex 6.5 1.83 -1.5
    endloop
  endfacet
  facet normal -0 0 -1
    outer loop
      vertex 6.5 1.83 -1.5
      vertex 1.5 0 -1.5
      vertex 1.5 1.83 -1.5
    endloop
  endfacet
  facet normal 0 -0.965932875 0.258792736
    outer loop
      vertex 0.025 0 -0.025
      vertex 7.975 0 -0.025
      vertex 0.025 0.003349 -0.0125
    endloop
  endfacet
  facet normal 0 -0.965932875 0.258792736
    outer loop
      vertex 0.025 0.003349 -0.0125
      vertex 7.975 0 -0.025
      vertex 7.975 0.003349 -0.0125
    endloop
  endfacet
  facet normal 0 -0.707106781 0.707106781
    outer loop
      vertex 0.025 0.003349 -0.0125
      vertex 7.975 0.003349 -0.0125
      vertex 0.025 0.0125 -0.003349
    endloop
  endfacet
  facet normal 0 -0.707106781 0.707106781
    outer loop
      vertex 0.025 0.0125 -0.003349
      vertex 7.975 0.003349 -0.0125
      vertex 7.975 0.0125 -0.003349
    endloop
  endfacet
  facet normal 0 -0.258792736 0.965932875
    outer loop
      vertex 0.025 0.0125 -0.003349
      vertex 7.975 0.0125 -0.003349
      vertex 0.025 0.025 0
    endloop
  endfacet
  facet normal 0 -0.258792736 0.965932875
    outer loop
      vertex 0.025 0.025 0
      vertex 7.975 0.0125 -0.003349
      vertex 7.975 0.025 0
    endloop
  endfacet
  facet normal 0 -0.258648529 -0.9659715
    outer loop
      vertex 0.025 0.025 -80
      vertex 7.975 0.025 -80
      vertex 0.025 0.0125 -79.996653
    endloop
  endfacet
  facet normal 0 -0.258648529 -0.9659715
    outer loop
      vertex 0.025 0.0125 -79.996653
      vertex 7.975 0.025 -80
      vertex 7.975 0.0125 -79.996653
    endloop
  endfacet
  facet normal 0 -0.707106781 -0.707106781
    outer loop
      vertex 0.025 0.0125 -79.996653
      vertex 7.975 0.0125 -79.996653
      vertex 0.025 0.003349 -79.987502
    endloop
  endfacet
  facet normal 0 -0.707106781 -0.707106781
    outer loop
      vertex 0.025 0.003349 -79.987502
      vertex 7.975 0.0125 -79.996653
      vertex 7.975 0.003349 -79.987502
    endloop
  endfacet
  facet normal 0 -0.965948396 -0.258734798
    outer loop
      vertex 0.025 0.003349 -79.987502
      vertex 7.975 0.003349 -79.987502
      vertex 0.025 0 -79.974999
    endloop
  endfacet
  facet normal 0 -0.965948396 -0.258734798
    outer loop
      vertex 0.025 0 -79.974999
      vertex 7.975 0.003349 -79.987502
      vertex 7.975 0 -79.974999
    endloop
  endfacet
endsolid Plate 1x10 Silver
